nohup: ignoring input
INFO:cache_service:✅ Redis connected: localhost:28741
INFO:root:✅ Cache service imported successfully
INFO:root:Outside market hours (IST: 08:22:09). Streamer will run but may not receive data.
INFO:root:Timezone info - IST: 2026-04-28 08:22:09 IST, UTC: 2026-04-28 02:52:09 UTC
INFO:root:All database timestamps will be stored in UTC
INFO:root:🔧 Initializing RealTimeStreamer...
INFO:root:📦 Setting up queues...
INFO:root:⏰ Initializing datetime tracking...
INFO:root:📊 Initializing OHLC tracking...
INFO:root:⚙️ Configuring update interval...
INFO:root:📊 Update interval configured: 60 seconds
INFO:root:📥 Loading instruments from database...
INFO:root:🔌 Getting database connection from pool...
INFO:root:📊 Querying instruments table...
INFO:root:📦 Fetching instrument data...
INFO:root:✅ Fetched 2998 instruments from database
INFO:root:🔍 Checking cache availability...
INFO:root:✅ Cache is available
INFO:root:💾 Populating instruments data...
INFO:root:✅ Loaded 2998 instruments into memory
INFO:root:📤 Writing 2998 instruments to cache in batch...
INFO:root:✅ Populated cache with 2998 instrument mappings
INFO:root:📋 Sample instruments:
INFO:root:  4331777: 20MICRONS (NSE)
INFO:root:  1025: 21STCENMGM (NSE)
INFO:root:  3343617: 360ONE (NSE)
INFO:root:  1595393: 3IINFOLTD (NSE)
INFO:root:  121345: 3MINDIA (NSE)
INFO:root:  664321: 3PLAND (NSE)
INFO:root:  113921: 5PAISA (NSE)
INFO:root:  3038209: 63MOONS (NSE)
INFO:root:  5351937: A2ZINFRA (NSE)
INFO:root:  3210753: AAATECH-BE (NSE)
INFO:root:🔒 Cleaning up database connection...
INFO:root:✅ Database connection cleanup complete
INFO:root:✅ Loaded 2998 instruments
INFO:root:🔐 Setting up Kite connection...
INFO:root:Successfully loaded access token from environment
INFO:root:✅ Kite connection setup complete
INFO:root:🚀 Starting worker threads...
INFO:root:⚙️ Processing worker running...
INFO:root:🔧 Processing worker thread started
INFO:root:🔧 Started 1 database worker threads
INFO:root:✅ RealTimeStreamer initialization complete
INFO:root:Starting real-time streaming...
INFO:root:🚀 Connected and subscribed to 2998 instruments
INFO:root:📡 Streaming started - waiting for market data...
INFO:root:📊 Sample tick data: {'tradable': True, 'mode': 'full', 'instrument_token': 2956545, 'last_price': 96.86, 'last_traded_quantity': 500, 'average_traded_price': 0.0, 'volume_traded': 0, 'total_buy_quantity': 0, 'total_sell_quantity': 0, 'ohlc': {'open': 98.0, 'high': 98.11, 'low': 95.52, 'close': 96.86}, 'change': 0.0, 'last_trade_time': datetime.datetime(2026, 4, 27, 10, 11, 40), 'oi': 0, 'oi_day_high': 0, 'oi_day_low': 0, 'exchange_timestamp': datetime.datetime(1970, 1, 1, 0, 0), 'depth': {'buy': [{'quantity': 0, 'price': 0.0, 'orders': 0}, {'quantity': 0, 'price': 0.0, 'orders': 0}, {'quantity': 0, 'price': 0.0, 'orders': 0}, {'quantity': 0, 'price': 0.0, 'orders': 0}, {'quantity': 0, 'price': 0.0, 'orders': 0}], 'sell': [{'quantity': 0, 'price': 0.0, 'orders': 0}, {'quantity': 0, 'price': 0.0, 'orders': 0}, {'quantity': 0, 'price': 0.0, 'orders': 0}, {'quantity': 0, 'price': 0.0, 'orders': 0}, {'quantity': 0, 'price': 0.0, 'orders': 0}]}}
INFO:root:📊 STATUS: 11,807 received | 0 processed | 11807 buffered | 2800 active | ProcQ: 0 | DBQ: 0 | 0 saved | Failed: 0 | Vol: checking...
INFO:root:📊 STATUS: 19,761 received | 0 processed | 19761 buffered | 2800 active | ProcQ: 0 | DBQ: 0 | 0 saved | Failed: 0 | Vol: checking...
INFO:root:⏰ Interval update (60s): 02:53:10 UTC
INFO:root:📤 Queued 19761 ticks from 2800 instruments | Processing queue: 1
ERROR:cache_service:Error setting OHLC batch: Object of type datetime is not JSON serializable
INFO:root:💾 Saved 500 records in 5.51s (91 rec/s) | 20 15min, 240 hourly, 240 daily | Queue: 0
ERROR:cache_service:Error setting OHLC batch: Object of type datetime is not JSON serializable
INFO:root:💾 Saved 500 records in 5.50s (91 rec/s) | 7 15min, 247 hourly, 246 daily | Queue: 0
ERROR:cache_service:Error setting OHLC batch: Object of type datetime is not JSON serializable
INFO:root:💾 Saved 500 records in 3.83s (130 rec/s) | 15 15min, 242 hourly, 243 daily | Queue: 0
ERROR:cache_service:Error setting OHLC batch: Object of type datetime is not JSON serializable
INFO:root:💾 Saved 500 records in 3.74s (134 rec/s) | 13 15min, 244 hourly, 243 daily | Queue: 0
ERROR:cache_service:Error setting OHLC batch: Object of type datetime is not JSON serializable
INFO:root:💾 Saved 500 records in 3.21s (156 rec/s) | 12 15min, 244 hourly, 244 daily | Queue: 0
ERROR:cache_service:Error setting OHLC batch: Object of type datetime is not JSON serializable
INFO:root:💾 Saved 500 records in 3.56s (141 rec/s) | 13 15min, 243 hourly, 244 daily | Queue: 0
ERROR:cache_service:Error setting OHLC batch: Object of type datetime is not JSON serializable
INFO:root:💾 Saved 500 records in 3.46s (144 rec/s) | 10 15min, 245 hourly, 245 daily | Queue: 0
INFO:root:📊 STATUS: 27,692 received | 19,761 processed | 7931 buffered | 132 active | ProcQ: 0 | DBQ: 0 | 3,500 saved | Failed: 0 | Vol: checking...
ERROR:cache_service:Error setting OHLC batch: Object of type datetime is not JSON serializable
INFO:root:💾 Saved 500 records in 3.21s (156 rec/s) | 10 15min, 245 hourly, 245 daily | Queue: 0
ERROR:cache_service:Error setting OHLC batch: Object of type datetime is not JSON serializable
INFO:root:💾 Saved 500 records in 3.17s (158 rec/s) | 11 15min, 245 hourly, 244 daily | Queue: 0
ERROR:cache_service:Error setting OHLC batch: Object of type datetime is not JSON serializable
INFO:root:💾 Saved 500 records in 2.61s (192 rec/s) | 10 15min, 245 hourly, 245 daily | Queue: 0
ERROR:cache_service:Error setting OHLC batch: Object of type datetime is not JSON serializable
INFO:root:💾 Saved 500 records in 2.62s (191 rec/s) | 11 15min, 244 hourly, 245 daily | Queue: 0
ERROR:cache_service:Error setting OHLC batch: Object of type datetime is not JSON serializable
INFO:root:💾 Saved 223 records in 1.15s (194 rec/s) | 5 15min, 109 hourly, 109 daily | Queue: 0
INFO:root:⏰ Interval update (60s): 02:54:10 UTC
INFO:root:📤 Queued 15605 ticks from 132 instruments | Processing queue: 1
INFO:root:📊 STATUS: 35,495 received | 35,366 processed | 129 buffered | 129 active | ProcQ: 0 | DBQ: 0 | 5,723 saved | Failed: 0 | Vol: checking...
ERROR:cache_service:Error setting OHLC batch: Object of type datetime is not JSON serializable
INFO:root:💾 Saved 396 records in 0.09s (4436 rec/s) | 132 15min, 132 hourly, 132 daily | Queue: 0
INFO:root:📊 STATUS: 43,261 received | 35,366 processed | 7895 buffered | 132 active | ProcQ: 0 | DBQ: 0 | 6,119 saved | Failed: 0 | Vol: checking...
INFO:root:⏰ Interval update (60s): 02:55:10 UTC
INFO:root:📤 Queued 18073 ticks from 345 instruments | Processing queue: 1
INFO:root:📊 STATUS: 53,568 received | 53,439 processed | 129 buffered | 129 active | ProcQ: 0 | DBQ: 0 | 6,119 saved | Failed: 0 | Vol: checking...
ERROR:cache_service:Error setting OHLC batch: Object of type datetime is not JSON serializable
INFO:root:💾 Saved 822 records in 0.27s (3050 rec/s) | 132 15min, 345 hourly, 345 daily | Queue: 0
INFO:root:📊 STATUS: 62,671 received | 53,439 processed | 9232 buffered | 345 active | ProcQ: 0 | DBQ: 0 | 6,941 saved | Failed: 0 | Vol: checking...
INFO:root:⏰ Interval update (60s): 02:56:10 UTC
INFO:root:📤 Queued 17042 ticks from 345 instruments | Processing queue: 1
INFO:root:📊 STATUS: 70,483 received | 70,481 processed | 2 buffered | 2 active | ProcQ: 0 | DBQ: 0 | 6,941 saved | Failed: 0 | Vol: checking...
ERROR:cache_service:Error setting OHLC batch: Object of type datetime is not JSON serializable
INFO:root:💾 Saved 822 records in 0.12s (6867 rec/s) | 132 15min, 345 hourly, 345 daily | Queue: 0
INFO:root:📊 STATUS: 78,285 received | 70,481 processed | 7804 buffered | 132 active | ProcQ: 0 | DBQ: 0 | 7,763 saved | Failed: 0 | Vol: checking...
INFO:root:📊 STATUS: 85,881 received | 70,481 processed | 15400 buffered | 132 active | ProcQ: 0 | DBQ: 0 | 7,763 saved | Failed: 0 | Vol: checking...
INFO:root:⏰ Interval update (60s): 02:57:10 UTC
INFO:root:📤 Queued 15400 ticks from 132 instruments | Processing queue: 1
ERROR:cache_service:Error setting OHLC batch: Object of type datetime is not JSON serializable
INFO:root:💾 Saved 396 records in 0.11s (3697 rec/s) | 132 15min, 132 hourly, 132 daily | Queue: 0
INFO:root:📊 STATUS: 93,720 received | 85,881 processed | 7839 buffered | 132 active | ProcQ: 0 | DBQ: 0 | 8,159 saved | Failed: 0 | Vol: checking...
INFO:root:⏰ Interval update (60s): 02:58:11 UTC
INFO:root:📤 Queued 18037 ticks from 345 instruments | Processing queue: 1
ERROR:cache_service:Error setting OHLC batch: Object of type datetime is not JSON serializable
INFO:root:💾 Saved 822 records in 0.08s (10396 rec/s) | 132 15min, 345 hourly, 345 daily | Queue: 0
INFO:root:📊 STATUS: 104,176 received | 103,918 processed | 258 buffered | 129 active | ProcQ: 0 | DBQ: 0 | 8,981 saved | Failed: 0 | Vol: checking...
INFO:root:📊 STATUS: 113,212 received | 103,918 processed | 9294 buffered | 345 active | ProcQ: 0 | DBQ: 0 | 8,981 saved | Failed: 0 | Vol: checking...
INFO:root:⏰ Interval update (60s): 02:59:11 UTC
INFO:root:📤 Queued 16835 ticks from 345 instruments | Processing queue: 1
ERROR:cache_service:Error setting OHLC batch: Object of type datetime is not JSON serializable
INFO:root:💾 Saved 822 records in 0.05s (15192 rec/s) | 132 15min, 345 hourly, 345 daily | Queue: 0
INFO:root:📊 STATUS: 121,013 received | 120,753 processed | 260 buffered | 131 active | ProcQ: 0 | DBQ: 0 | 9,803 saved | Failed: 0 | Vol: checking...
INFO:root:📊 STATUS: 128,930 received | 120,753 processed | 8177 buffered | 132 active | ProcQ: 0 | DBQ: 0 | 9,803 saved | Failed: 0 | Vol: checking...
INFO:root:🕐 New hour detected (UTC): 2026-04-28 03:00:00+00:00
INFO:root:📤 Queued 12732 ticks from 132 instruments | Processing queue: 1
ERROR:cache_service:Error setting OHLC batch: Object of type datetime is not JSON serializable
INFO:root:💾 Saved 396 records in 0.11s (3626 rec/s) | 132 15min, 132 hourly, 132 daily | Queue: 0
INFO:root:⏰ Interval update (60s): 03:00:11 UTC
INFO:root:📤 Queued 2860 ticks from 132 instruments | Processing queue: 1
ERROR:cache_service:Error setting OHLC batch: Object of type datetime is not JSON serializable
INFO:root:💾 Saved 396 records in 0.06s (6949 rec/s) | 132 15min, 132 hourly, 132 daily | Queue: 0
INFO:root:📊 STATUS: 136,735 received | 136,345 processed | 390 buffered | 132 active | ProcQ: 0 | DBQ: 0 | 10,595 saved | Failed: 0 | Vol: checking...
INFO:root:📊 STATUS: 144,636 received | 136,345 processed | 8291 buffered | 132 active | ProcQ: 0 | DBQ: 0 | 10,595 saved | Failed: 0 | Vol: checking...
INFO:root:⏰ Interval update (60s): 03:01:11 UTC
INFO:root:📤 Queued 18123 ticks from 345 instruments | Processing queue: 1
ERROR:cache_service:Error setting OHLC batch: Object of type datetime is not JSON serializable
INFO:root:💾 Saved 822 records in 0.13s (6225 rec/s) | 132 15min, 345 hourly, 345 daily | Queue: 0
INFO:root:📊 STATUS: 155,072 received | 154,468 processed | 604 buffered | 345 active | ProcQ: 0 | DBQ: 0 | 11,417 saved | Failed: 0 | Vol: checking...
INFO:root:📊 STATUS: 163,969 received | 154,468 processed | 9501 buffered | 345 active | ProcQ: 0 | DBQ: 0 | 11,417 saved | Failed: 0 | Vol: checking...
INFO:root:⏰ Interval update (60s): 03:02:11 UTC
INFO:root:📤 Queued 16826 ticks from 345 instruments | Processing queue: 1
ERROR:cache_service:Error setting OHLC batch: Object of type datetime is not JSON serializable
INFO:root:💾 Saved 822 records in 0.20s (4011 rec/s) | 132 15min, 345 hourly, 345 daily | Queue: 0
INFO:root:📊 STATUS: 171,817 received | 171,294 processed | 523 buffered | 132 active | ProcQ: 0 | DBQ: 0 | 12,239 saved | Failed: 0 | Vol: checking...
INFO:root:📊 STATUS: 179,617 received | 171,294 processed | 8323 buffered | 132 active | ProcQ: 0 | DBQ: 0 | 12,239 saved | Failed: 0 | Vol: checking...
INFO:root:⏰ Interval update (60s): 03:03:11 UTC
INFO:root:📤 Queued 15611 ticks from 132 instruments | Processing queue: 1
ERROR:cache_service:Error setting OHLC batch: Object of type datetime is not JSON serializable
INFO:root:💾 Saved 396 records in 0.03s (12156 rec/s) | 132 15min, 132 hourly, 132 daily | Queue: 0
INFO:root:📊 STATUS: 187,427 received | 186,905 processed | 522 buffered | 132 active | ProcQ: 0 | DBQ: 0 | 12,635 saved | Failed: 0 | Vol: checking...
INFO:root:📊 STATUS: 195,317 received | 186,905 processed | 8412 buffered | 132 active | ProcQ: 0 | DBQ: 0 | 12,635 saved | Failed: 0 | Vol: checking...
INFO:root:⏰ Interval update (60s): 03:04:11 UTC
INFO:root:📤 Queued 17761 ticks from 345 instruments | Processing queue: 1
ERROR:cache_service:Error setting OHLC batch: Object of type datetime is not JSON serializable
INFO:root:💾 Saved 822 records in 0.09s (9471 rec/s) | 132 15min, 345 hourly, 345 daily | Queue: 0
INFO:root:📊 STATUS: 205,613 received | 204,666 processed | 947 buffered | 345 active | ProcQ: 0 | DBQ: 0 | 13,457 saved | Failed: 0 | Vol: checking...
INFO:root:📊 STATUS: 214,497 received | 204,666 processed | 9831 buffered | 345 active | ProcQ: 0 | DBQ: 0 | 13,457 saved | Failed: 0 | Vol: checking...
INFO:root:⏰ Interval update (60s): 03:05:11 UTC
INFO:root:📤 Queued 17128 ticks from 345 instruments | Processing queue: 1
ERROR:cache_service:Error setting OHLC batch: Object of type datetime is not JSON serializable
INFO:root:💾 Saved 822 records in 0.06s (13275 rec/s) | 132 15min, 345 hourly, 345 daily | Queue: 0
INFO:root:📊 STATUS: 222,448 received | 221,794 processed | 654 buffered | 132 active | ProcQ: 0 | DBQ: 0 | 14,279 saved | Failed: 0 | Vol: checking...
INFO:root:📊 STATUS: 230,256 received | 221,794 processed | 8462 buffered | 132 active | ProcQ: 0 | DBQ: 0 | 14,279 saved | Failed: 0 | Vol: checking...
INFO:root:⏰ Interval update (60s): 03:06:12 UTC
INFO:root:📤 Queued 15744 ticks from 132 instruments | Processing queue: 1
ERROR:cache_service:Error setting OHLC batch: Object of type datetime is not JSON serializable
INFO:root:💾 Saved 396 records in 0.05s (8752 rec/s) | 132 15min, 132 hourly, 132 daily | Queue: 0
INFO:root:📊 STATUS: 238,117 received | 237,538 processed | 579 buffered | 132 active | ProcQ: 0 | DBQ: 0 | 14,675 saved | Failed: 0 | Vol: checking...
INFO:root:📊 STATUS: 245,920 received | 237,538 processed | 8382 buffered | 132 active | ProcQ: 0 | DBQ: 0 | 14,675 saved | Failed: 0 | Vol: checking...
INFO:root:⏰ Interval update (60s): 03:07:12 UTC
INFO:root:📤 Queued 17985 ticks from 345 instruments | Processing queue: 1
ERROR:cache_service:Error setting OHLC batch: Object of type datetime is not JSON serializable
INFO:root:💾 Saved 822 records in 0.12s (6841 rec/s) | 132 15min, 345 hourly, 345 daily | Queue: 0
INFO:root:📊 STATUS: 256,466 received | 255,523 processed | 943 buffered | 345 active | ProcQ: 0 | DBQ: 0 | 15,497 saved | Failed: 0 | Vol: checking...
INFO:root:📊 STATUS: 265,402 received | 255,523 processed | 9879 buffered | 345 active | ProcQ: 0 | DBQ: 0 | 15,497 saved | Failed: 0 | Vol: checking...
INFO:root:⏰ Interval update (60s): 03:08:12 UTC
INFO:root:📤 Queued 17102 ticks from 345 instruments | Processing queue: 1
ERROR:cache_service:Error setting OHLC batch: Object of type datetime is not JSON serializable
INFO:root:💾 Saved 822 records in 0.05s (17608 rec/s) | 132 15min, 345 hourly, 345 daily | Queue: 0
INFO:root:📊 STATUS: 273,351 received | 272,625 processed | 726 buffered | 132 active | ProcQ: 0 | DBQ: 0 | 16,319 saved | Failed: 0 | Vol: checking...
INFO:root:📊 STATUS: 281,202 received | 272,625 processed | 8577 buffered | 132 active | ProcQ: 0 | DBQ: 0 | 16,319 saved | Failed: 0 | Vol: checking...
INFO:root:⏰ Interval update (60s): 03:09:12 UTC
INFO:root:📤 Queued 15659 ticks from 132 instruments | Processing queue: 1
ERROR:cache_service:Error setting OHLC batch: Object of type datetime is not JSON serializable
INFO:root:💾 Saved 396 records in 0.03s (11957 rec/s) | 132 15min, 132 hourly, 132 daily | Queue: 0
INFO:root:📊 STATUS: 289,064 received | 288,284 processed | 780 buffered | 131 active | ProcQ: 0 | DBQ: 0 | 16,715 saved | Failed: 0 | Vol: checking...
INFO:root:📊 STATUS: 296,872 received | 288,284 processed | 8588 buffered | 132 active | ProcQ: 0 | DBQ: 0 | 16,715 saved | Failed: 0 | Vol: checking...
INFO:root:⏰ Interval update (60s): 03:10:13 UTC
INFO:root:📤 Queued 18017 ticks from 345 instruments | Processing queue: 1
ERROR:cache_service:Error setting OHLC batch: Object of type datetime is not JSON serializable
INFO:root:💾 Saved 822 records in 0.05s (17240 rec/s) | 132 15min, 345 hourly, 345 daily | Queue: 0
INFO:root:📊 STATUS: 307,381 received | 306,301 processed | 1080 buffered | 345 active | ProcQ: 0 | DBQ: 0 | 17,537 saved | Failed: 0 | Vol: checking...
INFO:root:📊 STATUS: 316,346 received | 306,301 processed | 10045 buffered | 345 active | ProcQ: 0 | DBQ: 0 | 17,537 saved | Failed: 0 | Vol: checking...
INFO:root:⏰ Interval update (60s): 03:11:13 UTC
INFO:root:📤 Queued 17068 ticks from 345 instruments | Processing queue: 1
ERROR:cache_service:Error setting OHLC batch: Object of type datetime is not JSON serializable
INFO:root:💾 Saved 822 records in 0.06s (14222 rec/s) | 132 15min, 345 hourly, 345 daily | Queue: 0
INFO:root:📊 STATUS: 324,210 received | 323,369 processed | 841 buffered | 132 active | ProcQ: 0 | DBQ: 0 | 18,359 saved | Failed: 0 | Vol: checking...
INFO:root:📊 STATUS: 332,060 received | 323,369 processed | 8691 buffered | 132 active | ProcQ: 0 | DBQ: 0 | 18,359 saved | Failed: 0 | Vol: checking...
INFO:root:⏰ Interval update (60s): 03:12:13 UTC
INFO:root:📤 Queued 15644 ticks from 132 instruments | Processing queue: 1
ERROR:cache_service:Error setting OHLC batch: Object of type datetime is not JSON serializable
INFO:root:💾 Saved 396 records in 0.07s (5373 rec/s) | 132 15min, 132 hourly, 132 daily | Queue: 0
INFO:root:📊 STATUS: 339,853 received | 339,013 processed | 840 buffered | 131 active | ProcQ: 0 | DBQ: 0 | 18,755 saved | Failed: 0 | Vol: checking...
INFO:root:📊 STATUS: 347,650 received | 339,013 processed | 8637 buffered | 132 active | ProcQ: 0 | DBQ: 0 | 18,755 saved | Failed: 0 | Vol: checking...
INFO:root:⏰ Interval update (60s): 03:13:13 UTC
INFO:root:📤 Queued 17603 ticks from 345 instruments | Processing queue: 1
ERROR:cache_service:Error setting OHLC batch: Object of type datetime is not JSON serializable
INFO:root:💾 Saved 822 records in 0.05s (16923 rec/s) | 132 15min, 345 hourly, 345 daily | Queue: 0
INFO:root:📊 STATUS: 358,224 received | 356,616 processed | 1608 buffered | 345 active | ProcQ: 0 | DBQ: 0 | 19,577 saved | Failed: 0 | Vol: checking...
INFO:root:📊 STATUS: 366,919 received | 356,616 processed | 10303 buffered | 345 active | ProcQ: 0 | DBQ: 0 | 19,577 saved | Failed: 0 | Vol: checking...
INFO:root:⏰ Interval update (60s): 03:14:13 UTC
INFO:root:📤 Queued 17102 ticks from 345 instruments | Processing queue: 1
ERROR:cache_service:Error setting OHLC batch: Object of type datetime is not JSON serializable
INFO:root:💾 Saved 822 records in 0.04s (19555 rec/s) | 132 15min, 345 hourly, 345 daily | Queue: 0
INFO:root:📊 STATUS: 374,689 received | 373,718 processed | 971 buffered | 132 active | ProcQ: 0 | DBQ: 0 | 20,399 saved | Failed: 0 | Vol: checking...
INFO:root:📊 STATUS: 382,483 received | 373,718 processed | 8765 buffered | 132 active | ProcQ: 0 | DBQ: 0 | 20,399 saved | Failed: 0 | Vol: checking...
INFO:root:⏰ Interval update (60s): 03:15:13 UTC
INFO:root:📤 Queued 15603 ticks from 132 instruments | Processing queue: 1
ERROR:cache_service:Error setting OHLC batch: Object of type datetime is not JSON serializable
INFO:root:💾 Saved 396 records in 0.06s (6926 rec/s) | 132 15min, 132 hourly, 132 daily | Queue: 0
INFO:root:📊 STATUS: 390,275 received | 389,321 processed | 954 buffered | 131 active | ProcQ: 0 | DBQ: 0 | 20,795 saved | Failed: 0 | Vol: checking...
INFO:root:📊 STATUS: 398,135 received | 389,321 processed | 8814 buffered | 132 active | ProcQ: 0 | DBQ: 0 | 20,795 saved | Failed: 0 | Vol: checking...
INFO:root:⏰ Interval update (60s): 03:16:13 UTC
INFO:root:📤 Queued 17580 ticks from 345 instruments | Processing queue: 1
ERROR:cache_service:Error setting OHLC batch: Object of type datetime is not JSON serializable
INFO:root:💾 Saved 822 records in 0.05s (14960 rec/s) | 132 15min, 345 hourly, 345 daily | Queue: 0
INFO:root:📊 STATUS: 408,793 received | 406,901 processed | 1892 buffered | 344 active | ProcQ: 0 | DBQ: 0 | 21,617 saved | Failed: 0 | Vol: checking...
INFO:root:📊 STATUS: 417,418 received | 406,901 processed | 10517 buffered | 345 active | ProcQ: 0 | DBQ: 0 | 21,617 saved | Failed: 0 | Vol: checking...
INFO:root:⏰ Interval update (60s): 03:17:14 UTC
INFO:root:📤 Queued 17408 ticks from 345 instruments | Processing queue: 1
ERROR:cache_service:Error setting OHLC batch: Object of type datetime is not JSON serializable
INFO:root:💾 Saved 822 records in 0.08s (9692 rec/s) | 132 15min, 345 hourly, 345 daily | Queue: 0
INFO:root:📊 STATUS: 425,351 received | 424,309 processed | 1042 buffered | 132 active | ProcQ: 0 | DBQ: 0 | 22,439 saved | Failed: 0 | Vol: checking...
INFO:root:📊 STATUS: 433,208 received | 424,309 processed | 8899 buffered | 132 active | ProcQ: 0 | DBQ: 0 | 22,439 saved | Failed: 0 | Vol: checking...
INFO:root:⏰ Interval update (60s): 03:18:14 UTC
INFO:root:📤 Queued 15666 ticks from 132 instruments | Processing queue: 1
ERROR:cache_service:Error setting OHLC batch: Object of type datetime is not JSON serializable
INFO:root:💾 Saved 396 records in 0.03s (13649 rec/s) | 132 15min, 132 hourly, 132 daily | Queue: 0
INFO:root:📊 STATUS: 441,018 received | 439,975 processed | 1043 buffered | 132 active | ProcQ: 0 | DBQ: 0 | 22,835 saved | Failed: 0 | Vol: checking...
INFO:root:📊 STATUS: 448,820 received | 439,975 processed | 8845 buffered | 132 active | ProcQ: 0 | DBQ: 0 | 22,835 saved | Failed: 0 | Vol: checking...
INFO:root:⏰ Interval update (60s): 03:19:14 UTC
INFO:root:📤 Queued 17713 ticks from 345 instruments | Processing queue: 1
ERROR:cache_service:Error setting OHLC batch: Object of type datetime is not JSON serializable
INFO:root:💾 Saved 822 records in 0.05s (15100 rec/s) | 132 15min, 345 hourly, 345 daily | Queue: 0
INFO:root:📊 STATUS: 459,568 received | 457,688 processed | 1880 buffered | 344 active | ProcQ: 0 | DBQ: 0 | 23,657 saved | Failed: 0 | Vol: checking...
INFO:root:📊 STATUS: 468,216 received | 457,688 processed | 10528 buffered | 345 active | ProcQ: 0 | DBQ: 0 | 23,657 saved | Failed: 0 | Vol: checking...
INFO:root:⏰ Interval update (60s): 03:20:14 UTC
INFO:root:📤 Queued 17287 ticks from 345 instruments | Processing queue: 1
ERROR:cache_service:Error setting OHLC batch: Object of type datetime is not JSON serializable
INFO:root:💾 Saved 822 records in 0.05s (16745 rec/s) | 132 15min, 345 hourly, 345 daily | Queue: 0
INFO:root:📊 STATUS: 476,018 received | 474,975 processed | 1043 buffered | 132 active | ProcQ: 0 | DBQ: 0 | 24,479 saved | Failed: 0 | Vol: checking...
INFO:root:📊 STATUS: 483,909 received | 474,975 processed | 8934 buffered | 132 active | ProcQ: 0 | DBQ: 0 | 24,479 saved | Failed: 0 | Vol: checking...
INFO:root:⏰ Interval update (60s): 03:21:15 UTC
INFO:root:📤 Queued 15553 ticks from 132 instruments | Processing queue: 1
ERROR:cache_service:Error setting OHLC batch: Object of type datetime is not JSON serializable
INFO:root:💾 Saved 396 records in 0.06s (6964 rec/s) | 132 15min, 132 hourly, 132 daily | Queue: 0
INFO:root:📊 STATUS: 491,699 received | 490,528 processed | 1171 buffered | 132 active | ProcQ: 0 | DBQ: 0 | 24,875 saved | Failed: 0 | Vol: checking...
INFO:root:📊 STATUS: 499,552 received | 490,528 processed | 9024 buffered | 132 active | ProcQ: 0 | DBQ: 0 | 24,875 saved | Failed: 0 | Vol: checking...
INFO:root:⏰ Interval update (60s): 03:22:15 UTC
INFO:root:📤 Queued 17526 ticks from 345 instruments | Processing queue: 1
ERROR:cache_service:Error setting OHLC batch: Object of type datetime is not JSON serializable
INFO:root:💾 Saved 822 records in 0.04s (18485 rec/s) | 132 15min, 345 hourly, 345 daily | Queue: 0
INFO:root:📊 STATUS: 510,134 received | 508,054 processed | 2080 buffered | 345 active | ProcQ: 0 | DBQ: 0 | 25,697 saved | Failed: 0 | Vol: checking...
INFO:root:📊 STATUS: 518,983 received | 508,054 processed | 10929 buffered | 345 active | ProcQ: 0 | DBQ: 0 | 25,697 saved | Failed: 0 | Vol: checking...
INFO:root:⏰ Interval update (60s): 03:23:15 UTC
INFO:root:📤 Queued 17546 ticks from 345 instruments | Processing queue: 1
ERROR:cache_service:Error setting OHLC batch: Object of type datetime is not JSON serializable
INFO:root:💾 Saved 822 records in 0.04s (21374 rec/s) | 132 15min, 345 hourly, 345 daily | Queue: 0
INFO:root:📊 STATUS: 526,904 received | 525,600 processed | 1304 buffered | 132 active | ProcQ: 0 | DBQ: 0 | 26,519 saved | Failed: 0 | Vol: checking...
INFO:root:📊 STATUS: 534,689 received | 525,600 processed | 9089 buffered | 132 active | ProcQ: 0 | DBQ: 0 | 26,519 saved | Failed: 0 | Vol: checking...
INFO:root:⏰ Interval update (60s): 03:24:15 UTC
INFO:root:📤 Queued 15652 ticks from 132 instruments | Processing queue: 1
ERROR:cache_service:Error setting OHLC batch: Object of type datetime is not JSON serializable
INFO:root:💾 Saved 396 records in 0.02s (16642 rec/s) | 132 15min, 132 hourly, 132 daily | Queue: 0
INFO:root:📊 STATUS: 542,491 received | 541,252 processed | 1239 buffered | 132 active | ProcQ: 0 | DBQ: 0 | 26,915 saved | Failed: 0 | Vol: checking...
INFO:root:📊 STATUS: 550,349 received | 541,252 processed | 9097 buffered | 132 active | ProcQ: 0 | DBQ: 0 | 26,915 saved | Failed: 0 | Vol: checking...
INFO:root:⏰ Interval update (60s): 03:25:15 UTC
INFO:root:📤 Queued 17268 ticks from 345 instruments | Processing queue: 1
ERROR:cache_service:Error setting OHLC batch: Object of type datetime is not JSON serializable
INFO:root:💾 Saved 822 records in 0.04s (20860 rec/s) | 132 15min, 345 hourly, 345 daily | Queue: 0
INFO:root:📊 STATUS: 561,050 received | 558,520 processed | 2530 buffered | 344 active | ProcQ: 0 | DBQ: 0 | 27,737 saved | Failed: 0 | Vol: checking...
INFO:root:📊 STATUS: 569,651 received | 558,520 processed | 11131 buffered | 345 active | ProcQ: 0 | DBQ: 0 | 27,737 saved | Failed: 0 | Vol: checking...
INFO:root:⏰ Interval update (60s): 03:26:15 UTC
INFO:root:📤 Queued 17646 ticks from 345 instruments | Processing queue: 1
ERROR:cache_service:Error setting OHLC batch: Object of type datetime is not JSON serializable
INFO:root:💾 Saved 822 records in 0.06s (12935 rec/s) | 132 15min, 345 hourly, 345 daily | Queue: 0
INFO:root:📊 STATUS: 577,599 received | 576,166 processed | 1433 buffered | 132 active | ProcQ: 0 | DBQ: 0 | 28,559 saved | Failed: 0 | Vol: checking...
INFO:root:📊 STATUS: 585,384 received | 576,166 processed | 9218 buffered | 132 active | ProcQ: 0 | DBQ: 0 | 28,559 saved | Failed: 0 | Vol: checking...
INFO:root:⏰ Interval update (60s): 03:27:15 UTC
INFO:root:📤 Queued 15554 ticks from 132 instruments | Processing queue: 1
ERROR:cache_service:Error setting OHLC batch: Object of type datetime is not JSON serializable
INFO:root:💾 Saved 396 records in 0.03s (15268 rec/s) | 132 15min, 132 hourly, 132 daily | Queue: 0
INFO:root:📊 STATUS: 593,204 received | 591,720 processed | 1484 buffered | 132 active | ProcQ: 0 | DBQ: 0 | 28,955 saved | Failed: 0 | Vol: checking...
INFO:root:📊 STATUS: 600,995 received | 591,720 processed | 9275 buffered | 132 active | ProcQ: 0 | DBQ: 0 | 28,955 saved | Failed: 0 | Vol: checking...
INFO:root:⏰ Interval update (60s): 03:28:15 UTC
INFO:root:📤 Queued 16865 ticks from 345 instruments | Processing queue: 1
ERROR:cache_service:Error setting OHLC batch: Object of type datetime is not JSON serializable
INFO:root:💾 Saved 822 records in 0.03s (23544 rec/s) | 132 15min, 345 hourly, 345 daily | Queue: 0
INFO:root:📊 STATUS: 611,339 received | 608,585 processed | 2754 buffered | 345 active | ProcQ: 0 | DBQ: 0 | 29,777 saved | Failed: 0 | Vol: checking...
INFO:root:📊 STATUS: 620,204 received | 608,585 processed | 11619 buffered | 345 active | ProcQ: 0 | DBQ: 0 | 29,777 saved | Failed: 0 | Vol: checking...
INFO:root:⏰ Interval update (60s): 03:29:16 UTC
INFO:root:📤 Queued 17940 ticks from 345 instruments | Processing queue: 1
ERROR:cache_service:Error setting OHLC batch: Object of type datetime is not JSON serializable
INFO:root:💾 Saved 822 records in 0.03s (24508 rec/s) | 132 15min, 345 hourly, 345 daily | Queue: 0
INFO:root:📊 STATUS: 628,014 received | 626,525 processed | 1489 buffered | 132 active | ProcQ: 0 | DBQ: 0 | 30,599 saved | Failed: 0 | Vol: checking...
INFO:root:📊 STATUS: 635,886 received | 626,525 processed | 9361 buffered | 132 active | ProcQ: 0 | DBQ: 0 | 30,599 saved | Failed: 0 | Vol: checking...
INFO:root:⏰ Interval update (60s): 03:30:16 UTC
INFO:root:📤 Queued 19986 ticks from 2151 instruments | Processing queue: 1
ERROR:cache_service:Error setting OHLC batch: Object of type datetime is not JSON serializable
INFO:root:💾 Saved 500 records in 0.19s (2608 rec/s) | 22 15min, 239 hourly, 239 daily | Queue: 0
ERROR:cache_service:Error setting OHLC batch: Object of type datetime is not JSON serializable
INFO:root:💾 Saved 500 records in 0.24s (2076 rec/s) | 17 15min, 242 hourly, 241 daily | Queue: 0
ERROR:cache_service:Error setting OHLC batch: Object of type datetime is not JSON serializable
INFO:root:💾 Saved 500 records in 0.22s (2266 rec/s) | 17 15min, 241 hourly, 242 daily | Queue: 0
ERROR:cache_service:Error setting OHLC batch: Object of type datetime is not JSON serializable
INFO:root:💾 Saved 500 records in 0.23s (2138 rec/s) | 15 15min, 243 hourly, 242 daily | Queue: 0
ERROR:cache_service:Error setting OHLC batch: Object of type datetime is not JSON serializable
INFO:root:💾 Saved 500 records in 0.17s (3028 rec/s) | 18 15min, 241 hourly, 241 daily | Queue: 0
ERROR:cache_service:Error setting OHLC batch: Object of type datetime is not JSON serializable
INFO:root:💾 Saved 500 records in 0.19s (2615 rec/s) | 12 15min, 244 hourly, 244 daily | Queue: 0
ERROR:cache_service:Error setting OHLC batch: Object of type datetime is not JSON serializable
INFO:root:💾 Saved 500 records in 0.21s (2362 rec/s) | 11 15min, 244 hourly, 245 daily | Queue: 0
ERROR:cache_service:Error setting OHLC batch: Object of type datetime is not JSON serializable
INFO:root:💾 Saved 500 records in 0.21s (2397 rec/s) | 12 15min, 244 hourly, 244 daily | Queue: 0
ERROR:cache_service:Error setting OHLC batch: Object of type datetime is not JSON serializable
INFO:root:💾 Saved 434 records in 0.18s (2404 rec/s) | 8 15min, 213 hourly, 213 daily | Queue: 0
INFO:root:📊 STATUS: 649,933 received | 646,511 processed | 3422 buffered | 1438 active | ProcQ: 0 | DBQ: 0 | 35,033 saved | Failed: 0 | Vol: DPWIRES:1
INFO:root:📊 STATUS: 667,419 received | 646,511 processed | 20908 buffered | 2154 active | ProcQ: 0 | DBQ: 0 | 35,033 saved | Failed: 0 | Vol: DPWIRES:1
INFO:root:⏰ Interval update (60s): 03:31:16 UTC
INFO:root:📤 Queued 36392 ticks from 2159 instruments | Processing queue: 1
ERROR:cache_service:Error setting OHLC batch: Object of type datetime is not JSON serializable
INFO:root:💾 Saved 500 records in 0.18s (2818 rec/s) | 21 15min, 240 hourly, 239 daily | Queue: 0
ERROR:cache_service:Error setting OHLC batch: Object of type datetime is not JSON serializable
INFO:root:💾 Saved 500 records in 0.18s (2760 rec/s) | 18 15min, 241 hourly, 241 daily | Queue: 0
ERROR:cache_service:Error setting OHLC batch: Object of type datetime is not JSON serializable
INFO:root:💾 Saved 500 records in 0.17s (2935 rec/s) | 17 15min, 241 hourly, 242 daily | Queue: 0
ERROR:cache_service:Error setting OHLC batch: Object of type datetime is not JSON serializable
INFO:root:💾 Saved 500 records in 0.17s (3017 rec/s) | 15 15min, 243 hourly, 242 daily | Queue: 0
ERROR:cache_service:Error setting OHLC batch: Object of type datetime is not JSON serializable
INFO:root:💾 Saved 500 records in 0.17s (2938 rec/s) | 18 15min, 241 hourly, 241 daily | Queue: 0
ERROR:cache_service:Error setting OHLC batch: Object of type datetime is not JSON serializable
INFO:root:💾 Saved 500 records in 0.15s (3428 rec/s) | 12 15min, 244 hourly, 244 daily | Queue: 0
ERROR:cache_service:Error setting OHLC batch: Object of type datetime is not JSON serializable
INFO:root:💾 Saved 500 records in 0.16s (3221 rec/s) | 11 15min, 244 hourly, 245 daily | Queue: 0
ERROR:cache_service:Error setting OHLC batch: Object of type datetime is not JSON serializable
INFO:root:💾 Saved 500 records in 0.21s (2352 rec/s) | 12 15min, 244 hourly, 244 daily | Queue: 0
ERROR:cache_service:Error setting OHLC batch: Object of type datetime is not JSON serializable
INFO:root:💾 Saved 450 records in 0.16s (2763 rec/s) | 8 15min, 221 hourly, 221 daily | Queue: 0
INFO:root:📊 STATUS: 687,690 received | 682,903 processed | 4787 buffered | 1568 active | ProcQ: 0 | DBQ: 0 | 39,483 saved | Failed: 0 | Vol: DPWIRES:1
INFO:root:📊 STATUS: 706,338 received | 682,903 processed | 23435 buffered | 2049 active | ProcQ: 0 | DBQ: 0 | 39,483 saved | Failed: 0 | Vol: DPWIRES:1
INFO:root:⏰ Interval update (60s): 03:32:16 UTC
INFO:root:📤 Queued 37474 ticks from 2110 instruments | Processing queue: 1
ERROR:cache_service:Error setting OHLC batch: Object of type datetime is not JSON serializable
INFO:root:💾 Saved 500 records in 0.06s (8022 rec/s) | 22 15min, 239 hourly, 239 daily | Queue: 0
ERROR:cache_service:Error setting OHLC batch: Object of type datetime is not JSON serializable
INFO:root:💾 Saved 500 records in 0.06s (8433 rec/s) | 17 15min, 242 hourly, 241 daily | Queue: 0
ERROR:cache_service:Error setting OHLC batch: Object of type datetime is not JSON serializable
INFO:root:💾 Saved 500 records in 0.04s (11365 rec/s) | 17 15min, 241 hourly, 242 daily | Queue: 0
ERROR:cache_service:Error setting OHLC batch: Object of type datetime is not JSON serializable
INFO:root:💾 Saved 500 records in 0.08s (6032 rec/s) | 15 15min, 243 hourly, 242 daily | Queue: 0
ERROR:cache_service:Error setting OHLC batch: Object of type datetime is not JSON serializable
INFO:root:💾 Saved 500 records in 0.06s (8819 rec/s) | 18 15min, 241 hourly, 241 daily | Queue: 0
ERROR:cache_service:Error setting OHLC batch: Object of type datetime is not JSON serializable
INFO:root:💾 Saved 500 records in 0.06s (8270 rec/s) | 15 15min, 242 hourly, 243 daily | Queue: 0
ERROR:cache_service:Error setting OHLC batch: Object of type datetime is not JSON serializable
INFO:root:💾 Saved 500 records in 0.05s (9265 rec/s) | 11 15min, 245 hourly, 244 daily | Queue: 0
ERROR:cache_service:Error setting OHLC batch: Object of type datetime is not JSON serializable
INFO:root:💾 Saved 500 records in 0.05s (10450 rec/s) | 9 15min, 245 hourly, 246 daily | Queue: 0
ERROR:cache_service:Error setting OHLC batch: Object of type datetime is not JSON serializable
INFO:root:💾 Saved 352 records in 0.03s (10688 rec/s) | 8 15min, 172 hourly, 172 daily | Queue: 0
INFO:root:📊 STATUS: 724,083 received | 720,377 processed | 3706 buffered | 1511 active | ProcQ: 0 | DBQ: 0 | 43,835 saved | Failed: 0 | Vol: DPWIRES:1
INFO:root:📊 STATUS: 741,888 received | 720,377 processed | 21511 buffered | 2039 active | ProcQ: 0 | DBQ: 0 | 43,835 saved | Failed: 0 | Vol: DPWIRES:1
INFO:root:⏰ Interval update (60s): 03:33:16 UTC
INFO:root:📤 Queued 35642 ticks from 2104 instruments | Processing queue: 1
ERROR:cache_service:Error setting OHLC batch: Object of type datetime is not JSON serializable
INFO:root:💾 Saved 500 records in 0.07s (7668 rec/s) | 21 15min, 240 hourly, 239 daily | Queue: 0
ERROR:cache_service:Error setting OHLC batch: Object of type datetime is not JSON serializable
INFO:root:💾 Saved 500 records in 0.06s (8138 rec/s) | 18 15min, 241 hourly, 241 daily | Queue: 0
ERROR:cache_service:Error setting OHLC batch: Object of type datetime is not JSON serializable
INFO:root:💾 Saved 500 records in 0.07s (7576 rec/s) | 17 15min, 241 hourly, 242 daily | Queue: 0
ERROR:cache_service:Error setting OHLC batch: Object of type datetime is not JSON serializable
INFO:root:💾 Saved 500 records in 0.04s (11938 rec/s) | 15 15min, 243 hourly, 242 daily | Queue: 0
ERROR:cache_service:Error setting OHLC batch: Object of type datetime is not JSON serializable
INFO:root:💾 Saved 500 records in 0.05s (9203 rec/s) | 18 15min, 241 hourly, 241 daily | Queue: 0
ERROR:cache_service:Error setting OHLC batch: Object of type datetime is not JSON serializable
INFO:root:💾 Saved 500 records in 0.07s (7609 rec/s) | 15 15min, 242 hourly, 243 daily | Queue: 0
ERROR:cache_service:Error setting OHLC batch: Object of type datetime is not JSON serializable
INFO:root:💾 Saved 500 records in 0.04s (11619 rec/s) | 11 15min, 245 hourly, 244 daily | Queue: 0
ERROR:cache_service:Error setting OHLC batch: Object of type datetime is not JSON serializable
INFO:root:💾 Saved 500 records in 0.05s (10995 rec/s) | 9 15min, 245 hourly, 246 daily | Queue: 0
ERROR:cache_service:Error setting OHLC batch: Object of type datetime is not JSON serializable
INFO:root:💾 Saved 340 records in 0.05s (6461 rec/s) | 8 15min, 166 hourly, 166 daily | Queue: 0
INFO:root:📊 STATUS: 759,645 received | 756,019 processed | 3626 buffered | 1279 active | ProcQ: 0 | DBQ: 0 | 48,175 saved | Failed: 0 | Vol: DPWIRES:1
INFO:root:📊 STATUS: 777,588 received | 756,019 processed | 21569 buffered | 1918 active | ProcQ: 0 | DBQ: 0 | 48,175 saved | Failed: 0 | Vol: DPWIRES:1
INFO:root:⏰ Interval update (60s): 03:34:16 UTC
INFO:root:📤 Queued 36599 ticks from 2031 instruments | Processing queue: 1
ERROR:cache_service:Error setting OHLC batch: Object of type datetime is not JSON serializable
INFO:root:💾 Saved 500 records in 0.04s (13084 rec/s) | 24 15min, 238 hourly, 238 daily | Queue: 0
ERROR:cache_service:Error setting OHLC batch: Object of type datetime is not JSON serializable
INFO:root:💾 Saved 500 records in 0.05s (10486 rec/s) | 15 15min, 243 hourly, 242 daily | Queue: 0
ERROR:cache_service:Error setting OHLC batch: Object of type datetime is not JSON serializable
INFO:root:💾 Saved 500 records in 0.03s (14572 rec/s) | 17 15min, 241 hourly, 242 daily | Queue: 0
ERROR:cache_service:Error setting OHLC batch: Object of type datetime is not JSON serializable
INFO:root:💾 Saved 500 records in 0.04s (11931 rec/s) | 20 15min, 240 hourly, 240 daily | Queue: 0
ERROR:cache_service:Error setting OHLC batch: Object of type datetime is not JSON serializable
INFO:root:💾 Saved 500 records in 0.04s (12901 rec/s) | 18 15min, 241 hourly, 241 daily | Queue: 0
ERROR:cache_service:Error setting OHLC batch: Object of type datetime is not JSON serializable
INFO:root:💾 Saved 500 records in 0.05s (10501 rec/s) | 10 15min, 245 hourly, 245 daily | Queue: 0
ERROR:cache_service:Error setting OHLC batch: Object of type datetime is not JSON serializable
INFO:root:💾 Saved 500 records in 0.05s (10272 rec/s) | 14 15min, 243 hourly, 243 daily | Queue: 0
ERROR:cache_service:Error setting OHLC batch: Object of type datetime is not JSON serializable
INFO:root:💾 Saved 500 records in 0.05s (9552 rec/s) | 10 15min, 245 hourly, 245 daily | Queue: 0
ERROR:cache_service:Error setting OHLC batch: Object of type datetime is not JSON serializable
INFO:root:💾 Saved 194 records in 0.02s (8706 rec/s) | 4 15min, 95 hourly, 95 daily | Queue: 0
INFO:root:📊 STATUS: 797,617 received | 792,618 processed | 4999 buffered | 1266 active | ProcQ: 0 | DBQ: 0 | 52,369 saved | Failed: 0 | Vol: DPWIRES:1
INFO:root:📊 STATUS: 816,290 received | 792,618 processed | 23672 buffered | 1875 active | ProcQ: 0 | DBQ: 0 | 52,369 saved | Failed: 0 | Vol: DPWIRES:1
INFO:root:⏰ Interval update (60s): 03:35:16 UTC
INFO:root:📤 Queued 37849 ticks from 2002 instruments | Processing queue: 1
ERROR:cache_service:Error setting OHLC batch: Object of type datetime is not JSON serializable
INFO:root:💾 Saved 500 records in 0.05s (10048 rec/s) | 24 15min, 238 hourly, 238 daily | Queue: 0
ERROR:cache_service:Error setting OHLC batch: Object of type datetime is not JSON serializable
INFO:root:💾 Saved 500 records in 0.05s (9939 rec/s) | 15 15min, 243 hourly, 242 daily | Queue: 0
ERROR:cache_service:Error setting OHLC batch: Object of type datetime is not JSON serializable
INFO:root:💾 Saved 500 records in 0.04s (12735 rec/s) | 21 15min, 239 hourly, 240 daily | Queue: 0
ERROR:cache_service:Error setting OHLC batch: Object of type datetime is not JSON serializable
INFO:root:💾 Saved 500 records in 0.04s (12377 rec/s) | 16 15min, 242 hourly, 242 daily | Queue: 0
ERROR:cache_service:Error setting OHLC batch: Object of type datetime is not JSON serializable
INFO:root:💾 Saved 500 records in 0.04s (13696 rec/s) | 18 15min, 241 hourly, 241 daily | Queue: 0
ERROR:cache_service:Error setting OHLC batch: Object of type datetime is not JSON serializable
INFO:root:💾 Saved 500 records in 0.04s (11207 rec/s) | 10 15min, 245 hourly, 245 daily | Queue: 0
ERROR:cache_service:Error setting OHLC batch: Object of type datetime is not JSON serializable
INFO:root:💾 Saved 500 records in 0.04s (12039 rec/s) | 14 15min, 243 hourly, 243 daily | Queue: 0
ERROR:cache_service:Error setting OHLC batch: Object of type datetime is not JSON serializable
INFO:root:💾 Saved 500 records in 0.05s (9941 rec/s) | 10 15min, 245 hourly, 245 daily | Queue: 0
ERROR:cache_service:Error setting OHLC batch: Object of type datetime is not JSON serializable
INFO:root:💾 Saved 136 records in 0.02s (7513 rec/s) | 4 15min, 66 hourly, 66 daily | Queue: 0
INFO:root:📊 STATUS: 834,431 received | 830,467 processed | 3964 buffered | 1166 active | ProcQ: 0 | DBQ: 0 | 56,505 saved | Failed: 0 | Vol: DPWIRES:16
INFO:root:📊 STATUS: 852,338 received | 830,467 processed | 21871 buffered | 1833 active | ProcQ: 0 | DBQ: 0 | 56,505 saved | Failed: 0 | Vol: DPWIRES:16
INFO:root:⏰ Interval update (60s): 03:36:16 UTC
INFO:root:📤 Queued 35648 ticks from 1956 instruments | Processing queue: 1
ERROR:cache_service:Error setting OHLC batch: Object of type datetime is not JSON serializable
INFO:root:💾 Saved 500 records in 0.05s (10478 rec/s) | 24 15min, 238 hourly, 238 daily | Queue: 0
ERROR:cache_service:Error setting OHLC batch: Object of type datetime is not JSON serializable
INFO:root:💾 Saved 500 records in 0.07s (6943 rec/s) | 15 15min, 243 hourly, 242 daily | Queue: 0
ERROR:cache_service:Error setting OHLC batch: Object of type datetime is not JSON serializable
INFO:root:💾 Saved 500 records in 0.05s (10643 rec/s) | 22 15min, 239 hourly, 239 daily | Queue: 0
ERROR:cache_service:Error setting OHLC batch: Object of type datetime is not JSON serializable
INFO:root:💾 Saved 500 records in 0.05s (9091 rec/s) | 15 15min, 242 hourly, 243 daily | Queue: 0
ERROR:cache_service:Error setting OHLC batch: Object of type datetime is not JSON serializable
INFO:root:💾 Saved 500 records in 0.04s (11996 rec/s) | 22 15min, 239 hourly, 239 daily | Queue: 0
ERROR:cache_service:Error setting OHLC batch: Object of type datetime is not JSON serializable
INFO:root:💾 Saved 500 records in 0.04s (12045 rec/s) | 9 15min, 246 hourly, 245 daily | Queue: 0
ERROR:cache_service:Error setting OHLC batch: Object of type datetime is not JSON serializable
INFO:root:💾 Saved 500 records in 0.03s (14677 rec/s) | 11 15min, 244 hourly, 245 daily | Queue: 0
ERROR:cache_service:Error setting OHLC batch: Object of type datetime is not JSON serializable
INFO:root:💾 Saved 500 records in 0.04s (13826 rec/s) | 14 15min, 243 hourly, 243 daily | Queue: 0
ERROR:cache_service:Error setting OHLC batch: Object of type datetime is not JSON serializable
INFO:root:💾 Saved 44 records in 0.01s (4086 rec/s) | 0 15min, 22 hourly, 22 daily | Queue: 0
INFO:root:📊 STATUS: 870,194 received | 866,115 processed | 4079 buffered | 1239 active | ProcQ: 0 | DBQ: 0 | 60,549 saved | Failed: 0 | Vol: DPWIRES:26
INFO:root:📊 STATUS: 888,039 received | 866,115 processed | 21924 buffered | 1816 active | ProcQ: 0 | DBQ: 0 | 60,549 saved | Failed: 0 | Vol: DPWIRES:26
INFO:root:⏰ Interval update (60s): 03:37:16 UTC
INFO:root:📤 Queued 36379 ticks from 1955 instruments | Processing queue: 1
ERROR:cache_service:Error setting OHLC batch: Object of type datetime is not JSON serializable
INFO:root:💾 Saved 500 records in 0.03s (14485 rec/s) | 22 15min, 239 hourly, 239 daily | Queue: 0
ERROR:cache_service:Error setting OHLC batch: Object of type datetime is not JSON serializable
INFO:root:💾 Saved 500 records in 0.05s (11039 rec/s) | 17 15min, 242 hourly, 241 daily | Queue: 0
ERROR:cache_service:Error setting OHLC batch: Object of type datetime is not JSON serializable
INFO:root:💾 Saved 500 records in 0.04s (11335 rec/s) | 17 15min, 241 hourly, 242 daily | Queue: 0
ERROR:cache_service:Error setting OHLC batch: Object of type datetime is not JSON serializable
INFO:root:💾 Saved 500 records in 0.03s (14307 rec/s) | 20 15min, 240 hourly, 240 daily | Queue: 0
ERROR:cache_service:Error setting OHLC batch: Object of type datetime is not JSON serializable
INFO:root:💾 Saved 500 records in 0.03s (15177 rec/s) | 22 15min, 239 hourly, 239 daily | Queue: 0
ERROR:cache_service:Error setting OHLC batch: Object of type datetime is not JSON serializable
INFO:root:💾 Saved 500 records in 0.04s (12341 rec/s) | 9 15min, 246 hourly, 245 daily | Queue: 0
ERROR:cache_service:Error setting OHLC batch: Object of type datetime is not JSON serializable
INFO:root:💾 Saved 500 records in 0.06s (8860 rec/s) | 11 15min, 244 hourly, 245 daily | Queue: 0
ERROR:cache_service:Error setting OHLC batch: Object of type datetime is not JSON serializable
INFO:root:💾 Saved 500 records in 0.04s (12339 rec/s) | 14 15min, 243 hourly, 243 daily | Queue: 0
ERROR:cache_service:Error setting OHLC batch: Object of type datetime is not JSON serializable
INFO:root:💾 Saved 42 records in 0.01s (4286 rec/s) | 0 15min, 21 hourly, 21 daily | Queue: 0
INFO:root:📊 STATUS: 908,018 received | 902,494 processed | 5524 buffered | 1219 active | ProcQ: 0 | DBQ: 0 | 64,591 saved | Failed: 0 | Vol: DPWIRES:31
INFO:root:📊 STATUS: 926,797 received | 902,494 processed | 24303 buffered | 1728 active | ProcQ: 0 | DBQ: 0 | 64,591 saved | Failed: 0 | Vol: DPWIRES:31
INFO:root:⏰ Interval update (60s): 03:38:17 UTC
INFO:root:📤 Queued 33590 ticks from 2168 instruments | Processing queue: 1
ERROR:cache_service:Error setting OHLC batch: Object of type datetime is not JSON serializable
INFO:root:💾 Saved 500 records in 0.06s (8979 rec/s) | 21 15min, 240 hourly, 239 daily | Queue: 0
ERROR:cache_service:Error setting OHLC batch: Object of type datetime is not JSON serializable
INFO:root:💾 Saved 500 records in 0.05s (10304 rec/s) | 18 15min, 241 hourly, 241 daily | Queue: 0
ERROR:cache_service:Error setting OHLC batch: Object of type datetime is not JSON serializable
INFO:root:💾 Saved 500 records in 0.05s (9769 rec/s) | 17 15min, 241 hourly, 242 daily | Queue: 0
ERROR:cache_service:Error setting OHLC batch: Object of type datetime is not JSON serializable
INFO:root:💾 Saved 500 records in 0.09s (5471 rec/s) | 15 15min, 243 hourly, 242 daily | Queue: 0
ERROR:cache_service:Error setting OHLC batch: Object of type datetime is not JSON serializable
INFO:root:💾 Saved 500 records in 0.06s (8559 rec/s) | 18 15min, 241 hourly, 241 daily | Queue: 0
ERROR:cache_service:Error setting OHLC batch: Object of type datetime is not JSON serializable
INFO:root:💾 Saved 500 records in 0.08s (6238 rec/s) | 12 15min, 244 hourly, 244 daily | Queue: 0
ERROR:cache_service:Error setting OHLC batch: Object of type datetime is not JSON serializable
INFO:root:💾 Saved 500 records in 0.04s (11949 rec/s) | 11 15min, 244 hourly, 245 daily | Queue: 0
ERROR:cache_service:Error setting OHLC batch: Object of type datetime is not JSON serializable
INFO:root:💾 Saved 500 records in 0.05s (10861 rec/s) | 9 15min, 246 hourly, 245 daily | Queue: 0
ERROR:cache_service:Error setting OHLC batch: Object of type datetime is not JSON serializable
INFO:root:💾 Saved 468 records in 0.05s (8946 rec/s) | 11 15min, 228 hourly, 229 daily | Queue: 0
INFO:root:📊 STATUS: 938,028 received | 936,084 processed | 1944 buffered | 132 active | ProcQ: 0 | DBQ: 0 | 69,059 saved | Failed: 0 | Vol: TEXINFRA:2, DPWIRES:31
INFO:root:📊 STATUS: 945,873 received | 936,084 processed | 9789 buffered | 132 active | ProcQ: 0 | DBQ: 0 | 69,059 saved | Failed: 0 | Vol: TEXINFRA:2, DPWIRES:31
INFO:root:⏰ Interval update (60s): 03:39:17 UTC
INFO:root:📤 Queued 15575 ticks from 132 instruments | Processing queue: 1
ERROR:cache_service:Error setting OHLC batch: Object of type datetime is not JSON serializable
INFO:root:💾 Saved 396 records in 0.02s (18897 rec/s) | 132 15min, 132 hourly, 132 daily | Queue: 0
INFO:root:📊 STATUS: 953,739 received | 951,659 processed | 2080 buffered | 132 active | ProcQ: 0 | DBQ: 0 | 69,455 saved | Failed: 0 | Vol: TEXINFRA:2, DPWIRES:31
INFO:root:📊 STATUS: 962,085 received | 951,659 processed | 10426 buffered | 673 active | ProcQ: 0 | DBQ: 0 | 69,455 saved | Failed: 0 | Vol: TEXINFRA:2, DPWIRES:31
INFO:root:⏰ Interval update (60s): 03:40:17 UTC
INFO:root:📤 Queued 17542 ticks from 1121 instruments | Processing queue: 1
ERROR:cache_service:Error setting OHLC batch: Object of type datetime is not JSON serializable
INFO:root:💾 Saved 500 records in 0.02s (24559 rec/s) | 29 15min, 236 hourly, 235 daily | Queue: 0
ERROR:cache_service:Error setting OHLC batch: Object of type datetime is not JSON serializable
INFO:root:💾 Saved 500 records in 0.02s (22736 rec/s) | 26 15min, 237 hourly, 237 daily | Queue: 0
ERROR:cache_service:Error setting OHLC batch: Object of type datetime is not JSON serializable
INFO:root:💾 Saved 500 records in 0.02s (24638 rec/s) | 29 15min, 235 hourly, 236 daily | Queue: 0
ERROR:cache_service:Error setting OHLC batch: Object of type datetime is not JSON serializable
INFO:root:💾 Saved 500 records in 0.02s (20618 rec/s) | 25 15min, 238 hourly, 237 daily | Queue: 0
ERROR:cache_service:Error setting OHLC batch: Object of type datetime is not JSON serializable
INFO:root:💾 Saved 374 records in 0.02s (20921 rec/s) | 23 15min, 175 hourly, 176 daily | Queue: 0
INFO:root:📊 STATUS: 973,281 received | 969,201 processed | 4080 buffered | 460 active | ProcQ: 0 | DBQ: 0 | 71,829 saved | Failed: 0 | Vol: TEXINFRA:2, DPWIRES:31
INFO:root:📊 STATUS: 982,346 received | 969,201 processed | 13145 buffered | 885 active | ProcQ: 0 | DBQ: 0 | 71,829 saved | Failed: 0 | Vol: TEXINFRA:2, DPWIRES:31
INFO:root:⏰ Interval update (60s): 03:41:17 UTC
INFO:root:📤 Queued 19197 ticks from 1209 instruments | Processing queue: 1
ERROR:cache_service:Error setting OHLC batch: Object of type datetime is not JSON serializable
INFO:root:💾 Saved 500 records in 0.03s (17671 rec/s) | 27 15min, 237 hourly, 236 daily | Queue: 0
ERROR:cache_service:Error setting OHLC batch: Object of type datetime is not JSON serializable
INFO:root:💾 Saved 500 records in 0.03s (18033 rec/s) | 27 15min, 236 hourly, 237 daily | Queue: 0
ERROR:cache_service:Error setting OHLC batch: Object of type datetime is not JSON serializable
INFO:root:💾 Saved 500 records in 0.03s (19010 rec/s) | 22 15min, 239 hourly, 239 daily | Queue: 0
ERROR:cache_service:Error setting OHLC batch: Object of type datetime is not JSON serializable
INFO:root:💾 Saved 500 records in 0.03s (15888 rec/s) | 33 15min, 234 hourly, 233 daily | Queue: 0
ERROR:cache_service:Error setting OHLC batch: Object of type datetime is not JSON serializable
INFO:root:💾 Saved 500 records in 0.02s (21447 rec/s) | 21 15min, 239 hourly, 240 daily | Queue: 0
ERROR:cache_service:Error setting OHLC batch: Object of type datetime is not JSON serializable
INFO:root:💾 Saved 50 records in 0.01s (6324 rec/s) | 2 15min, 24 hourly, 24 daily | Queue: 0
INFO:root:📊 STATUS: 990,623 received | 988,398 processed | 2225 buffered | 219 active | ProcQ: 0 | DBQ: 0 | 74,379 saved | Failed: 0 | Vol: TEXINFRA:2, DPWIRES:31
INFO:root:📊 STATUS: 998,484 received | 988,398 processed | 10086 buffered | 315 active | ProcQ: 0 | DBQ: 0 | 74,379 saved | Failed: 0 | Vol: TEXINFRA:2, DPWIRES:31
INFO:root:⏰ Interval update (60s): 03:42:17 UTC
INFO:root:📤 Queued 15800 ticks from 315 instruments | Processing queue: 1
ERROR:cache_service:Error setting OHLC batch: Object of type datetime is not JSON serializable
INFO:root:💾 Saved 762 records in 0.04s (19748 rec/s) | 132 15min, 315 hourly, 315 daily | Queue: 0
INFO:root:📊 STATUS: 1,006,269 received | 1,004,198 processed | 2071 buffered | 132 active | ProcQ: 0 | DBQ: 0 | 75,141 saved | Failed: 0 | Vol: TEXINFRA:2, DPWIRES:31
INFO:root:📊 STATUS: 1,014,089 received | 1,004,198 processed | 9891 buffered | 132 active | ProcQ: 0 | DBQ: 0 | 75,141 saved | Failed: 0 | Vol: TEXINFRA:2, DPWIRES:31
INFO:root:⏰ Interval update (60s): 03:43:17 UTC
INFO:root:📤 Queued 16679 ticks from 345 instruments | Processing queue: 1
ERROR:cache_service:Error setting OHLC batch: Object of type datetime is not JSON serializable
INFO:root:💾 Saved 822 records in 0.03s (25169 rec/s) | 132 15min, 345 hourly, 345 daily | Queue: 0
INFO:root:📊 STATUS: 1,024,782 received | 1,020,877 processed | 3905 buffered | 345 active | ProcQ: 0 | DBQ: 0 | 75,963 saved | Failed: 0 | Vol: TEXINFRA:2, DPWIRES:31
INFO:root:📊 STATUS: 1,033,429 received | 1,020,877 processed | 12552 buffered | 345 active | ProcQ: 0 | DBQ: 0 | 75,963 saved | Failed: 0 | Vol: TEXINFRA:2, DPWIRES:31
INFO:root:⏰ Interval update (60s): 03:44:18 UTC
INFO:root:📤 Queued 18271 ticks from 345 instruments | Processing queue: 1
ERROR:cache_service:Error setting OHLC batch: Object of type datetime is not JSON serializable
INFO:root:💾 Saved 822 records in 0.03s (25817 rec/s) | 132 15min, 345 hourly, 345 daily | Queue: 0
INFO:root:📊 STATUS: 1,041,213 received | 1,039,148 processed | 2065 buffered | 132 active | ProcQ: 0 | DBQ: 0 | 76,785 saved | Failed: 0 | Vol: TEXINFRA:2, DPWIRES:31
INFO:root:📊 STATUS: 1,049,094 received | 1,039,148 processed | 9946 buffered | 132 active | ProcQ: 0 | DBQ: 0 | 76,785 saved | Failed: 0 | Vol: TEXINFRA:2, DPWIRES:31
INFO:root:⏰ Interval update (60s): 03:45:18 UTC
INFO:root:📤 Queued 23516 ticks from 2594 instruments | Processing queue: 1
ERROR:cache_service:Error setting OHLC batch: Object of type datetime is not JSON serializable
INFO:root:💾 Saved 500 records in 0.11s (4692 rec/s) | 21 15min, 240 hourly, 239 daily | Queue: 0
ERROR:cache_service:Error setting OHLC batch: Object of type datetime is not JSON serializable
INFO:root:💾 Saved 500 records in 0.13s (3778 rec/s) | 13 15min, 243 hourly, 244 daily | Queue: 0
ERROR:cache_service:Error setting OHLC batch: Object of type datetime is not JSON serializable
INFO:root:💾 Saved 500 records in 0.13s (3906 rec/s) | 14 15min, 243 hourly, 243 daily | Queue: 0
ERROR:cache_service:Error setting OHLC batch: Object of type datetime is not JSON serializable
INFO:root:💾 Saved 500 records in 0.12s (4314 rec/s) | 13 15min, 244 hourly, 243 daily | Queue: 0
ERROR:cache_service:Error setting OHLC batch: Object of type datetime is not JSON serializable
INFO:root:💾 Saved 500 records in 0.12s (4276 rec/s) | 10 15min, 245 hourly, 245 daily | Queue: 0
ERROR:cache_service:Error setting OHLC batch: Object of type datetime is not JSON serializable
INFO:root:💾 Saved 500 records in 0.13s (3850 rec/s) | 18 15min, 241 hourly, 241 daily | Queue: 0
ERROR:cache_service:Error setting OHLC batch: Object of type datetime is not JSON serializable
INFO:root:💾 Saved 500 records in 0.13s (3953 rec/s) | 12 15min, 244 hourly, 244 daily | Queue: 0
ERROR:cache_service:Error setting OHLC batch: Object of type datetime is not JSON serializable
INFO:root:💾 Saved 500 records in 0.12s (4187 rec/s) | 6 15min, 247 hourly, 247 daily | Queue: 0
ERROR:cache_service:Error setting OHLC batch: Object of type datetime is not JSON serializable
INFO:root:💾 Saved 500 records in 0.12s (4153 rec/s) | 11 15min, 244 hourly, 245 daily | Queue: 0
ERROR:cache_service:Error setting OHLC batch: Object of type datetime is not JSON serializable
INFO:root:💾 Saved 500 records in 0.12s (4002 rec/s) | 10 15min, 245 hourly, 245 daily | Queue: 0
ERROR:cache_service:Error setting OHLC batch: Object of type datetime is not JSON serializable
INFO:root:💾 Saved 320 records in 0.07s (4410 rec/s) | 4 15min, 158 hourly, 158 daily | Queue: 0
INFO:root:📊 STATUS: 1,068,790 received | 1,062,664 processed | 6126 buffered | 2320 active | ProcQ: 0 | DBQ: 0 | 82,105 saved | Failed: 0 | Vol: TEXINFRA:2, DPWIRES:113
INFO:root:📊 STATUS: 1,092,187 received | 1,062,664 processed | 29523 buffered | 2637 active | ProcQ: 0 | DBQ: 0 | 82,105 saved | Failed: 0 | Vol: TEXINFRA:2, DPWIRES:113
INFO:root:⏰ Interval update (60s): 03:46:18 UTC
INFO:root:📤 Queued 46664 ticks from 2663 instruments | Processing queue: 1
ERROR:cache_service:Error setting OHLC batch: Object of type datetime is not JSON serializable
INFO:root:💾 Saved 500 records in 0.21s (2341 rec/s) | 21 15min, 240 hourly, 239 daily | Queue: 0
ERROR:cache_service:Error setting OHLC batch: Object of type datetime is not JSON serializable
INFO:root:💾 Saved 500 records in 0.19s (2636 rec/s) | 11 15min, 244 hourly, 245 daily | Queue: 0
ERROR:cache_service:Error setting OHLC batch: Object of type datetime is not JSON serializable
INFO:root:💾 Saved 500 records in 0.19s (2671 rec/s) | 16 15min, 242 hourly, 242 daily | Queue: 0
ERROR:cache_service:Error setting OHLC batch: Object of type datetime is not JSON serializable
INFO:root:💾 Saved 500 records in 0.16s (3072 rec/s) | 8 15min, 246 hourly, 246 daily | Queue: 0
ERROR:cache_service:Error setting OHLC batch: Object of type datetime is not JSON serializable
INFO:root:💾 Saved 500 records in 0.22s (2306 rec/s) | 15 15min, 243 hourly, 242 daily | Queue: 0
ERROR:cache_service:Error setting OHLC batch: Object of type datetime is not JSON serializable
INFO:root:💾 Saved 500 records in 0.18s (2840 rec/s) | 14 15min, 243 hourly, 243 daily | Queue: 0
ERROR:cache_service:Error setting OHLC batch: Object of type datetime is not JSON serializable
INFO:root:💾 Saved 500 records in 0.21s (2427 rec/s) | 13 15min, 243 hourly, 244 daily | Queue: 0
ERROR:cache_service:Error setting OHLC batch: Object of type datetime is not JSON serializable
INFO:root:💾 Saved 500 records in 0.45s (1100 rec/s) | 9 15min, 246 hourly, 245 daily | Queue: 0
ERROR:cache_service:Error setting OHLC batch: Object of type datetime is not JSON serializable
INFO:root:💾 Saved 500 records in 0.17s (2924 rec/s) | 8 15min, 246 hourly, 246 daily | Queue: 0
ERROR:cache_service:Error setting OHLC batch: Object of type datetime is not JSON serializable
INFO:root:💾 Saved 500 records in 0.17s (2902 rec/s) | 9 15min, 245 hourly, 246 daily | Queue: 0
ERROR:cache_service:Error setting OHLC batch: Object of type datetime is not JSON serializable
INFO:root:💾 Saved 458 records in 0.18s (2557 rec/s) | 8 15min, 225 hourly, 225 daily | Queue: 0
INFO:root:📊 STATUS: 1,117,121 received | 1,109,328 processed | 7793 buffered | 2271 active | ProcQ: 0 | DBQ: 0 | 87,563 saved | Failed: 0 | Vol: TEXINFRA:9, DPWIRES:172
INFO:root:📊 STATUS: 1,141,440 received | 1,109,328 processed | 32112 buffered | 2562 active | ProcQ: 0 | DBQ: 0 | 87,563 saved | Failed: 0 | Vol: TEXINFRA:9, DPWIRES:172
INFO:root:⏰ Interval update (60s): 03:47:18 UTC
INFO:root:📤 Queued 48692 ticks from 2639 instruments | Processing queue: 1
ERROR:cache_service:Error setting OHLC batch: Object of type datetime is not JSON serializable
INFO:root:💾 Saved 500 records in 0.87s (573 rec/s) | 21 15min, 240 hourly, 239 daily | Queue: 0
ERROR:cache_service:Error setting OHLC batch: Object of type datetime is not JSON serializable
INFO:root:💾 Saved 500 records in 0.68s (737 rec/s) | 13 15min, 243 hourly, 244 daily | Queue: 0
ERROR:cache_service:Error setting OHLC batch: Object of type datetime is not JSON serializable
INFO:root:💾 Saved 500 records in 0.59s (852 rec/s) | 14 15min, 243 hourly, 243 daily | Queue: 0
ERROR:cache_service:Error setting OHLC batch: Object of type datetime is not JSON serializable
INFO:root:💾 Saved 500 records in 0.54s (920 rec/s) | 13 15min, 244 hourly, 243 daily | Queue: 0
ERROR:cache_service:Error setting OHLC batch: Object of type datetime is not JSON serializable
INFO:root:💾 Saved 500 records in 0.61s (816 rec/s) | 10 15min, 245 hourly, 245 daily | Queue: 0
ERROR:cache_service:Error setting OHLC batch: Object of type datetime is not JSON serializable
INFO:root:💾 Saved 500 records in 0.65s (765 rec/s) | 17 15min, 241 hourly, 242 daily | Queue: 0
ERROR:cache_service:Error setting OHLC batch: Object of type datetime is not JSON serializable
INFO:root:💾 Saved 500 records in 0.62s (804 rec/s) | 10 15min, 245 hourly, 245 daily | Queue: 0
ERROR:cache_service:Error setting OHLC batch: Object of type datetime is not JSON serializable
INFO:root:💾 Saved 500 records in 0.48s (1046 rec/s) | 9 15min, 246 hourly, 245 daily | Queue: 0
ERROR:cache_service:Error setting OHLC batch: Object of type datetime is not JSON serializable
INFO:root:💾 Saved 500 records in 0.53s (947 rec/s) | 9 15min, 245 hourly, 246 daily | Queue: 0
ERROR:cache_service:Error setting OHLC batch: Object of type datetime is not JSON serializable
INFO:root:💾 Saved 500 records in 0.61s (821 rec/s) | 8 15min, 246 hourly, 246 daily | Queue: 0
ERROR:cache_service:Error setting OHLC batch: Object of type datetime is not JSON serializable
INFO:root:💾 Saved 410 records in 0.41s (995 rec/s) | 8 15min, 201 hourly, 201 daily | Queue: 0
INFO:root:📊 STATUS: 1,164,854 received | 1,158,020 processed | 6834 buffered | 2220 active | ProcQ: 0 | DBQ: 0 | 92,973 saved | Failed: 0 | Vol: TEXINFRA:64, DPWIRES:275
INFO:root:📊 STATUS: 1,187,720 received | 1,158,020 processed | 29700 buffered | 2540 active | ProcQ: 0 | DBQ: 0 | 92,973 saved | Failed: 0 | Vol: TEXINFRA:64, DPWIRES:275
INFO:root:⏰ Interval update (60s): 03:48:18 UTC
INFO:root:📤 Queued 45917 ticks from 2590 instruments | Processing queue: 1
ERROR:cache_service:Error setting OHLC batch: Object of type datetime is not JSON serializable
INFO:root:💾 Saved 500 records in 0.88s (565 rec/s) | 21 15min, 240 hourly, 239 daily | Queue: 0
ERROR:cache_service:Error setting OHLC batch: Object of type datetime is not JSON serializable
INFO:root:💾 Saved 500 records in 0.49s (1020 rec/s) | 13 15min, 243 hourly, 244 daily | Queue: 0
ERROR:cache_service:Error setting OHLC batch: Object of type datetime is not JSON serializable
INFO:root:💾 Saved 500 records in 0.42s (1202 rec/s) | 14 15min, 243 hourly, 243 daily | Queue: 0
ERROR:cache_service:Error setting OHLC batch: Object of type datetime is not JSON serializable
INFO:root:💾 Saved 500 records in 0.40s (1243 rec/s) | 13 15min, 244 hourly, 243 daily | Queue: 0
ERROR:cache_service:Error setting OHLC batch: Object of type datetime is not JSON serializable
INFO:root:💾 Saved 500 records in 0.33s (1503 rec/s) | 10 15min, 245 hourly, 245 daily | Queue: 0
ERROR:cache_service:Error setting OHLC batch: Object of type datetime is not JSON serializable
INFO:root:💾 Saved 500 records in 0.46s (1090 rec/s) | 18 15min, 241 hourly, 241 daily | Queue: 0
ERROR:cache_service:Error setting OHLC batch: Object of type datetime is not JSON serializable
INFO:root:💾 Saved 500 records in 0.57s (883 rec/s) | 12 15min, 244 hourly, 244 daily | Queue: 0
ERROR:cache_service:Error setting OHLC batch: Object of type datetime is not JSON serializable
INFO:root:💾 Saved 500 records in 0.43s (1173 rec/s) | 7 15min, 246 hourly, 247 daily | Queue: 0
ERROR:cache_service:Error setting OHLC batch: Object of type datetime is not JSON serializable
INFO:root:💾 Saved 500 records in 0.45s (1123 rec/s) | 10 15min, 245 hourly, 245 daily | Queue: 0
ERROR:cache_service:Error setting OHLC batch: Object of type datetime is not JSON serializable
INFO:root:💾 Saved 500 records in 0.42s (1201 rec/s) | 10 15min, 245 hourly, 245 daily | Queue: 0
ERROR:cache_service:Error setting OHLC batch: Object of type datetime is not JSON serializable
INFO:root:💾 Saved 312 records in 0.29s (1081 rec/s) | 4 15min, 154 hourly, 154 daily | Queue: 0
INFO:root:📊 STATUS: 1,210,532 received | 1,203,937 processed | 6595 buffered | 2218 active | ProcQ: 0 | DBQ: 0 | 98,285 saved | Failed: 0 | Vol: TEXINFRA:64, DPWIRES:275
INFO:root:📊 STATUS: 1,233,557 received | 1,203,937 processed | 29620 buffered | 2539 active | ProcQ: 0 | DBQ: 0 | 98,285 saved | Failed: 0 | Vol: TEXINFRA:64, DPWIRES:275
INFO:root:⏰ Interval update (60s): 03:49:18 UTC
INFO:root:📤 Queued 45881 ticks from 2597 instruments | Processing queue: 1
ERROR:cache_service:Error setting OHLC batch: Object of type datetime is not JSON serializable
INFO:root:💾 Saved 500 records in 1.52s (329 rec/s) | 21 15min, 240 hourly, 239 daily | Queue: 0
ERROR:cache_service:Error setting OHLC batch: Object of type datetime is not JSON serializable
INFO:root:💾 Saved 500 records in 1.14s (438 rec/s) | 13 15min, 243 hourly, 244 daily | Queue: 0
ERROR:cache_service:Error setting OHLC batch: Object of type datetime is not JSON serializable
INFO:root:💾 Saved 500 records in 0.98s (509 rec/s) | 14 15min, 243 hourly, 243 daily | Queue: 0
ERROR:cache_service:Error setting OHLC batch: Object of type datetime is not JSON serializable
INFO:root:💾 Saved 500 records in 1.05s (477 rec/s) | 13 15min, 244 hourly, 243 daily | Queue: 0
ERROR:cache_service:Error setting OHLC batch: Object of type datetime is not JSON serializable
INFO:root:💾 Saved 500 records in 0.98s (511 rec/s) | 10 15min, 245 hourly, 245 daily | Queue: 0
ERROR:cache_service:Error setting OHLC batch: Object of type datetime is not JSON serializable
INFO:root:💾 Saved 500 records in 1.30s (385 rec/s) | 18 15min, 241 hourly, 241 daily | Queue: 0
INFO:root:📊 STATUS: 1,258,098 received | 1,249,818 processed | 8280 buffered | 2185 active | ProcQ: 0 | DBQ: 0 | 101,285 saved | Failed: 0 | Vol: TEXINFRA:164, DPWIRES:336
ERROR:cache_service:Error setting OHLC batch: Object of type datetime is not JSON serializable
INFO:root:💾 Saved 500 records in 1.08s (462 rec/s) | 11 15min, 244 hourly, 245 daily | Queue: 0
ERROR:cache_service:Error setting OHLC batch: Object of type datetime is not JSON serializable
INFO:root:💾 Saved 500 records in 1.14s (439 rec/s) | 7 15min, 247 hourly, 246 daily | Queue: 0
ERROR:cache_service:Error setting OHLC batch: Object of type datetime is not JSON serializable
INFO:root:💾 Saved 500 records in 1.09s (460 rec/s) | 11 15min, 244 hourly, 245 daily | Queue: 0
ERROR:cache_service:Error setting OHLC batch: Object of type datetime is not JSON serializable
INFO:root:💾 Saved 500 records in 1.08s (462 rec/s) | 10 15min, 245 hourly, 245 daily | Queue: 0
ERROR:cache_service:Error setting OHLC batch: Object of type datetime is not JSON serializable
INFO:root:💾 Saved 326 records in 0.67s (484 rec/s) | 4 15min, 161 hourly, 161 daily | Queue: 0
INFO:root:📊 STATUS: 1,282,476 received | 1,249,818 processed | 32658 buffered | 2501 active | ProcQ: 0 | DBQ: 0 | 103,611 saved | Failed: 0 | Vol: TEXINFRA:164, DPWIRES:336
INFO:root:⏰ Interval update (60s): 03:50:19 UTC
INFO:root:📤 Queued 49406 ticks from 2601 instruments | Processing queue: 1
ERROR:cache_service:Error setting OHLC batch: Object of type datetime is not JSON serializable
INFO:root:💾 Saved 500 records in 2.14s (234 rec/s) | 21 15min, 240 hourly, 239 daily | Queue: 0
ERROR:cache_service:Error setting OHLC batch: Object of type datetime is not JSON serializable
INFO:root:💾 Saved 500 records in 1.64s (305 rec/s) | 13 15min, 243 hourly, 244 daily | Queue: 0
ERROR:cache_service:Error setting OHLC batch: Object of type datetime is not JSON serializable
INFO:root:💾 Saved 500 records in 1.64s (305 rec/s) | 14 15min, 243 hourly, 243 daily | Queue: 0
ERROR:cache_service:Error setting OHLC batch: Object of type datetime is not JSON serializable
INFO:root:💾 Saved 500 records in 1.58s (316 rec/s) | 13 15min, 244 hourly, 243 daily | Queue: 0
INFO:root:📊 STATUS: 1,305,903 received | 1,299,224 processed | 6679 buffered | 2226 active | ProcQ: 0 | DBQ: 0 | 105,611 saved | Failed: 0 | Vol: TEXINFRA:164, DPWIRES:336
ERROR:cache_service:Error setting OHLC batch: Object of type datetime is not JSON serializable
INFO:root:💾 Saved 500 records in 1.30s (383 rec/s) | 10 15min, 245 hourly, 245 daily | Queue: 0
ERROR:cache_service:Error setting OHLC batch: Object of type datetime is not JSON serializable
INFO:root:💾 Saved 500 records in 1.28s (392 rec/s) | 18 15min, 241 hourly, 241 daily | Queue: 0
ERROR:cache_service:Error setting OHLC batch: Object of type datetime is not JSON serializable
INFO:root:💾 Saved 500 records in 1.34s (373 rec/s) | 12 15min, 244 hourly, 244 daily | Queue: 0
ERROR:cache_service:Error setting OHLC batch: Object of type datetime is not JSON serializable
INFO:root:💾 Saved 500 records in 1.27s (395 rec/s) | 6 15min, 247 hourly, 247 daily | Queue: 0
ERROR:cache_service:Error setting OHLC batch: Object of type datetime is not JSON serializable
INFO:root:💾 Saved 500 records in 1.30s (384 rec/s) | 11 15min, 244 hourly, 245 daily | Queue: 0
ERROR:cache_service:Error setting OHLC batch: Object of type datetime is not JSON serializable
INFO:root:💾 Saved 500 records in 1.13s (441 rec/s) | 10 15min, 245 hourly, 245 daily | Queue: 0
ERROR:cache_service:Error setting OHLC batch: Object of type datetime is not JSON serializable
INFO:root:💾 Saved 334 records in 0.74s (449 rec/s) | 4 15min, 165 hourly, 165 daily | Queue: 0
INFO:root:📊 STATUS: 1,329,686 received | 1,299,224 processed | 30462 buffered | 2506 active | ProcQ: 0 | DBQ: 0 | 108,945 saved | Failed: 0 | Vol: TEXINFRA:164, DPWIRES:336
INFO:root:⏰ Interval update (60s): 03:51:19 UTC
INFO:root:📤 Queued 47168 ticks from 2574 instruments | Processing queue: 1
ERROR:cache_service:Error setting OHLC batch: Object of type datetime is not JSON serializable
INFO:root:💾 Saved 500 records in 1.92s (261 rec/s) | 21 15min, 240 hourly, 239 daily | Queue: 0
ERROR:cache_service:Error setting OHLC batch: Object of type datetime is not JSON serializable
INFO:root:💾 Saved 500 records in 1.45s (344 rec/s) | 13 15min, 243 hourly, 244 daily | Queue: 0
ERROR:cache_service:Error setting OHLC batch: Object of type datetime is not JSON serializable
INFO:root:💾 Saved 500 records in 1.58s (316 rec/s) | 14 15min, 243 hourly, 243 daily | Queue: 0
ERROR:cache_service:Error setting OHLC batch: Object of type datetime is not JSON serializable
INFO:root:💾 Saved 500 records in 1.64s (304 rec/s) | 13 15min, 244 hourly, 243 daily | Queue: 0
INFO:root:📊 STATUS: 1,353,057 received | 1,346,392 processed | 6665 buffered | 2237 active | ProcQ: 0 | DBQ: 0 | 110,945 saved | Failed: 0 | Vol: TEXINFRA:476, DPWIRES:586
ERROR:cache_service:Error setting OHLC batch: Object of type datetime is not JSON serializable
INFO:root:💾 Saved 500 records in 1.30s (385 rec/s) | 11 15min, 244 hourly, 245 daily | Queue: 0
ERROR:cache_service:Error setting OHLC batch: Object of type datetime is not JSON serializable
INFO:root:💾 Saved 500 records in 1.31s (381 rec/s) | 17 15min, 242 hourly, 241 daily | Queue: 0
ERROR:cache_service:Error setting OHLC batch: Object of type datetime is not JSON serializable
INFO:root:💾 Saved 500 records in 1.21s (414 rec/s) | 12 15min, 244 hourly, 244 daily | Queue: 0
ERROR:cache_service:Error setting OHLC batch: Object of type datetime is not JSON serializable
INFO:root:💾 Saved 500 records in 1.09s (459 rec/s) | 9 15min, 245 hourly, 246 daily | Queue: 0
ERROR:cache_service:Error setting OHLC batch: Object of type datetime is not JSON serializable
INFO:root:💾 Saved 500 records in 1.14s (441 rec/s) | 8 15min, 246 hourly, 246 daily | Queue: 0
ERROR:cache_service:Error setting OHLC batch: Object of type datetime is not JSON serializable
INFO:root:💾 Saved 500 records in 1.04s (479 rec/s) | 10 15min, 245 hourly, 245 daily | Queue: 0
ERROR:cache_service:Error setting OHLC batch: Object of type datetime is not JSON serializable
INFO:root:💾 Saved 280 records in 0.64s (439 rec/s) | 4 15min, 138 hourly, 138 daily | Queue: 0
INFO:root:📊 STATUS: 1,376,963 received | 1,346,392 processed | 30571 buffered | 2529 active | ProcQ: 0 | DBQ: 0 | 114,225 saved | Failed: 0 | Vol: TEXINFRA:476, DPWIRES:586
INFO:root:⏰ Interval update (60s): 03:52:19 UTC
INFO:root:📤 Queued 47477 ticks from 2591 instruments | Processing queue: 1
ERROR:cache_service:Error setting OHLC batch: Object of type datetime is not JSON serializable
INFO:root:💾 Saved 500 records in 1.01s (493 rec/s) | 21 15min, 240 hourly, 239 daily | Queue: 0
ERROR:cache_service:Error setting OHLC batch: Object of type datetime is not JSON serializable
INFO:root:💾 Saved 500 records in 0.81s (618 rec/s) | 13 15min, 243 hourly, 244 daily | Queue: 0
ERROR:cache_service:Error setting OHLC batch: Object of type datetime is not JSON serializable
INFO:root:💾 Saved 500 records in 0.88s (567 rec/s) | 14 15min, 243 hourly, 243 daily | Queue: 0
ERROR:cache_service:Error setting OHLC batch: Object of type datetime is not JSON serializable
INFO:root:💾 Saved 500 records in 0.71s (709 rec/s) | 13 15min, 244 hourly, 243 daily | Queue: 0
ERROR:cache_service:Error setting OHLC batch: Object of type datetime is not JSON serializable
INFO:root:💾 Saved 500 records in 0.63s (799 rec/s) | 15 15min, 242 hourly, 243 daily | Queue: 0
ERROR:cache_service:Error setting OHLC batch: Object of type datetime is not JSON serializable
INFO:root:💾 Saved 500 records in 0.65s (764 rec/s) | 13 15min, 244 hourly, 243 daily | Queue: 0
ERROR:cache_service:Error setting OHLC batch: Object of type datetime is not JSON serializable
INFO:root:💾 Saved 500 records in 0.68s (731 rec/s) | 12 15min, 244 hourly, 244 daily | Queue: 0
ERROR:cache_service:Error setting OHLC batch: Object of type datetime is not JSON serializable
INFO:root:💾 Saved 500 records in 0.73s (683 rec/s) | 8 15min, 246 hourly, 246 daily | Queue: 0
ERROR:cache_service:Error setting OHLC batch: Object of type datetime is not JSON serializable
INFO:root:💾 Saved 500 records in 0.50s (1002 rec/s) | 9 15min, 245 hourly, 246 daily | Queue: 0
ERROR:cache_service:Error setting OHLC batch: Object of type datetime is not JSON serializable
INFO:root:💾 Saved 500 records in 0.62s (801 rec/s) | 10 15min, 245 hourly, 245 daily | Queue: 0
ERROR:cache_service:Error setting OHLC batch: Object of type datetime is not JSON serializable
INFO:root:💾 Saved 314 records in 0.35s (908 rec/s) | 4 15min, 155 hourly, 155 daily | Queue: 0
INFO:root:📊 STATUS: 1,402,350 received | 1,393,869 processed | 8481 buffered | 2189 active | ProcQ: 0 | DBQ: 0 | 119,539 saved | Failed: 0 | Vol: TEXINFRA:740, DPWIRES:1,186
INFO:root:📊 STATUS: 1,427,450 received | 1,393,869 processed | 33581 buffered | 2520 active | ProcQ: 0 | DBQ: 0 | 119,539 saved | Failed: 0 | Vol: TEXINFRA:740, DPWIRES:1,186
INFO:root:⏰ Interval update (60s): 03:53:19 UTC
INFO:root:📤 Queued 50156 ticks from 2582 instruments | Processing queue: 1
ERROR:cache_service:Error setting OHLC batch: Object of type datetime is not JSON serializable
INFO:root:💾 Saved 500 records in 1.32s (380 rec/s) | 21 15min, 240 hourly, 239 daily | Queue: 0
ERROR:cache_service:Error setting OHLC batch: Object of type datetime is not JSON serializable
INFO:root:💾 Saved 500 records in 0.98s (509 rec/s) | 13 15min, 243 hourly, 244 daily | Queue: 0
ERROR:cache_service:Error setting OHLC batch: Object of type datetime is not JSON serializable
INFO:root:💾 Saved 500 records in 0.88s (569 rec/s) | 14 15min, 243 hourly, 243 daily | Queue: 0
ERROR:cache_service:Error setting OHLC batch: Object of type datetime is not JSON serializable
INFO:root:💾 Saved 500 records in 0.80s (623 rec/s) | 13 15min, 244 hourly, 243 daily | Queue: 0
ERROR:cache_service:Error setting OHLC batch: Object of type datetime is not JSON serializable
INFO:root:💾 Saved 500 records in 0.77s (652 rec/s) | 14 15min, 243 hourly, 243 daily | Queue: 0
ERROR:cache_service:Error setting OHLC batch: Object of type datetime is not JSON serializable
INFO:root:💾 Saved 500 records in 0.79s (635 rec/s) | 14 15min, 243 hourly, 243 daily | Queue: 0
ERROR:cache_service:Error setting OHLC batch: Object of type datetime is not JSON serializable
INFO:root:💾 Saved 500 records in 1.35s (372 rec/s) | 12 15min, 244 hourly, 244 daily | Queue: 0
ERROR:cache_service:Error setting OHLC batch: Object of type datetime is not JSON serializable
INFO:root:💾 Saved 500 records in 1.06s (470 rec/s) | 9 15min, 245 hourly, 246 daily | Queue: 0
INFO:root:📊 STATUS: 1,451,029 received | 1,444,025 processed | 7004 buffered | 2174 active | ProcQ: 0 | DBQ: 0 | 123,539 saved | Failed: 0 | Vol: TEXINFRA:790, DPWIRES:1,209
ERROR:cache_service:Error setting OHLC batch: Object of type datetime is not JSON serializable
INFO:root:💾 Saved 500 records in 0.74s (671 rec/s) | 8 15min, 246 hourly, 246 daily | Queue: 0
ERROR:cache_service:Error setting OHLC batch: Object of type datetime is not JSON serializable
INFO:root:💾 Saved 500 records in 0.66s (758 rec/s) | 10 15min, 245 hourly, 245 daily | Queue: 0
ERROR:cache_service:Error setting OHLC batch: Object of type datetime is not JSON serializable
INFO:root:💾 Saved 296 records in 0.42s (706 rec/s) | 4 15min, 146 hourly, 146 daily | Queue: 0
INFO:root:📊 STATUS: 1,474,508 received | 1,444,025 processed | 30483 buffered | 2527 active | ProcQ: 0 | DBQ: 0 | 124,835 saved | Failed: 0 | Vol: TEXINFRA:790, DPWIRES:1,209
INFO:root:⏰ Interval update (60s): 03:54:19 UTC
INFO:root:📤 Queued 47107 ticks from 2619 instruments | Processing queue: 1
ERROR:cache_service:Error setting OHLC batch: Object of type datetime is not JSON serializable
INFO:root:💾 Saved 500 records in 0.21s (2411 rec/s) | 21 15min, 240 hourly, 239 daily | Queue: 0
ERROR:cache_service:Error setting OHLC batch: Object of type datetime is not JSON serializable
INFO:root:💾 Saved 500 records in 0.15s (3257 rec/s) | 13 15min, 243 hourly, 244 daily | Queue: 0
ERROR:cache_service:Error setting OHLC batch: Object of type datetime is not JSON serializable
INFO:root:💾 Saved 500 records in 0.10s (4795 rec/s) | 14 15min, 243 hourly, 243 daily | Queue: 0
ERROR:cache_service:Error setting OHLC batch: Object of type datetime is not JSON serializable
INFO:root:💾 Saved 500 records in 0.08s (6448 rec/s) | 13 15min, 244 hourly, 243 daily | Queue: 0
ERROR:cache_service:Error setting OHLC batch: Object of type datetime is not JSON serializable
INFO:root:💾 Saved 500 records in 0.10s (5108 rec/s) | 11 15min, 244 hourly, 245 daily | Queue: 0
ERROR:cache_service:Error setting OHLC batch: Object of type datetime is not JSON serializable
INFO:root:💾 Saved 500 records in 0.10s (4872 rec/s) | 17 15min, 242 hourly, 241 daily | Queue: 0
ERROR:cache_service:Error setting OHLC batch: Object of type datetime is not JSON serializable
INFO:root:💾 Saved 500 records in 0.09s (5719 rec/s) | 12 15min, 244 hourly, 244 daily | Queue: 0
ERROR:cache_service:Error setting OHLC batch: Object of type datetime is not JSON serializable
INFO:root:💾 Saved 500 records in 0.10s (4878 rec/s) | 6 15min, 247 hourly, 247 daily | Queue: 0
ERROR:cache_service:Error setting OHLC batch: Object of type datetime is not JSON serializable
INFO:root:💾 Saved 500 records in 0.12s (4103 rec/s) | 11 15min, 244 hourly, 245 daily | Queue: 0
ERROR:cache_service:Error setting OHLC batch: Object of type datetime is not JSON serializable
INFO:root:💾 Saved 500 records in 0.12s (4314 rec/s) | 6 15min, 247 hourly, 247 daily | Queue: 0
ERROR:cache_service:Error setting OHLC batch: Object of type datetime is not JSON serializable
INFO:root:💾 Saved 370 records in 0.08s (4573 rec/s) | 8 15min, 181 hourly, 181 daily | Queue: 0
INFO:root:📊 STATUS: 1,498,473 received | 1,491,132 processed | 7341 buffered | 2185 active | ProcQ: 0 | DBQ: 0 | 130,205 saved | Failed: 0 | Vol: TEXINFRA:790, DPWIRES:1,253
INFO:root:📊 STATUS: 1,521,996 received | 1,491,132 processed | 30864 buffered | 2530 active | ProcQ: 0 | DBQ: 0 | 130,205 saved | Failed: 0 | Vol: TEXINFRA:790, DPWIRES:1,253
INFO:root:⏰ Interval update (60s): 03:55:19 UTC
INFO:root:📤 Queued 47189 ticks from 2581 instruments | Processing queue: 1
ERROR:cache_service:Error setting OHLC batch: Object of type datetime is not JSON serializable
INFO:root:💾 Saved 500 records in 0.06s (7774 rec/s) | 21 15min, 240 hourly, 239 daily | Queue: 0
ERROR:cache_service:Error setting OHLC batch: Object of type datetime is not JSON serializable
INFO:root:💾 Saved 500 records in 0.06s (8601 rec/s) | 13 15min, 243 hourly, 244 daily | Queue: 0
ERROR:cache_service:Error setting OHLC batch: Object of type datetime is not JSON serializable
INFO:root:💾 Saved 500 records in 0.06s (9026 rec/s) | 14 15min, 243 hourly, 243 daily | Queue: 0
ERROR:cache_service:Error setting OHLC batch: Object of type datetime is not JSON serializable
INFO:root:💾 Saved 500 records in 0.06s (8206 rec/s) | 13 15min, 244 hourly, 243 daily | Queue: 0
ERROR:cache_service:Error setting OHLC batch: Object of type datetime is not JSON serializable
INFO:root:💾 Saved 500 records in 0.07s (6729 rec/s) | 13 15min, 243 hourly, 244 daily | Queue: 0
ERROR:cache_service:Error setting OHLC batch: Object of type datetime is not JSON serializable
INFO:root:💾 Saved 500 records in 0.05s (9706 rec/s) | 15 15min, 243 hourly, 242 daily | Queue: 0
ERROR:cache_service:Error setting OHLC batch: Object of type datetime is not JSON serializable
INFO:root:💾 Saved 500 records in 0.05s (9141 rec/s) | 12 15min, 244 hourly, 244 daily | Queue: 0
ERROR:cache_service:Error setting OHLC batch: Object of type datetime is not JSON serializable
INFO:root:💾 Saved 500 records in 0.07s (7476 rec/s) | 9 15min, 245 hourly, 246 daily | Queue: 0
ERROR:cache_service:Error setting OHLC batch: Object of type datetime is not JSON serializable
INFO:root:💾 Saved 500 records in 0.07s (6734 rec/s) | 8 15min, 246 hourly, 246 daily | Queue: 0
ERROR:cache_service:Error setting OHLC batch: Object of type datetime is not JSON serializable
INFO:root:💾 Saved 500 records in 0.06s (8519 rec/s) | 10 15min, 245 hourly, 245 daily | Queue: 0
ERROR:cache_service:Error setting OHLC batch: Object of type datetime is not JSON serializable
INFO:root:💾 Saved 294 records in 0.05s (5558 rec/s) | 4 15min, 145 hourly, 145 daily | Queue: 0
INFO:root:📊 STATUS: 1,547,212 received | 1,538,321 processed | 8891 buffered | 2120 active | ProcQ: 0 | DBQ: 0 | 135,499 saved | Failed: 0 | Vol: TEXINFRA:902, DPWIRES:1,253
INFO:root:📊 STATUS: 1,571,651 received | 1,538,321 processed | 33330 buffered | 2550 active | ProcQ: 0 | DBQ: 0 | 135,499 saved | Failed: 0 | Vol: TEXINFRA:902, DPWIRES:1,253
INFO:root:⏰ Interval update (60s): 03:56:19 UTC
INFO:root:📤 Queued 48939 ticks from 2614 instruments | Processing queue: 1
ERROR:cache_service:Error setting OHLC batch: Object of type datetime is not JSON serializable
INFO:root:💾 Saved 500 records in 0.06s (8246 rec/s) | 21 15min, 240 hourly, 239 daily | Queue: 0
ERROR:cache_service:Error setting OHLC batch: Object of type datetime is not JSON serializable
INFO:root:💾 Saved 500 records in 0.05s (9131 rec/s) | 9 15min, 245 hourly, 246 daily | Queue: 0
ERROR:cache_service:Error setting OHLC batch: Object of type datetime is not JSON serializable
INFO:root:💾 Saved 500 records in 0.06s (8973 rec/s) | 18 15min, 241 hourly, 241 daily | Queue: 0
ERROR:cache_service:Error setting OHLC batch: Object of type datetime is not JSON serializable
INFO:root:💾 Saved 500 records in 0.04s (11124 rec/s) | 13 15min, 244 hourly, 243 daily | Queue: 0
ERROR:cache_service:Error setting OHLC batch: Object of type datetime is not JSON serializable
INFO:root:💾 Saved 500 records in 0.05s (9222 rec/s) | 10 15min, 245 hourly, 245 daily | Queue: 0
ERROR:cache_service:Error setting OHLC batch: Object of type datetime is not JSON serializable
INFO:root:💾 Saved 500 records in 0.05s (9340 rec/s) | 18 15min, 241 hourly, 241 daily | Queue: 0
ERROR:cache_service:Error setting OHLC batch: Object of type datetime is not JSON serializable
INFO:root:💾 Saved 500 records in 0.07s (6978 rec/s) | 9 15min, 245 hourly, 246 daily | Queue: 0
ERROR:cache_service:Error setting OHLC batch: Object of type datetime is not JSON serializable
INFO:root:💾 Saved 500 records in 0.06s (7923 rec/s) | 9 15min, 246 hourly, 245 daily | Queue: 0
ERROR:cache_service:Error setting OHLC batch: Object of type datetime is not JSON serializable
INFO:root:💾 Saved 500 records in 0.06s (8730 rec/s) | 11 15min, 244 hourly, 245 daily | Queue: 0
ERROR:cache_service:Error setting OHLC batch: Object of type datetime is not JSON serializable
INFO:root:💾 Saved 500 records in 0.06s (9004 rec/s) | 6 15min, 247 hourly, 247 daily | Queue: 0
ERROR:cache_service:Error setting OHLC batch: Object of type datetime is not JSON serializable
INFO:root:💾 Saved 360 records in 0.05s (7601 rec/s) | 8 15min, 176 hourly, 176 daily | Queue: 0
INFO:root:📊 STATUS: 1,594,878 received | 1,587,260 processed | 7618 buffered | 2172 active | ProcQ: 0 | DBQ: 0 | 140,859 saved | Failed: 0 | Vol: TEXINFRA:902, DPWIRES:1,253
INFO:root:📊 STATUS: 1,618,178 received | 1,587,260 processed | 30918 buffered | 2522 active | ProcQ: 0 | DBQ: 0 | 140,859 saved | Failed: 0 | Vol: TEXINFRA:902, DPWIRES:1,253
INFO:root:⏰ Interval update (60s): 03:57:19 UTC
INFO:root:📤 Queued 46887 ticks from 2602 instruments | Processing queue: 1
ERROR:cache_service:Error setting OHLC batch: Object of type datetime is not JSON serializable
INFO:root:💾 Saved 500 records in 0.08s (6347 rec/s) | 21 15min, 240 hourly, 239 daily | Queue: 0
ERROR:cache_service:Error setting OHLC batch: Object of type datetime is not JSON serializable
INFO:root:💾 Saved 500 records in 0.05s (9702 rec/s) | 13 15min, 243 hourly, 244 daily | Queue: 0
ERROR:cache_service:Error setting OHLC batch: Object of type datetime is not JSON serializable
INFO:root:💾 Saved 500 records in 0.05s (9842 rec/s) | 14 15min, 243 hourly, 243 daily | Queue: 0
ERROR:cache_service:Error setting OHLC batch: Object of type datetime is not JSON serializable
INFO:root:💾 Saved 500 records in 0.05s (10233 rec/s) | 13 15min, 244 hourly, 243 daily | Queue: 0
ERROR:cache_service:Error setting OHLC batch: Object of type datetime is not JSON serializable
INFO:root:💾 Saved 500 records in 0.06s (8696 rec/s) | 10 15min, 245 hourly, 245 daily | Queue: 0
ERROR:cache_service:Error setting OHLC batch: Object of type datetime is not JSON serializable
INFO:root:💾 Saved 500 records in 0.05s (9862 rec/s) | 18 15min, 241 hourly, 241 daily | Queue: 0
ERROR:cache_service:Error setting OHLC batch: Object of type datetime is not JSON serializable
INFO:root:💾 Saved 500 records in 0.05s (9542 rec/s) | 12 15min, 244 hourly, 244 daily | Queue: 0
ERROR:cache_service:Error setting OHLC batch: Object of type datetime is not JSON serializable
INFO:root:💾 Saved 500 records in 0.05s (10170 rec/s) | 6 15min, 247 hourly, 247 daily | Queue: 0
ERROR:cache_service:Error setting OHLC batch: Object of type datetime is not JSON serializable
INFO:root:💾 Saved 500 records in 0.05s (10036 rec/s) | 11 15min, 244 hourly, 245 daily | Queue: 0
ERROR:cache_service:Error setting OHLC batch: Object of type datetime is not JSON serializable
INFO:root:💾 Saved 500 records in 0.06s (8814 rec/s) | 9 15min, 246 hourly, 245 daily | Queue: 0
ERROR:cache_service:Error setting OHLC batch: Object of type datetime is not JSON serializable
INFO:root:💾 Saved 336 records in 0.04s (7865 rec/s) | 5 15min, 165 hourly, 166 daily | Queue: 0
INFO:root:📊 STATUS: 1,641,903 received | 1,634,147 processed | 7756 buffered | 2183 active | ProcQ: 0 | DBQ: 0 | 146,195 saved | Failed: 0 | Vol: TEXINFRA:902, DPWIRES:1,253
INFO:root:📊 STATUS: 1,664,663 received | 1,634,147 processed | 30516 buffered | 2499 active | ProcQ: 0 | DBQ: 0 | 146,195 saved | Failed: 0 | Vol: TEXINFRA:902, DPWIRES:1,253
INFO:root:⏰ Interval update (60s): 03:58:19 UTC
INFO:root:📤 Queued 46475 ticks from 2580 instruments | Processing queue: 1
ERROR:cache_service:Error setting OHLC batch: Object of type datetime is not JSON serializable
INFO:root:💾 Saved 500 records in 0.06s (8104 rec/s) | 21 15min, 240 hourly, 239 daily | Queue: 0
ERROR:cache_service:Error setting OHLC batch: Object of type datetime is not JSON serializable
INFO:root:💾 Saved 500 records in 0.05s (9176 rec/s) | 13 15min, 243 hourly, 244 daily | Queue: 0
ERROR:cache_service:Error setting OHLC batch: Object of type datetime is not JSON serializable
INFO:root:💾 Saved 500 records in 0.06s (8011 rec/s) | 14 15min, 243 hourly, 243 daily | Queue: 0
ERROR:cache_service:Error setting OHLC batch: Object of type datetime is not JSON serializable
INFO:root:💾 Saved 500 records in 0.05s (10587 rec/s) | 13 15min, 244 hourly, 243 daily | Queue: 0
ERROR:cache_service:Error setting OHLC batch: Object of type datetime is not JSON serializable
INFO:root:💾 Saved 500 records in 0.05s (10685 rec/s) | 10 15min, 245 hourly, 245 daily | Queue: 0
ERROR:cache_service:Error setting OHLC batch: Object of type datetime is not JSON serializable
INFO:root:💾 Saved 500 records in 0.05s (10165 rec/s) | 18 15min, 241 hourly, 241 daily | Queue: 0
ERROR:cache_service:Error setting OHLC batch: Object of type datetime is not JSON serializable
INFO:root:💾 Saved 500 records in 0.05s (9811 rec/s) | 12 15min, 244 hourly, 244 daily | Queue: 0
ERROR:cache_service:Error setting OHLC batch: Object of type datetime is not JSON serializable
INFO:root:💾 Saved 500 records in 0.05s (10965 rec/s) | 9 15min, 245 hourly, 246 daily | Queue: 0
ERROR:cache_service:Error setting OHLC batch: Object of type datetime is not JSON serializable
INFO:root:💾 Saved 500 records in 0.04s (11934 rec/s) | 8 15min, 246 hourly, 246 daily | Queue: 0
ERROR:cache_service:Error setting OHLC batch: Object of type datetime is not JSON serializable
INFO:root:💾 Saved 500 records in 0.05s (10826 rec/s) | 10 15min, 245 hourly, 245 daily | Queue: 0
ERROR:cache_service:Error setting OHLC batch: Object of type datetime is not JSON serializable
INFO:root:💾 Saved 292 records in 0.04s (8318 rec/s) | 4 15min, 144 hourly, 144 daily | Queue: 0
INFO:root:📊 STATUS: 1,690,293 received | 1,680,622 processed | 9671 buffered | 2188 active | ProcQ: 0 | DBQ: 0 | 151,487 saved | Failed: 0 | Vol: TEXINFRA:902, DPWIRES:1,803
INFO:root:📊 STATUS: 1,715,052 received | 1,680,622 processed | 34430 buffered | 2488 active | ProcQ: 0 | DBQ: 0 | 151,487 saved | Failed: 0 | Vol: TEXINFRA:902, DPWIRES:1,803
INFO:root:⏰ Interval update (60s): 03:59:20 UTC
INFO:root:📤 Queued 49546 ticks from 2564 instruments | Processing queue: 1
ERROR:cache_service:Error setting OHLC batch: Object of type datetime is not JSON serializable
INFO:root:💾 Saved 500 records in 0.05s (10424 rec/s) | 21 15min, 240 hourly, 239 daily | Queue: 0
ERROR:cache_service:Error setting OHLC batch: Object of type datetime is not JSON serializable
INFO:root:💾 Saved 500 records in 0.05s (11100 rec/s) | 13 15min, 243 hourly, 244 daily | Queue: 0
ERROR:cache_service:Error setting OHLC batch: Object of type datetime is not JSON serializable
INFO:root:💾 Saved 500 records in 0.04s (11150 rec/s) | 14 15min, 243 hourly, 243 daily | Queue: 0
ERROR:cache_service:Error setting OHLC batch: Object of type datetime is not JSON serializable
INFO:root:💾 Saved 500 records in 0.05s (9737 rec/s) | 13 15min, 244 hourly, 243 daily | Queue: 0
ERROR:cache_service:Error setting OHLC batch: Object of type datetime is not JSON serializable
INFO:root:💾 Saved 500 records in 0.05s (10230 rec/s) | 15 15min, 242 hourly, 243 daily | Queue: 0
ERROR:cache_service:Error setting OHLC batch: Object of type datetime is not JSON serializable
INFO:root:💾 Saved 500 records in 0.05s (10755 rec/s) | 13 15min, 244 hourly, 243 daily | Queue: 0
ERROR:cache_service:Error setting OHLC batch: Object of type datetime is not JSON serializable
INFO:root:💾 Saved 500 records in 0.05s (10851 rec/s) | 12 15min, 244 hourly, 244 daily | Queue: 0
ERROR:cache_service:Error setting OHLC batch: Object of type datetime is not JSON serializable
INFO:root:💾 Saved 500 records in 0.05s (9234 rec/s) | 9 15min, 245 hourly, 246 daily | Queue: 0
ERROR:cache_service:Error setting OHLC batch: Object of type datetime is not JSON serializable
INFO:root:💾 Saved 500 records in 0.05s (9833 rec/s) | 8 15min, 246 hourly, 246 daily | Queue: 0
ERROR:cache_service:Error setting OHLC batch: Object of type datetime is not JSON serializable
INFO:root:💾 Saved 500 records in 0.05s (10474 rec/s) | 10 15min, 245 hourly, 245 daily | Queue: 0
ERROR:cache_service:Error setting OHLC batch: Object of type datetime is not JSON serializable
INFO:root:💾 Saved 260 records in 0.03s (9329 rec/s) | 4 15min, 128 hourly, 128 daily | Queue: 0
INFO:root:📊 STATUS: 1,738,190 received | 1,730,168 processed | 8022 buffered | 2124 active | ProcQ: 0 | DBQ: 0 | 156,747 saved | Failed: 0 | Vol: TEXINFRA:902, DPWIRES:1,903
INFO:root:🕐 New hour detected (UTC): 2026-04-28 04:00:00+00:00
INFO:root:📤 Queued 31489 ticks from 2509 instruments | Processing queue: 1
INFO:root:📊 STATUS: 1,761,818 received | 1,730,168 processed | 161 buffered | 161 active | ProcQ: 0 | DBQ: 0 | 156,747 saved | Failed: 0 | Vol: TEXINFRA:1,092, DPWIRES:2,004
ERROR:cache_service:Error setting OHLC batch: Object of type datetime is not JSON serializable
INFO:root:💾 Saved 500 records in 0.07s (7159 rec/s) | 21 15min, 240 hourly, 239 daily | Queue: 0
ERROR:cache_service:Error setting OHLC batch: Object of type datetime is not JSON serializable
INFO:root:💾 Saved 500 records in 0.07s (7448 rec/s) | 13 15min, 243 hourly, 244 daily | Queue: 0
ERROR:cache_service:Error setting OHLC batch: Object of type datetime is not JSON serializable
INFO:root:💾 Saved 500 records in 0.09s (5669 rec/s) | 14 15min, 243 hourly, 243 daily | Queue: 0
ERROR:cache_service:Error setting OHLC batch: Object of type datetime is not JSON serializable
INFO:root:💾 Saved 500 records in 0.08s (6587 rec/s) | 13 15min, 244 hourly, 243 daily | Queue: 0
ERROR:cache_service:Error setting OHLC batch: Object of type datetime is not JSON serializable
INFO:root:💾 Saved 500 records in 0.07s (6994 rec/s) | 15 15min, 242 hourly, 243 daily | Queue: 0
ERROR:cache_service:Error setting OHLC batch: Object of type datetime is not JSON serializable
INFO:root:💾 Saved 500 records in 0.08s (5983 rec/s) | 13 15min, 244 hourly, 243 daily | Queue: 0
ERROR:cache_service:Error setting OHLC batch: Object of type datetime is not JSON serializable
INFO:root:💾 Saved 500 records in 0.06s (8494 rec/s) | 12 15min, 244 hourly, 244 daily | Queue: 0
ERROR:cache_service:Error setting OHLC batch: Object of type datetime is not JSON serializable
INFO:root:💾 Saved 500 records in 0.06s (8256 rec/s) | 9 15min, 245 hourly, 246 daily | Queue: 0
ERROR:cache_service:Error setting OHLC batch: Object of type datetime is not JSON serializable
INFO:root:💾 Saved 500 records in 0.05s (9696 rec/s) | 10 15min, 245 hourly, 245 daily | Queue: 0
ERROR:cache_service:Error setting OHLC batch: Object of type datetime is not JSON serializable
INFO:root:💾 Saved 500 records in 0.06s (8767 rec/s) | 12 15min, 244 hourly, 244 daily | Queue: 0
ERROR:cache_service:Error setting OHLC batch: Object of type datetime is not JSON serializable
INFO:root:💾 Saved 150 records in 0.03s (5734 rec/s) | 0 15min, 75 hourly, 75 daily | Queue: 0
INFO:root:⏰ Interval update (60s): 04:00:20 UTC
INFO:root:📤 Queued 15753 ticks from 2420 instruments | Processing queue: 1
ERROR:cache_service:Error setting OHLC batch: Object of type datetime is not JSON serializable
INFO:root:💾 Saved 500 records in 0.06s (8867 rec/s) | 21 15min, 240 hourly, 239 daily | Queue: 0
ERROR:cache_service:Error setting OHLC batch: Object of type datetime is not JSON serializable
INFO:root:💾 Saved 500 records in 0.06s (8832 rec/s) | 13 15min, 243 hourly, 244 daily | Queue: 0
ERROR:cache_service:Error setting OHLC batch: Object of type datetime is not JSON serializable
INFO:root:💾 Saved 500 records in 0.06s (8573 rec/s) | 17 15min, 242 hourly, 241 daily | Queue: 0
ERROR:cache_service:Error setting OHLC batch: Object of type datetime is not JSON serializable
INFO:root:💾 Saved 500 records in 0.06s (9010 rec/s) | 15 15min, 242 hourly, 243 daily | Queue: 0
ERROR:cache_service:Error setting OHLC batch: Object of type datetime is not JSON serializable
INFO:root:💾 Saved 500 records in 0.06s (7799 rec/s) | 10 15min, 245 hourly, 245 daily | Queue: 0
ERROR:cache_service:Error setting OHLC batch: Object of type datetime is not JSON serializable
INFO:root:💾 Saved 500 records in 0.05s (9561 rec/s) | 18 15min, 241 hourly, 241 daily | Queue: 0
ERROR:cache_service:Error setting OHLC batch: Object of type datetime is not JSON serializable
INFO:root:💾 Saved 500 records in 0.08s (5938 rec/s) | 10 15min, 245 hourly, 245 daily | Queue: 0
ERROR:cache_service:Error setting OHLC batch: Object of type datetime is not JSON serializable
INFO:root:💾 Saved 500 records in 0.06s (8197 rec/s) | 11 15min, 245 hourly, 244 daily | Queue: 0
ERROR:cache_service:Error setting OHLC batch: Object of type datetime is not JSON serializable
INFO:root:💾 Saved 500 records in 0.06s (8768 rec/s) | 9 15min, 245 hourly, 246 daily | Queue: 0
ERROR:cache_service:Error setting OHLC batch: Object of type datetime is not JSON serializable
INFO:root:💾 Saved 472 records in 0.07s (7095 rec/s) | 8 15min, 232 hourly, 232 daily | Queue: 0
INFO:root:📊 STATUS: 1,786,060 received | 1,777,410 processed | 8650 buffered | 2301 active | ProcQ: 0 | DBQ: 0 | 166,869 saved | Failed: 0 | Vol: TEXINFRA:1,143, DPWIRES:2,054
INFO:root:📊 STATUS: 1,809,183 received | 1,777,410 processed | 31773 buffered | 2567 active | ProcQ: 0 | DBQ: 0 | 166,869 saved | Failed: 0 | Vol: TEXINFRA:1,143, DPWIRES:2,054
INFO:root:⏰ Interval update (60s): 04:01:20 UTC
INFO:root:📤 Queued 46530 ticks from 2643 instruments | Processing queue: 1
ERROR:cache_service:Error setting OHLC batch: Object of type datetime is not JSON serializable
INFO:root:💾 Saved 500 records in 3.43s (146 rec/s) | 21 15min, 240 hourly, 239 daily | Queue: 0
ERROR:cache_service:Error setting OHLC batch: Object of type datetime is not JSON serializable
INFO:root:💾 Saved 500 records in 2.58s (194 rec/s) | 10 15min, 245 hourly, 245 daily | Queue: 0
ERROR:cache_service:Error setting OHLC batch: Object of type datetime is not JSON serializable
INFO:root:💾 Saved 500 records in 1.72s (291 rec/s) | 17 15min, 241 hourly, 242 daily | Queue: 0
ERROR:cache_service:Error setting OHLC batch: Object of type datetime is not JSON serializable
INFO:root:💾 Saved 500 records in 1.71s (293 rec/s) | 13 15min, 244 hourly, 243 daily | Queue: 0
INFO:root:📊 STATUS: 1,834,458 received | 1,823,940 processed | 10518 buffered | 2090 active | ProcQ: 0 | DBQ: 0 | 168,869 saved | Failed: 0 | Vol: TEXINFRA:1,143, DPWIRES:2,076
ERROR:cache_service:Error setting OHLC batch: Object of type datetime is not JSON serializable
INFO:root:💾 Saved 500 records in 1.50s (333 rec/s) | 10 15min, 245 hourly, 245 daily | Queue: 0
ERROR:cache_service:Error setting OHLC batch: Object of type datetime is not JSON serializable
INFO:root:💾 Saved 500 records in 1.45s (345 rec/s) | 17 15min, 241 hourly, 242 daily | Queue: 0
ERROR:cache_service:Error setting OHLC batch: Object of type datetime is not JSON serializable
INFO:root:💾 Saved 500 records in 1.51s (331 rec/s) | 10 15min, 245 hourly, 245 daily | Queue: 0
ERROR:cache_service:Error setting OHLC batch: Object of type datetime is not JSON serializable
INFO:root:💾 Saved 500 records in 1.21s (412 rec/s) | 9 15min, 246 hourly, 245 daily | Queue: 0
ERROR:cache_service:Error setting OHLC batch: Object of type datetime is not JSON serializable
INFO:root:💾 Saved 500 records in 1.82s (274 rec/s) | 8 15min, 246 hourly, 246 daily | Queue: 0
ERROR:cache_service:Error setting OHLC batch: Object of type datetime is not JSON serializable
INFO:root:💾 Saved 500 records in 1.37s (364 rec/s) | 9 15min, 245 hourly, 246 daily | Queue: 0
ERROR:cache_service:Error setting OHLC batch: Object of type datetime is not JSON serializable
INFO:root:💾 Saved 418 records in 1.10s (380 rec/s) | 8 15min, 205 hourly, 205 daily | Queue: 0
INFO:root:📊 STATUS: 1,858,736 received | 1,823,940 processed | 34796 buffered | 2473 active | ProcQ: 0 | DBQ: 0 | 172,287 saved | Failed: 0 | Vol: TEXINFRA:1,143, DPWIRES:2,076
INFO:root:⏰ Interval update (60s): 04:02:20 UTC
INFO:root:📤 Queued 49437 ticks from 2556 instruments | Processing queue: 1
ERROR:cache_service:Error setting OHLC batch: Object of type datetime is not JSON serializable
INFO:root:💾 Saved 500 records in 1.08s (464 rec/s) | 21 15min, 240 hourly, 239 daily | Queue: 0
ERROR:cache_service:Error setting OHLC batch: Object of type datetime is not JSON serializable
INFO:root:💾 Saved 500 records in 0.51s (990 rec/s) | 13 15min, 243 hourly, 244 daily | Queue: 0
ERROR:cache_service:Error setting OHLC batch: Object of type datetime is not JSON serializable
INFO:root:💾 Saved 500 records in 0.62s (802 rec/s) | 14 15min, 243 hourly, 243 daily | Queue: 0
ERROR:cache_service:Error setting OHLC batch: Object of type datetime is not JSON serializable
INFO:root:💾 Saved 500 records in 0.63s (793 rec/s) | 13 15min, 244 hourly, 243 daily | Queue: 0
ERROR:cache_service:Error setting OHLC batch: Object of type datetime is not JSON serializable
INFO:root:💾 Saved 500 records in 0.56s (896 rec/s) | 15 15min, 242 hourly, 243 daily | Queue: 0
ERROR:cache_service:Error setting OHLC batch: Object of type datetime is not JSON serializable
INFO:root:💾 Saved 500 records in 0.53s (950 rec/s) | 13 15min, 244 hourly, 243 daily | Queue: 0
ERROR:cache_service:Error setting OHLC batch: Object of type datetime is not JSON serializable
INFO:root:💾 Saved 500 records in 0.36s (1378 rec/s) | 12 15min, 244 hourly, 244 daily | Queue: 0
ERROR:cache_service:Error setting OHLC batch: Object of type datetime is not JSON serializable
INFO:root:💾 Saved 500 records in 0.38s (1319 rec/s) | 9 15min, 245 hourly, 246 daily | Queue: 0
ERROR:cache_service:Error setting OHLC batch: Object of type datetime is not JSON serializable
INFO:root:💾 Saved 500 records in 0.53s (937 rec/s) | 8 15min, 246 hourly, 246 daily | Queue: 0
ERROR:cache_service:Error setting OHLC batch: Object of type datetime is not JSON serializable
INFO:root:💾 Saved 500 records in 0.36s (1406 rec/s) | 10 15min, 245 hourly, 245 daily | Queue: 0
ERROR:cache_service:Error setting OHLC batch: Object of type datetime is not JSON serializable
INFO:root:💾 Saved 244 records in 0.15s (1642 rec/s) | 4 15min, 120 hourly, 120 daily | Queue: 0
INFO:root:📊 STATUS: 1,881,794 received | 1,873,377 processed | 8417 buffered | 2088 active | ProcQ: 0 | DBQ: 0 | 177,531 saved | Failed: 0 | Vol: TEXINFRA:1,147, DPWIRES:2,126
INFO:root:📊 STATUS: 1,904,381 received | 1,873,377 processed | 31004 buffered | 2490 active | ProcQ: 0 | DBQ: 0 | 177,531 saved | Failed: 0 | Vol: TEXINFRA:1,147, DPWIRES:2,126
INFO:root:⏰ Interval update (60s): 04:03:20 UTC
INFO:root:📤 Queued 45293 ticks from 2556 instruments | Processing queue: 1
ERROR:cache_service:Error setting OHLC batch: Object of type datetime is not JSON serializable
INFO:root:💾 Saved 500 records in 6.54s (76 rec/s) | 21 15min, 240 hourly, 239 daily | Queue: 0
INFO:root:📊 STATUS: 1,927,247 received | 1,918,670 processed | 8577 buffered | 2104 active | ProcQ: 0 | DBQ: 0 | 178,031 saved | Failed: 0 | Vol: TEXINFRA:1,147, DPWIRES:2,236
ERROR:cache_service:Error setting OHLC batch: Object of type datetime is not JSON serializable
INFO:root:💾 Saved 500 records in 4.59s (109 rec/s) | 13 15min, 243 hourly, 244 daily | Queue: 0
ERROR:cache_service:Error setting OHLC batch: Object of type datetime is not JSON serializable
INFO:root:💾 Saved 500 records in 4.86s (103 rec/s) | 14 15min, 243 hourly, 243 daily | Queue: 0
ERROR:cache_service:Error setting OHLC batch: Object of type datetime is not JSON serializable
INFO:root:💾 Saved 500 records in 4.55s (110 rec/s) | 13 15min, 244 hourly, 243 daily | Queue: 0
ERROR:cache_service:Error setting OHLC batch: Object of type datetime is not JSON serializable
INFO:root:💾 Saved 500 records in 4.14s (121 rec/s) | 15 15min, 242 hourly, 243 daily | Queue: 0
ERROR:cache_service:Error setting OHLC batch: Object of type datetime is not JSON serializable
INFO:root:💾 Saved 500 records in 4.16s (120 rec/s) | 13 15min, 244 hourly, 243 daily | Queue: 0
ERROR:cache_service:Error setting OHLC batch: Object of type datetime is not JSON serializable
INFO:root:💾 Saved 500 records in 5.14s (97 rec/s) | 12 15min, 244 hourly, 244 daily | Queue: 0
ERROR:cache_service:Error setting OHLC batch: Object of type datetime is not JSON serializable
INFO:root:💾 Saved 500 records in 5.56s (90 rec/s) | 9 15min, 245 hourly, 246 daily | Queue: 0
INFO:root:📊 STATUS: 1,949,920 received | 1,918,670 processed | 31250 buffered | 2478 active | ProcQ: 0 | DBQ: 0 | 181,531 saved | Failed: 0 | Vol: TEXINFRA:1,147, DPWIRES:2,236
ERROR:cache_service:Error setting OHLC batch: Object of type datetime is not JSON serializable
INFO:root:💾 Saved 500 records in 5.52s (91 rec/s) | 8 15min, 246 hourly, 246 daily | Queue: 0
ERROR:cache_service:Error setting OHLC batch: Object of type datetime is not JSON serializable
INFO:root:💾 Saved 500 records in 4.62s (108 rec/s) | 10 15min, 245 hourly, 245 daily | Queue: 0
ERROR:cache_service:Error setting OHLC batch: Object of type datetime is not JSON serializable
INFO:root:💾 Saved 244 records in 2.31s (106 rec/s) | 4 15min, 120 hourly, 120 daily | Queue: 0
INFO:root:⏰ Interval update (60s): 04:04:20 UTC
INFO:root:📤 Queued 45810 ticks from 2571 instruments | Processing queue: 1
ERROR:cache_service:Error setting OHLC batch: Object of type datetime is not JSON serializable
INFO:root:💾 Saved 500 records in 6.44s (78 rec/s) | 21 15min, 240 hourly, 239 daily | Queue: 0
INFO:root:📊 STATUS: 1,974,588 received | 1,964,480 processed | 10108 buffered | 2043 active | ProcQ: 0 | DBQ: 0 | 183,275 saved | Failed: 0 | Vol: TEXINFRA:1,218, DPWIRES:2,236
ERROR:cache_service:Error setting OHLC batch: Object of type datetime is not JSON serializable
INFO:root:💾 Saved 500 records in 7.25s (69 rec/s) | 13 15min, 243 hourly, 244 daily | Queue: 0
ERROR:cache_service:Error setting OHLC batch: Object of type datetime is not JSON serializable
INFO:root:💾 Saved 500 records in 6.17s (81 rec/s) | 14 15min, 243 hourly, 243 daily | Queue: 0
ERROR:cache_service:Error setting OHLC batch: Object of type datetime is not JSON serializable
INFO:root:💾 Saved 500 records in 4.76s (105 rec/s) | 13 15min, 244 hourly, 243 daily | Queue: 0
ERROR:cache_service:Error setting OHLC batch: Object of type datetime is not JSON serializable
INFO:root:💾 Saved 500 records in 8.52s (59 rec/s) | 15 15min, 242 hourly, 243 daily | Queue: 0
ERROR:cache_service:Error setting OHLC batch: Object of type datetime is not JSON serializable
INFO:root:💾 Saved 500 records in 6.26s (80 rec/s) | 13 15min, 244 hourly, 243 daily | Queue: 0
INFO:root:📊 STATUS: 1,997,907 received | 1,964,480 processed | 33427 buffered | 2460 active | ProcQ: 0 | DBQ: 0 | 185,775 saved | Failed: 0 | Vol: TEXINFRA:1,218, DPWIRES:2,236
ERROR:cache_service:Error setting OHLC batch: Object of type datetime is not JSON serializable
INFO:root:💾 Saved 500 records in 5.60s (89 rec/s) | 12 15min, 244 hourly, 244 daily | Queue: 0
ERROR:cache_service:Error setting OHLC batch: Object of type datetime is not JSON serializable
INFO:root:💾 Saved 500 records in 5.28s (95 rec/s) | 9 15min, 245 hourly, 246 daily | Queue: 0
ERROR:cache_service:Error setting OHLC batch: Object of type datetime is not JSON serializable
INFO:root:💾 Saved 500 records in 4.68s (107 rec/s) | 8 15min, 246 hourly, 246 daily | Queue: 0
ERROR:cache_service:Error setting OHLC batch: Object of type datetime is not JSON serializable
INFO:root:💾 Saved 500 records in 4.42s (113 rec/s) | 10 15min, 245 hourly, 245 daily | Queue: 0
INFO:root:⏰ Interval update (60s): 04:05:20 UTC
INFO:root:📤 Queued 47914 ticks from 2542 instruments | Processing queue: 1
ERROR:cache_service:Error setting OHLC batch: Object of type datetime is not JSON serializable
INFO:root:💾 Saved 274 records in 3.21s (85 rec/s) | 4 15min, 135 hourly, 135 daily | Queue: 1
ERROR:cache_service:Error setting OHLC batch: Object of type datetime is not JSON serializable
INFO:root:💾 Saved 500 records in 6.20s (81 rec/s) | 21 15min, 240 hourly, 239 daily | Queue: 0
INFO:root:📊 STATUS: 2,021,677 received | 2,012,394 processed | 9283 buffered | 2155 active | ProcQ: 0 | DBQ: 0 | 188,549 saved | Failed: 0 | Vol: TEXINFRA:1,218, DPWIRES:2,236
ERROR:cache_service:Error setting OHLC batch: Object of type datetime is not JSON serializable
INFO:root:💾 Saved 500 records in 3.13s (160 rec/s) | 13 15min, 243 hourly, 244 daily | Queue: 0
ERROR:cache_service:Error setting OHLC batch: Object of type datetime is not JSON serializable
INFO:root:💾 Saved 500 records in 2.92s (171 rec/s) | 14 15min, 243 hourly, 243 daily | Queue: 0
ERROR:cache_service:Error setting OHLC batch: Object of type datetime is not JSON serializable
INFO:root:💾 Saved 500 records in 3.38s (148 rec/s) | 12 15min, 244 hourly, 244 daily | Queue: 0
ERROR:cache_service:Error setting OHLC batch: Object of type datetime is not JSON serializable
INFO:root:💾 Saved 500 records in 2.31s (217 rec/s) | 15 15min, 243 hourly, 242 daily | Queue: 0
ERROR:cache_service:Error setting OHLC batch: Object of type datetime is not JSON serializable
INFO:root:💾 Saved 500 records in 2.16s (231 rec/s) | 13 15min, 243 hourly, 244 daily | Queue: 0
ERROR:cache_service:Error setting OHLC batch: Object of type datetime is not JSON serializable
INFO:root:💾 Saved 500 records in 2.36s (212 rec/s) | 12 15min, 244 hourly, 244 daily | Queue: 0
ERROR:cache_service:Error setting OHLC batch: Object of type datetime is not JSON serializable
INFO:root:💾 Saved 500 records in 3.40s (147 rec/s) | 10 15min, 245 hourly, 245 daily | Queue: 0
ERROR:cache_service:Error setting OHLC batch: Object of type datetime is not JSON serializable
INFO:root:💾 Saved 500 records in 3.16s (158 rec/s) | 8 15min, 246 hourly, 246 daily | Queue: 0
ERROR:cache_service:Error setting OHLC batch: Object of type datetime is not JSON serializable
INFO:root:💾 Saved 500 records in 4.13s (121 rec/s) | 10 15min, 245 hourly, 245 daily | Queue: 0
ERROR:cache_service:Error setting OHLC batch: Object of type datetime is not JSON serializable
INFO:root:💾 Saved 216 records in 1.92s (112 rec/s) | 4 15min, 106 hourly, 106 daily | Queue: 0
INFO:root:📊 STATUS: 2,044,351 received | 2,012,394 processed | 31957 buffered | 2526 active | ProcQ: 0 | DBQ: 0 | 193,265 saved | Failed: 0 | Vol: TEXINFRA:1,218, DPWIRES:2,236
INFO:root:⏰ Interval update (60s): 04:06:20 UTC
INFO:root:📤 Queued 46330 ticks from 2613 instruments | Processing queue: 1
ERROR:cache_service:Error setting OHLC batch: Object of type datetime is not JSON serializable
INFO:root:💾 Saved 500 records in 2.31s (216 rec/s) | 21 15min, 240 hourly, 239 daily | Queue: 0
ERROR:cache_service:Error setting OHLC batch: Object of type datetime is not JSON serializable
INFO:root:💾 Saved 500 records in 2.25s (222 rec/s) | 9 15min, 245 hourly, 246 daily | Queue: 0
ERROR:cache_service:Error setting OHLC batch: Object of type datetime is not JSON serializable
INFO:root:💾 Saved 500 records in 1.85s (271 rec/s) | 18 15min, 241 hourly, 241 daily | Queue: 0
ERROR:cache_service:Error setting OHLC batch: Object of type datetime is not JSON serializable
INFO:root:💾 Saved 500 records in 3.31s (151 rec/s) | 13 15min, 244 hourly, 243 daily | Queue: 0
INFO:root:📊 STATUS: 2,067,950 received | 2,058,724 processed | 9226 buffered | 2162 active | ProcQ: 0 | DBQ: 0 | 195,265 saved | Failed: 0 | Vol: TEXINFRA:1,817, DPWIRES:2,237
ERROR:cache_service:Error setting OHLC batch: Object of type datetime is not JSON serializable
INFO:root:💾 Saved 500 records in 8.08s (62 rec/s) | 10 15min, 245 hourly, 245 daily | Queue: 0
ERROR:cache_service:Error setting OHLC batch: Object of type datetime is not JSON serializable
INFO:root:💾 Saved 500 records in 7.18s (70 rec/s) | 18 15min, 241 hourly, 241 daily | Queue: 0
ERROR:cache_service:Error setting OHLC batch: Object of type datetime is not JSON serializable
INFO:root:💾 Saved 500 records in 3.45s (145 rec/s) | 9 15min, 245 hourly, 246 daily | Queue: 0
ERROR:cache_service:Error setting OHLC batch: Object of type datetime is not JSON serializable
INFO:root:💾 Saved 500 records in 4.01s (125 rec/s) | 9 15min, 246 hourly, 245 daily | Queue: 0
ERROR:cache_service:Error setting OHLC batch: Object of type datetime is not JSON serializable
INFO:root:💾 Saved 500 records in 3.60s (139 rec/s) | 11 15min, 244 hourly, 245 daily | Queue: 0
INFO:root:📊 STATUS: 2,091,023 received | 2,058,724 processed | 32299 buffered | 2494 active | ProcQ: 0 | DBQ: 0 | 197,765 saved | Failed: 0 | Vol: TEXINFRA:1,817, DPWIRES:2,237
ERROR:cache_service:Error setting OHLC batch: Object of type datetime is not JSON serializable
INFO:root:💾 Saved 500 records in 6.85s (73 rec/s) | 6 15min, 247 hourly, 247 daily | Queue: 0
ERROR:cache_service:Error setting OHLC batch: Object of type datetime is not JSON serializable
INFO:root:💾 Saved 358 records in 3.72s (96 rec/s) | 8 15min, 175 hourly, 175 daily | Queue: 0
INFO:root:⏰ Interval update (60s): 04:07:20 UTC
INFO:root:📤 Queued 46245 ticks from 2575 instruments | Processing queue: 1
ERROR:cache_service:Error setting OHLC batch: Object of type datetime is not JSON serializable
INFO:root:💾 Saved 500 records in 6.25s (80 rec/s) | 21 15min, 240 hourly, 239 daily | Queue: 0
ERROR:cache_service:Error setting OHLC batch: Object of type datetime is not JSON serializable
INFO:root:💾 Saved 500 records in 3.91s (128 rec/s) | 13 15min, 243 hourly, 244 daily | Queue: 0
INFO:root:📊 STATUS: 2,116,494 received | 2,104,969 processed | 11525 buffered | 2174 active | ProcQ: 0 | DBQ: 0 | 199,623 saved | Failed: 0 | Vol: TEXINFRA:1,986, DPWIRES:2,237
ERROR:cache_service:Error setting OHLC batch: Object of type datetime is not JSON serializable
INFO:root:💾 Saved 500 records in 2.94s (170 rec/s) | 14 15min, 243 hourly, 243 daily | Queue: 0
ERROR:cache_service:Error setting OHLC batch: Object of type datetime is not JSON serializable
INFO:root:💾 Saved 500 records in 2.70s (185 rec/s) | 13 15min, 244 hourly, 243 daily | Queue: 0
ERROR:cache_service:Error setting OHLC batch: Object of type datetime is not JSON serializable
INFO:root:💾 Saved 500 records in 2.71s (185 rec/s) | 14 15min, 243 hourly, 243 daily | Queue: 0
ERROR:cache_service:Error setting OHLC batch: Object of type datetime is not JSON serializable
INFO:root:💾 Saved 500 records in 3.34s (150 rec/s) | 14 15min, 243 hourly, 243 daily | Queue: 0
ERROR:cache_service:Error setting OHLC batch: Object of type datetime is not JSON serializable
INFO:root:💾 Saved 500 records in 2.18s (229 rec/s) | 12 15min, 244 hourly, 244 daily | Queue: 0
ERROR:cache_service:Error setting OHLC batch: Object of type datetime is not JSON serializable
INFO:root:💾 Saved 500 records in 2.42s (206 rec/s) | 9 15min, 245 hourly, 246 daily | Queue: 0
ERROR:cache_service:Error setting OHLC batch: Object of type datetime is not JSON serializable
INFO:root:💾 Saved 500 records in 3.91s (128 rec/s) | 8 15min, 246 hourly, 246 daily | Queue: 0
ERROR:cache_service:Error setting OHLC batch: Object of type datetime is not JSON serializable
INFO:root:💾 Saved 500 records in 3.48s (144 rec/s) | 10 15min, 245 hourly, 245 daily | Queue: 0
ERROR:cache_service:Error setting OHLC batch: Object of type datetime is not JSON serializable
INFO:root:💾 Saved 282 records in 2.01s (140 rec/s) | 4 15min, 139 hourly, 139 daily | Queue: 0
INFO:root:📊 STATUS: 2,140,317 received | 2,104,969 processed | 35348 buffered | 2468 active | ProcQ: 0 | DBQ: 0 | 203,905 saved | Failed: 0 | Vol: TEXINFRA:1,986, DPWIRES:2,237
INFO:root:⏰ Interval update (60s): 04:08:21 UTC
INFO:root:📤 Queued 49156 ticks from 2545 instruments | Processing queue: 1
ERROR:cache_service:Error setting OHLC batch: Object of type datetime is not JSON serializable
INFO:root:💾 Saved 500 records in 1.42s (352 rec/s) | 21 15min, 240 hourly, 239 daily | Queue: 0
ERROR:cache_service:Error setting OHLC batch: Object of type datetime is not JSON serializable
INFO:root:💾 Saved 500 records in 0.83s (605 rec/s) | 13 15min, 243 hourly, 244 daily | Queue: 0
ERROR:cache_service:Error setting OHLC batch: Object of type datetime is not JSON serializable
INFO:root:💾 Saved 500 records in 0.81s (620 rec/s) | 14 15min, 243 hourly, 243 daily | Queue: 0
ERROR:cache_service:Error setting OHLC batch: Object of type datetime is not JSON serializable
INFO:root:💾 Saved 500 records in 0.76s (655 rec/s) | 13 15min, 244 hourly, 243 daily | Queue: 0
ERROR:cache_service:Error setting OHLC batch: Object of type datetime is not JSON serializable
INFO:root:💾 Saved 500 records in 0.80s (624 rec/s) | 15 15min, 242 hourly, 243 daily | Queue: 0
ERROR:cache_service:Error setting OHLC batch: Object of type datetime is not JSON serializable
INFO:root:💾 Saved 500 records in 1.00s (499 rec/s) | 13 15min, 244 hourly, 243 daily | Queue: 0
ERROR:cache_service:Error setting OHLC batch: Object of type datetime is not JSON serializable
INFO:root:💾 Saved 500 records in 1.09s (458 rec/s) | 12 15min, 244 hourly, 244 daily | Queue: 0
ERROR:cache_service:Error setting OHLC batch: Object of type datetime is not JSON serializable
INFO:root:💾 Saved 500 records in 1.04s (482 rec/s) | 9 15min, 245 hourly, 246 daily | Queue: 0
ERROR:cache_service:Error setting OHLC batch: Object of type datetime is not JSON serializable
INFO:root:💾 Saved 500 records in 1.25s (399 rec/s) | 8 15min, 246 hourly, 246 daily | Queue: 0
ERROR:cache_service:Error setting OHLC batch: Object of type datetime is not JSON serializable
INFO:root:💾 Saved 500 records in 0.74s (672 rec/s) | 10 15min, 245 hourly, 245 daily | Queue: 0
ERROR:cache_service:Error setting OHLC batch: Object of type datetime is not JSON serializable
INFO:root:💾 Saved 222 records in 0.17s (1311 rec/s) | 4 15min, 109 hourly, 109 daily | Queue: 0
INFO:root:📊 STATUS: 2,164,045 received | 2,154,125 processed | 9920 buffered | 2156 active | ProcQ: 0 | DBQ: 0 | 209,127 saved | Failed: 0 | Vol: TEXINFRA:1,986, DPWIRES:2,237
INFO:root:📊 STATUS: 2,186,465 received | 2,154,125 processed | 32340 buffered | 2459 active | ProcQ: 0 | DBQ: 0 | 209,127 saved | Failed: 0 | Vol: TEXINFRA:1,986, DPWIRES:2,237
INFO:root:⏰ Interval update (60s): 04:09:21 UTC
INFO:root:📤 Queued 46643 ticks from 2534 instruments | Processing queue: 1
ERROR:cache_service:Error setting OHLC batch: Object of type datetime is not JSON serializable
INFO:root:💾 Saved 500 records in 0.15s (3301 rec/s) | 21 15min, 240 hourly, 239 daily | Queue: 0
ERROR:cache_service:Error setting OHLC batch: Object of type datetime is not JSON serializable
INFO:root:💾 Saved 500 records in 0.14s (3637 rec/s) | 13 15min, 243 hourly, 244 daily | Queue: 0
ERROR:cache_service:Error setting OHLC batch: Object of type datetime is not JSON serializable
INFO:root:💾 Saved 500 records in 0.16s (3128 rec/s) | 14 15min, 243 hourly, 243 daily | Queue: 0
ERROR:cache_service:Error setting OHLC batch: Object of type datetime is not JSON serializable
INFO:root:💾 Saved 500 records in 0.13s (3840 rec/s) | 13 15min, 244 hourly, 243 daily | Queue: 0
ERROR:cache_service:Error setting OHLC batch: Object of type datetime is not JSON serializable
INFO:root:💾 Saved 500 records in 0.14s (3585 rec/s) | 15 15min, 242 hourly, 243 daily | Queue: 0
ERROR:cache_service:Error setting OHLC batch: Object of type datetime is not JSON serializable
INFO:root:💾 Saved 500 records in 0.12s (4160 rec/s) | 13 15min, 244 hourly, 243 daily | Queue: 0
ERROR:cache_service:Error setting OHLC batch: Object of type datetime is not JSON serializable
INFO:root:💾 Saved 500 records in 0.14s (3450 rec/s) | 12 15min, 244 hourly, 244 daily | Queue: 0
ERROR:cache_service:Error setting OHLC batch: Object of type datetime is not JSON serializable
INFO:root:💾 Saved 500 records in 0.10s (5108 rec/s) | 9 15min, 245 hourly, 246 daily | Queue: 0
ERROR:cache_service:Error setting OHLC batch: Object of type datetime is not JSON serializable
INFO:root:💾 Saved 500 records in 0.11s (4442 rec/s) | 8 15min, 246 hourly, 246 daily | Queue: 0
ERROR:cache_service:Error setting OHLC batch: Object of type datetime is not JSON serializable
INFO:root:💾 Saved 500 records in 0.13s (3707 rec/s) | 10 15min, 245 hourly, 245 daily | Queue: 0
ERROR:cache_service:Error setting OHLC batch: Object of type datetime is not JSON serializable
INFO:root:💾 Saved 200 records in 0.05s (4334 rec/s) | 4 15min, 98 hourly, 98 daily | Queue: 0
INFO:root:📊 STATUS: 2,210,398 received | 2,200,768 processed | 9630 buffered | 2107 active | ProcQ: 0 | DBQ: 0 | 214,327 saved | Failed: 0 | Vol: TEXINFRA:1,996, DPWIRES:2,237
INFO:root:📊 STATUS: 2,232,617 received | 2,200,768 processed | 31849 buffered | 2475 active | ProcQ: 0 | DBQ: 0 | 214,327 saved | Failed: 0 | Vol: TEXINFRA:1,996, DPWIRES:2,237
INFO:root:⏰ Interval update (60s): 04:10:21 UTC
INFO:root:📤 Queued 46428 ticks from 2578 instruments | Processing queue: 1
ERROR:cache_service:Error setting OHLC batch: Object of type datetime is not JSON serializable
INFO:root:💾 Saved 500 records in 0.09s (5313 rec/s) | 21 15min, 240 hourly, 239 daily | Queue: 0
ERROR:cache_service:Error setting OHLC batch: Object of type datetime is not JSON serializable
INFO:root:💾 Saved 500 records in 0.13s (3913 rec/s) | 13 15min, 243 hourly, 244 daily | Queue: 0
ERROR:cache_service:Error setting OHLC batch: Object of type datetime is not JSON serializable
INFO:root:💾 Saved 500 records in 0.12s (4187 rec/s) | 14 15min, 243 hourly, 243 daily | Queue: 0
ERROR:cache_service:Error setting OHLC batch: Object of type datetime is not JSON serializable
INFO:root:💾 Saved 500 records in 0.09s (5437 rec/s) | 13 15min, 244 hourly, 243 daily | Queue: 0
ERROR:cache_service:Error setting OHLC batch: Object of type datetime is not JSON serializable
INFO:root:💾 Saved 500 records in 0.17s (3014 rec/s) | 12 15min, 244 hourly, 244 daily | Queue: 0
ERROR:cache_service:Error setting OHLC batch: Object of type datetime is not JSON serializable
INFO:root:💾 Saved 500 records in 0.10s (5018 rec/s) | 16 15min, 242 hourly, 242 daily | Queue: 0
ERROR:cache_service:Error setting OHLC batch: Object of type datetime is not JSON serializable
INFO:root:💾 Saved 500 records in 0.11s (4372 rec/s) | 12 15min, 244 hourly, 244 daily | Queue: 0
ERROR:cache_service:Error setting OHLC batch: Object of type datetime is not JSON serializable
INFO:root:💾 Saved 500 records in 0.11s (4640 rec/s) | 9 15min, 245 hourly, 246 daily | Queue: 0
ERROR:cache_service:Error setting OHLC batch: Object of type datetime is not JSON serializable
INFO:root:💾 Saved 500 records in 0.13s (3784 rec/s) | 8 15min, 246 hourly, 246 daily | Queue: 0
ERROR:cache_service:Error setting OHLC batch: Object of type datetime is not JSON serializable
INFO:root:💾 Saved 500 records in 0.14s (3653 rec/s) | 10 15min, 245 hourly, 245 daily | Queue: 0
ERROR:cache_service:Error setting OHLC batch: Object of type datetime is not JSON serializable
INFO:root:💾 Saved 288 records in 0.07s (4039 rec/s) | 4 15min, 142 hourly, 142 daily | Queue: 0
INFO:root:📊 STATUS: 2,258,555 received | 2,247,196 processed | 11359 buffered | 2152 active | ProcQ: 0 | DBQ: 0 | 219,615 saved | Failed: 0 | Vol: TEXINFRA:1,996, DPWIRES:2,237
INFO:root:📊 STATUS: 2,282,381 received | 2,247,196 processed | 35185 buffered | 2502 active | ProcQ: 0 | DBQ: 0 | 219,615 saved | Failed: 0 | Vol: TEXINFRA:1,996, DPWIRES:2,237
INFO:root:⏰ Interval update (60s): 04:11:21 UTC
INFO:root:📤 Queued 48882 ticks from 2568 instruments | Processing queue: 1
ERROR:cache_service:Error setting OHLC batch: Object of type datetime is not JSON serializable
INFO:root:💾 Saved 500 records in 0.66s (762 rec/s) | 21 15min, 240 hourly, 239 daily | Queue: 0
ERROR:cache_service:Error setting OHLC batch: Object of type datetime is not JSON serializable
INFO:root:💾 Saved 500 records in 0.68s (738 rec/s) | 13 15min, 243 hourly, 244 daily | Queue: 0
ERROR:cache_service:Error setting OHLC batch: Object of type datetime is not JSON serializable
INFO:root:💾 Saved 500 records in 0.36s (1387 rec/s) | 14 15min, 243 hourly, 243 daily | Queue: 0
ERROR:cache_service:Error setting OHLC batch: Object of type datetime is not JSON serializable
INFO:root:💾 Saved 500 records in 0.22s (2255 rec/s) | 13 15min, 244 hourly, 243 daily | Queue: 0
ERROR:cache_service:Error setting OHLC batch: Object of type datetime is not JSON serializable
INFO:root:💾 Saved 500 records in 0.17s (2970 rec/s) | 10 15min, 245 hourly, 245 daily | Queue: 0
ERROR:cache_service:Error setting OHLC batch: Object of type datetime is not JSON serializable
INFO:root:💾 Saved 500 records in 0.15s (3247 rec/s) | 18 15min, 241 hourly, 241 daily | Queue: 0
ERROR:cache_service:Error setting OHLC batch: Object of type datetime is not JSON serializable
INFO:root:💾 Saved 500 records in 0.14s (3552 rec/s) | 12 15min, 244 hourly, 244 daily | Queue: 0
ERROR:cache_service:Error setting OHLC batch: Object of type datetime is not JSON serializable
INFO:root:💾 Saved 500 records in 0.17s (2940 rec/s) | 9 15min, 245 hourly, 246 daily | Queue: 0
ERROR:cache_service:Error setting OHLC batch: Object of type datetime is not JSON serializable
INFO:root:💾 Saved 500 records in 0.16s (3207 rec/s) | 8 15min, 246 hourly, 246 daily | Queue: 0
ERROR:cache_service:Error setting OHLC batch: Object of type datetime is not JSON serializable
INFO:root:💾 Saved 500 records in 0.16s (3079 rec/s) | 10 15min, 245 hourly, 245 daily | Queue: 0
ERROR:cache_service:Error setting OHLC batch: Object of type datetime is not JSON serializable
INFO:root:💾 Saved 268 records in 0.10s (2611 rec/s) | 4 15min, 132 hourly, 132 daily | Queue: 0
INFO:root:📊 STATUS: 2,305,505 received | 2,296,078 processed | 9427 buffered | 2175 active | ProcQ: 0 | DBQ: 0 | 224,883 saved | Failed: 0 | Vol: TEXINFRA:1,997, DPWIRES:2,237
INFO:root:📊 STATUS: 2,327,978 received | 2,296,078 processed | 31900 buffered | 2444 active | ProcQ: 0 | DBQ: 0 | 224,883 saved | Failed: 0 | Vol: TEXINFRA:1,997, DPWIRES:2,237
INFO:root:⏰ Interval update (60s): 04:12:21 UTC
INFO:root:📤 Queued 45294 ticks from 2535 instruments | Processing queue: 1
ERROR:cache_service:Error setting OHLC batch: Object of type datetime is not JSON serializable
INFO:root:💾 Saved 500 records in 0.08s (6223 rec/s) | 21 15min, 240 hourly, 239 daily | Queue: 0
ERROR:cache_service:Error setting OHLC batch: Object of type datetime is not JSON serializable
INFO:root:💾 Saved 500 records in 0.08s (6425 rec/s) | 13 15min, 243 hourly, 244 daily | Queue: 0
ERROR:cache_service:Error setting OHLC batch: Object of type datetime is not JSON serializable
INFO:root:💾 Saved 500 records in 0.06s (8110 rec/s) | 14 15min, 243 hourly, 243 daily | Queue: 0
ERROR:cache_service:Error setting OHLC batch: Object of type datetime is not JSON serializable
INFO:root:💾 Saved 500 records in 0.06s (8008 rec/s) | 13 15min, 244 hourly, 243 daily | Queue: 0
ERROR:cache_service:Error setting OHLC batch: Object of type datetime is not JSON serializable
INFO:root:💾 Saved 500 records in 0.05s (9532 rec/s) | 15 15min, 242 hourly, 243 daily | Queue: 0
ERROR:cache_service:Error setting OHLC batch: Object of type datetime is not JSON serializable
INFO:root:💾 Saved 500 records in 0.07s (7264 rec/s) | 13 15min, 244 hourly, 243 daily | Queue: 0
ERROR:cache_service:Error setting OHLC batch: Object of type datetime is not JSON serializable
INFO:root:💾 Saved 500 records in 0.06s (8755 rec/s) | 12 15min, 244 hourly, 244 daily | Queue: 0
ERROR:cache_service:Error setting OHLC batch: Object of type datetime is not JSON serializable
INFO:root:💾 Saved 500 records in 0.07s (6960 rec/s) | 9 15min, 245 hourly, 246 daily | Queue: 0
ERROR:cache_service:Error setting OHLC batch: Object of type datetime is not JSON serializable
INFO:root:💾 Saved 500 records in 0.06s (8308 rec/s) | 8 15min, 246 hourly, 246 daily | Queue: 0
ERROR:cache_service:Error setting OHLC batch: Object of type datetime is not JSON serializable
INFO:root:💾 Saved 500 records in 0.06s (7757 rec/s) | 10 15min, 245 hourly, 245 daily | Queue: 0
ERROR:cache_service:Error setting OHLC batch: Object of type datetime is not JSON serializable
INFO:root:💾 Saved 202 records in 0.03s (7582 rec/s) | 4 15min, 99 hourly, 99 daily | Queue: 0
INFO:root:📊 STATUS: 2,351,428 received | 2,341,372 processed | 10056 buffered | 2123 active | ProcQ: 0 | DBQ: 0 | 230,085 saved | Failed: 0 | Vol: TEXINFRA:1,997, DPWIRES:2,237
INFO:root:📊 STATUS: 2,373,669 received | 2,341,372 processed | 32297 buffered | 2491 active | ProcQ: 0 | DBQ: 0 | 230,085 saved | Failed: 0 | Vol: TEXINFRA:1,997, DPWIRES:2,237
INFO:root:⏰ Interval update (60s): 04:13:21 UTC
INFO:root:📤 Queued 45148 ticks from 2549 instruments | Processing queue: 1
ERROR:cache_service:Error setting OHLC batch: Object of type datetime is not JSON serializable
INFO:root:💾 Saved 500 records in 0.06s (8116 rec/s) | 21 15min, 240 hourly, 239 daily | Queue: 0
ERROR:cache_service:Error setting OHLC batch: Object of type datetime is not JSON serializable
INFO:root:💾 Saved 500 records in 0.05s (9399 rec/s) | 13 15min, 243 hourly, 244 daily | Queue: 0
ERROR:cache_service:Error setting OHLC batch: Object of type datetime is not JSON serializable
INFO:root:💾 Saved 500 records in 0.04s (11407 rec/s) | 14 15min, 243 hourly, 243 daily | Queue: 0
ERROR:cache_service:Error setting OHLC batch: Object of type datetime is not JSON serializable
INFO:root:💾 Saved 500 records in 0.06s (8843 rec/s) | 11 15min, 245 hourly, 244 daily | Queue: 0
ERROR:cache_service:Error setting OHLC batch: Object of type datetime is not JSON serializable
INFO:root:💾 Saved 500 records in 0.06s (8864 rec/s) | 15 15min, 242 hourly, 243 daily | Queue: 0
ERROR:cache_service:Error setting OHLC batch: Object of type datetime is not JSON serializable
INFO:root:💾 Saved 500 records in 0.06s (8091 rec/s) | 13 15min, 244 hourly, 243 daily | Queue: 0
ERROR:cache_service:Error setting OHLC batch: Object of type datetime is not JSON serializable
INFO:root:💾 Saved 500 records in 0.08s (6447 rec/s) | 12 15min, 244 hourly, 244 daily | Queue: 0
ERROR:cache_service:Error setting OHLC batch: Object of type datetime is not JSON serializable
INFO:root:💾 Saved 500 records in 0.06s (8131 rec/s) | 11 15min, 244 hourly, 245 daily | Queue: 0
ERROR:cache_service:Error setting OHLC batch: Object of type datetime is not JSON serializable
INFO:root:💾 Saved 500 records in 0.05s (10191 rec/s) | 8 15min, 246 hourly, 246 daily | Queue: 0
ERROR:cache_service:Error setting OHLC batch: Object of type datetime is not JSON serializable
INFO:root:💾 Saved 500 records in 0.06s (8156 rec/s) | 10 15min, 245 hourly, 245 daily | Queue: 0
ERROR:cache_service:Error setting OHLC batch: Object of type datetime is not JSON serializable
INFO:root:💾 Saved 230 records in 0.03s (8281 rec/s) | 4 15min, 113 hourly, 113 daily | Queue: 0
INFO:root:📊 STATUS: 2,398,348 received | 2,386,520 processed | 11828 buffered | 2132 active | ProcQ: 0 | DBQ: 0 | 235,315 saved | Failed: 0 | Vol: TEXINFRA:1,997, DPWIRES:2,237
INFO:root:📊 STATUS: 2,422,007 received | 2,386,520 processed | 35487 buffered | 2445 active | ProcQ: 0 | DBQ: 0 | 235,315 saved | Failed: 0 | Vol: TEXINFRA:1,997, DPWIRES:2,237
INFO:root:⏰ Interval update (60s): 04:14:22 UTC
INFO:root:📤 Queued 48574 ticks from 2540 instruments | Processing queue: 1
ERROR:cache_service:Error setting OHLC batch: Object of type datetime is not JSON serializable
INFO:root:💾 Saved 500 records in 0.05s (10586 rec/s) | 21 15min, 240 hourly, 239 daily | Queue: 0
ERROR:cache_service:Error setting OHLC batch: Object of type datetime is not JSON serializable
INFO:root:💾 Saved 500 records in 0.07s (7352 rec/s) | 13 15min, 243 hourly, 244 daily | Queue: 0
ERROR:cache_service:Error setting OHLC batch: Object of type datetime is not JSON serializable
INFO:root:💾 Saved 500 records in 0.05s (9659 rec/s) | 14 15min, 243 hourly, 243 daily | Queue: 0
ERROR:cache_service:Error setting OHLC batch: Object of type datetime is not JSON serializable
INFO:root:💾 Saved 500 records in 0.05s (9137 rec/s) | 13 15min, 244 hourly, 243 daily | Queue: 0
ERROR:cache_service:Error setting OHLC batch: Object of type datetime is not JSON serializable
INFO:root:💾 Saved 500 records in 0.06s (8630 rec/s) | 15 15min, 242 hourly, 243 daily | Queue: 0
ERROR:cache_service:Error setting OHLC batch: Object of type datetime is not JSON serializable
INFO:root:💾 Saved 500 records in 0.05s (9232 rec/s) | 13 15min, 244 hourly, 243 daily | Queue: 0
ERROR:cache_service:Error setting OHLC batch: Object of type datetime is not JSON serializable
INFO:root:💾 Saved 500 records in 0.05s (10040 rec/s) | 12 15min, 244 hourly, 244 daily | Queue: 0
ERROR:cache_service:Error setting OHLC batch: Object of type datetime is not JSON serializable
INFO:root:💾 Saved 500 records in 0.05s (9172 rec/s) | 9 15min, 245 hourly, 246 daily | Queue: 0
ERROR:cache_service:Error setting OHLC batch: Object of type datetime is not JSON serializable
INFO:root:💾 Saved 500 records in 0.06s (8668 rec/s) | 8 15min, 246 hourly, 246 daily | Queue: 0
ERROR:cache_service:Error setting OHLC batch: Object of type datetime is not JSON serializable
INFO:root:💾 Saved 500 records in 0.05s (9396 rec/s) | 10 15min, 245 hourly, 245 daily | Queue: 0
ERROR:cache_service:Error setting OHLC batch: Object of type datetime is not JSON serializable
INFO:root:💾 Saved 212 records in 0.03s (8446 rec/s) | 4 15min, 104 hourly, 104 daily | Queue: 0
INFO:root:📊 STATUS: 2,445,061 received | 2,435,094 processed | 9967 buffered | 2155 active | ProcQ: 0 | DBQ: 0 | 240,527 saved | Failed: 0 | Vol: TEXINFRA:1,997, DPWIRES:2,267
INFO:root:📊 STATUS: 2,467,890 received | 2,435,094 processed | 32796 buffered | 2439 active | ProcQ: 0 | DBQ: 0 | 240,527 saved | Failed: 0 | Vol: TEXINFRA:1,997, DPWIRES:2,267
INFO:root:⏰ Interval update (60s): 04:15:22 UTC
INFO:root:📤 Queued 45828 ticks from 2516 instruments | Processing queue: 1
ERROR:cache_service:Error setting OHLC batch: Object of type datetime is not JSON serializable
INFO:root:💾 Saved 500 records in 0.05s (10355 rec/s) | 21 15min, 240 hourly, 239 daily | Queue: 0
ERROR:cache_service:Error setting OHLC batch: Object of type datetime is not JSON serializable
INFO:root:💾 Saved 500 records in 0.05s (10030 rec/s) | 13 15min, 243 hourly, 244 daily | Queue: 0
ERROR:cache_service:Error setting OHLC batch: Object of type datetime is not JSON serializable
INFO:root:💾 Saved 500 records in 0.06s (7717 rec/s) | 17 15min, 242 hourly, 241 daily | Queue: 0
ERROR:cache_service:Error setting OHLC batch: Object of type datetime is not JSON serializable
INFO:root:💾 Saved 500 records in 0.04s (12136 rec/s) | 10 15min, 245 hourly, 245 daily | Queue: 0
ERROR:cache_service:Error setting OHLC batch: Object of type datetime is not JSON serializable
INFO:root:💾 Saved 500 records in 0.04s (11715 rec/s) | 15 15min, 242 hourly, 243 daily | Queue: 0
ERROR:cache_service:Error setting OHLC batch: Object of type datetime is not JSON serializable
INFO:root:💾 Saved 500 records in 0.05s (9917 rec/s) | 18 15min, 241 hourly, 241 daily | Queue: 0
ERROR:cache_service:Error setting OHLC batch: Object of type datetime is not JSON serializable
INFO:root:💾 Saved 500 records in 0.05s (10572 rec/s) | 7 15min, 247 hourly, 246 daily | Queue: 0
ERROR:cache_service:Error setting OHLC batch: Object of type datetime is not JSON serializable
INFO:root:💾 Saved 500 records in 0.06s (8366 rec/s) | 11 15min, 244 hourly, 245 daily | Queue: 0
ERROR:cache_service:Error setting OHLC batch: Object of type datetime is not JSON serializable
INFO:root:💾 Saved 500 records in 0.04s (12196 rec/s) | 8 15min, 246 hourly, 246 daily | Queue: 0
ERROR:cache_service:Error setting OHLC batch: Object of type datetime is not JSON serializable
INFO:root:💾 Saved 500 records in 0.05s (10553 rec/s) | 10 15min, 245 hourly, 245 daily | Queue: 0
ERROR:cache_service:Error setting OHLC batch: Object of type datetime is not JSON serializable
INFO:root:💾 Saved 164 records in 0.02s (8079 rec/s) | 2 15min, 81 hourly, 81 daily | Queue: 0
INFO:root:📊 STATUS: 2,491,295 received | 2,480,922 processed | 10373 buffered | 2136 active | ProcQ: 0 | DBQ: 0 | 245,691 saved | Failed: 0 | Vol: TEXINFRA:1,999, DPWIRES:2,270
INFO:root:📊 STATUS: 2,514,312 received | 2,480,922 processed | 33390 buffered | 2491 active | ProcQ: 0 | DBQ: 0 | 245,691 saved | Failed: 0 | Vol: TEXINFRA:1,999, DPWIRES:2,270
INFO:root:⏰ Interval update (60s): 04:16:22 UTC
INFO:root:📤 Queued 46292 ticks from 2550 instruments | Processing queue: 1
ERROR:cache_service:Error setting OHLC batch: Object of type datetime is not JSON serializable
INFO:root:💾 Saved 500 records in 6.71s (74 rec/s) | 21 15min, 240 hourly, 239 daily | Queue: 0
ERROR:cache_service:Error setting OHLC batch: Object of type datetime is not JSON serializable
INFO:root:💾 Saved 500 records in 2.61s (191 rec/s) | 13 15min, 243 hourly, 244 daily | Queue: 0
ERROR:cache_service:Error setting OHLC batch: Object of type datetime is not JSON serializable
INFO:root:💾 Saved 500 records in 1.82s (275 rec/s) | 14 15min, 243 hourly, 243 daily | Queue: 0
ERROR:cache_service:Error setting OHLC batch: Object of type datetime is not JSON serializable
INFO:root:💾 Saved 500 records in 1.48s (337 rec/s) | 13 15min, 244 hourly, 243 daily | Queue: 0
INFO:root:📊 STATUS: 2,539,246 received | 2,527,214 processed | 12032 buffered | 2127 active | ProcQ: 0 | DBQ: 0 | 247,691 saved | Failed: 0 | Vol: TEXINFRA:1,999, DPWIRES:2,370
ERROR:cache_service:Error setting OHLC batch: Object of type datetime is not JSON serializable
INFO:root:💾 Saved 500 records in 1.24s (402 rec/s) | 15 15min, 242 hourly, 243 daily | Queue: 0
ERROR:cache_service:Error setting OHLC batch: Object of type datetime is not JSON serializable
INFO:root:💾 Saved 500 records in 1.23s (405 rec/s) | 13 15min, 244 hourly, 243 daily | Queue: 0
ERROR:cache_service:Error setting OHLC batch: Object of type datetime is not JSON serializable
INFO:root:💾 Saved 500 records in 1.14s (437 rec/s) | 12 15min, 244 hourly, 244 daily | Queue: 0
ERROR:cache_service:Error setting OHLC batch: Object of type datetime is not JSON serializable
INFO:root:💾 Saved 500 records in 1.01s (497 rec/s) | 9 15min, 245 hourly, 246 daily | Queue: 0
ERROR:cache_service:Error setting OHLC batch: Object of type datetime is not JSON serializable
INFO:root:💾 Saved 500 records in 0.81s (617 rec/s) | 8 15min, 246 hourly, 246 daily | Queue: 0
ERROR:cache_service:Error setting OHLC batch: Object of type datetime is not JSON serializable
INFO:root:💾 Saved 500 records in 0.84s (598 rec/s) | 10 15min, 245 hourly, 245 daily | Queue: 0
ERROR:cache_service:Error setting OHLC batch: Object of type datetime is not JSON serializable
INFO:root:💾 Saved 232 records in 0.50s (464 rec/s) | 4 15min, 114 hourly, 114 daily | Queue: 0
INFO:root:📊 STATUS: 2,563,059 received | 2,527,214 processed | 35845 buffered | 2451 active | ProcQ: 0 | DBQ: 0 | 250,923 saved | Failed: 0 | Vol: TEXINFRA:1,999, DPWIRES:2,370
INFO:root:⏰ Interval update (60s): 04:17:22 UTC
INFO:root:📤 Queued 48291 ticks from 2540 instruments | Processing queue: 1
ERROR:cache_service:Error setting OHLC batch: Object of type datetime is not JSON serializable
INFO:root:💾 Saved 500 records in 1.50s (333 rec/s) | 21 15min, 240 hourly, 239 daily | Queue: 0
ERROR:cache_service:Error setting OHLC batch: Object of type datetime is not JSON serializable
INFO:root:💾 Saved 500 records in 0.75s (665 rec/s) | 13 15min, 243 hourly, 244 daily | Queue: 0
ERROR:cache_service:Error setting OHLC batch: Object of type datetime is not JSON serializable
INFO:root:💾 Saved 500 records in 1.43s (350 rec/s) | 14 15min, 243 hourly, 243 daily | Queue: 0
ERROR:cache_service:Error setting OHLC batch: Object of type datetime is not JSON serializable
INFO:root:💾 Saved 500 records in 0.56s (885 rec/s) | 13 15min, 244 hourly, 243 daily | Queue: 0
ERROR:cache_service:Error setting OHLC batch: Object of type datetime is not JSON serializable
INFO:root:💾 Saved 500 records in 0.57s (877 rec/s) | 15 15min, 242 hourly, 243 daily | Queue: 0
ERROR:cache_service:Error setting OHLC batch: Object of type datetime is not JSON serializable
INFO:root:💾 Saved 500 records in 0.50s (999 rec/s) | 13 15min, 244 hourly, 243 daily | Queue: 0
ERROR:cache_service:Error setting OHLC batch: Object of type datetime is not JSON serializable
INFO:root:💾 Saved 500 records in 0.50s (1004 rec/s) | 12 15min, 244 hourly, 244 daily | Queue: 0
ERROR:cache_service:Error setting OHLC batch: Object of type datetime is not JSON serializable
INFO:root:💾 Saved 500 records in 0.44s (1126 rec/s) | 9 15min, 245 hourly, 246 daily | Queue: 0
ERROR:cache_service:Error setting OHLC batch: Object of type datetime is not JSON serializable
INFO:root:💾 Saved 500 records in 0.45s (1110 rec/s) | 8 15min, 246 hourly, 246 daily | Queue: 0
ERROR:cache_service:Error setting OHLC batch: Object of type datetime is not JSON serializable
INFO:root:💾 Saved 500 records in 0.57s (880 rec/s) | 10 15min, 245 hourly, 245 daily | Queue: 0
ERROR:cache_service:Error setting OHLC batch: Object of type datetime is not JSON serializable
INFO:root:💾 Saved 212 records in 0.40s (534 rec/s) | 4 15min, 104 hourly, 104 daily | Queue: 0
INFO:root:📊 STATUS: 2,585,698 received | 2,575,505 processed | 10193 buffered | 2159 active | ProcQ: 0 | DBQ: 0 | 256,135 saved | Failed: 0 | Vol: TEXINFRA:1,999, DPWIRES:2,410
INFO:root:📊 STATUS: 2,608,101 received | 2,575,505 processed | 32596 buffered | 2420 active | ProcQ: 0 | DBQ: 0 | 256,135 saved | Failed: 0 | Vol: TEXINFRA:1,999, DPWIRES:2,410
INFO:root:⏰ Interval update (60s): 04:18:22 UTC
INFO:root:📤 Queued 46325 ticks from 2510 instruments | Processing queue: 1
ERROR:cache_service:Error setting OHLC batch: Object of type datetime is not JSON serializable
INFO:root:💾 Saved 500 records in 10.02s (50 rec/s) | 21 15min, 240 hourly, 239 daily | Queue: 0
INFO:root:📊 STATUS: 2,631,919 received | 2,621,830 processed | 10089 buffered | 2133 active | ProcQ: 0 | DBQ: 0 | 256,635 saved | Failed: 0 | Vol: TEXINFRA:1,999, DPWIRES:2,410
ERROR:cache_service:Error setting OHLC batch: Object of type datetime is not JSON serializable
INFO:root:💾 Saved 500 records in 8.96s (56 rec/s) | 13 15min, 243 hourly, 244 daily | Queue: 0
ERROR:cache_service:Error setting OHLC batch: Object of type datetime is not JSON serializable
INFO:root:💾 Saved 500 records in 8.47s (59 rec/s) | 14 15min, 243 hourly, 243 daily | Queue: 0
ERROR:cache_service:Error setting OHLC batch: Object of type datetime is not JSON serializable
INFO:root:💾 Saved 500 records in 6.38s (78 rec/s) | 13 15min, 244 hourly, 243 daily | Queue: 0
ERROR:cache_service:Error setting OHLC batch: Object of type datetime is not JSON serializable
INFO:root:💾 Saved 500 records in 6.65s (75 rec/s) | 15 15min, 242 hourly, 243 daily | Queue: 0
INFO:root:📊 STATUS: 2,654,409 received | 2,621,830 processed | 32579 buffered | 2459 active | ProcQ: 0 | DBQ: 0 | 258,635 saved | Failed: 0 | Vol: TEXINFRA:1,999, DPWIRES:2,410
ERROR:cache_service:Error setting OHLC batch: Object of type datetime is not JSON serializable
INFO:root:💾 Saved 500 records in 6.86s (73 rec/s) | 13 15min, 244 hourly, 243 daily | Queue: 0
ERROR:cache_service:Error setting OHLC batch: Object of type datetime is not JSON serializable
INFO:root:💾 Saved 500 records in 5.93s (84 rec/s) | 12 15min, 244 hourly, 244 daily | Queue: 0
ERROR:cache_service:Error setting OHLC batch: Object of type datetime is not JSON serializable
INFO:root:💾 Saved 500 records in 5.33s (94 rec/s) | 10 15min, 245 hourly, 245 daily | Queue: 0
INFO:root:⏰ Interval update (60s): 04:19:22 UTC
INFO:root:📤 Queued 45268 ticks from 2535 instruments | Processing queue: 1
ERROR:cache_service:Error setting OHLC batch: Object of type datetime is not JSON serializable
INFO:root:💾 Saved 500 records in 4.71s (106 rec/s) | 10 15min, 245 hourly, 245 daily | Queue: 1
ERROR:cache_service:Error setting OHLC batch: Object of type datetime is not JSON serializable
INFO:root:💾 Saved 500 records in 5.42s (92 rec/s) | 11 15min, 244 hourly, 245 daily | Queue: 1
ERROR:cache_service:Error setting OHLC batch: Object of type datetime is not JSON serializable
INFO:root:💾 Saved 152 records in 1.62s (94 rec/s) | 0 15min, 76 hourly, 76 daily | Queue: 1
INFO:root:📊 STATUS: 2,679,164 received | 2,667,098 processed | 12066 buffered | 2129 active | ProcQ: 0 | DBQ: 0 | 261,287 saved | Failed: 0 | Vol: TEXINFRA:1,999, DPWIRES:2,410
ERROR:cache_service:Error setting OHLC batch: Object of type datetime is not JSON serializable
INFO:root:💾 Saved 500 records in 4.04s (124 rec/s) | 21 15min, 240 hourly, 239 daily | Queue: 0
ERROR:cache_service:Error setting OHLC batch: Object of type datetime is not JSON serializable
INFO:root:💾 Saved 500 records in 4.15s (120 rec/s) | 13 15min, 243 hourly, 244 daily | Queue: 0
ERROR:cache_service:Error setting OHLC batch: Object of type datetime is not JSON serializable
INFO:root:💾 Saved 500 records in 3.51s (142 rec/s) | 14 15min, 243 hourly, 243 daily | Queue: 0
ERROR:cache_service:Error setting OHLC batch: Object of type datetime is not JSON serializable
INFO:root:💾 Saved 500 records in 3.03s (165 rec/s) | 13 15min, 244 hourly, 243 daily | Queue: 0
ERROR:cache_service:Error setting OHLC batch: Object of type datetime is not JSON serializable
INFO:root:💾 Saved 500 records in 1.89s (264 rec/s) | 15 15min, 242 hourly, 243 daily | Queue: 0
ERROR:cache_service:Error setting OHLC batch: Object of type datetime is not JSON serializable
INFO:root:💾 Saved 500 records in 1.09s (458 rec/s) | 13 15min, 244 hourly, 243 daily | Queue: 0
ERROR:cache_service:Error setting OHLC batch: Object of type datetime is not JSON serializable
INFO:root:💾 Saved 500 records in 1.14s (438 rec/s) | 12 15min, 244 hourly, 244 daily | Queue: 0
ERROR:cache_service:Error setting OHLC batch: Object of type datetime is not JSON serializable
INFO:root:💾 Saved 500 records in 2.44s (205 rec/s) | 9 15min, 245 hourly, 246 daily | Queue: 0
ERROR:cache_service:Error setting OHLC batch: Object of type datetime is not JSON serializable
INFO:root:💾 Saved 500 records in 1.31s (383 rec/s) | 8 15min, 246 hourly, 246 daily | Queue: 0
ERROR:cache_service:Error setting OHLC batch: Object of type datetime is not JSON serializable
INFO:root:💾 Saved 500 records in 2.65s (189 rec/s) | 10 15min, 245 hourly, 245 daily | Queue: 0
ERROR:cache_service:Error setting OHLC batch: Object of type datetime is not JSON serializable
INFO:root:💾 Saved 202 records in 1.52s (133 rec/s) | 4 15min, 99 hourly, 99 daily | Queue: 0
INFO:root:📊 STATUS: 2,702,192 received | 2,667,098 processed | 35094 buffered | 2464 active | ProcQ: 0 | DBQ: 0 | 266,489 saved | Failed: 0 | Vol: TEXINFRA:1,999, DPWIRES:2,410
INFO:root:⏰ Interval update (60s): 04:20:23 UTC
INFO:root:📤 Queued 48102 ticks from 2539 instruments | Processing queue: 1
ERROR:cache_service:Error setting OHLC batch: Object of type datetime is not JSON serializable
INFO:root:💾 Saved 500 records in 8.82s (57 rec/s) | 21 15min, 240 hourly, 239 daily | Queue: 0
ERROR:cache_service:Error setting OHLC batch: Object of type datetime is not JSON serializable
INFO:root:💾 Saved 500 records in 3.80s (132 rec/s) | 13 15min, 243 hourly, 244 daily | Queue: 0
INFO:root:📊 STATUS: 2,725,712 received | 2,715,200 processed | 10512 buffered | 2180 active | ProcQ: 0 | DBQ: 0 | 267,489 saved | Failed: 0 | Vol: TEXINFRA:2,015, DPWIRES:2,556
ERROR:cache_service:Error setting OHLC batch: Object of type datetime is not JSON serializable
INFO:root:💾 Saved 500 records in 3.82s (131 rec/s) | 14 15min, 243 hourly, 243 daily | Queue: 0
ERROR:cache_service:Error setting OHLC batch: Object of type datetime is not JSON serializable
INFO:root:💾 Saved 500 records in 3.69s (136 rec/s) | 13 15min, 244 hourly, 243 daily | Queue: 0
ERROR:cache_service:Error setting OHLC batch: Object of type datetime is not JSON serializable
INFO:root:💾 Saved 500 records in 3.24s (154 rec/s) | 15 15min, 242 hourly, 243 daily | Queue: 0
ERROR:cache_service:Error setting OHLC batch: Object of type datetime is not JSON serializable
INFO:root:💾 Saved 500 records in 3.24s (154 rec/s) | 13 15min, 244 hourly, 243 daily | Queue: 0
ERROR:cache_service:Error setting OHLC batch: Object of type datetime is not JSON serializable
INFO:root:💾 Saved 500 records in 4.13s (121 rec/s) | 12 15min, 244 hourly, 244 daily | Queue: 0
ERROR:cache_service:Error setting OHLC batch: Object of type datetime is not JSON serializable
INFO:root:💾 Saved 500 records in 5.13s (98 rec/s) | 9 15min, 245 hourly, 246 daily | Queue: 0
ERROR:cache_service:Error setting OHLC batch: Object of type datetime is not JSON serializable
INFO:root:💾 Saved 500 records in 5.31s (94 rec/s) | 8 15min, 246 hourly, 246 daily | Queue: 0
INFO:root:📊 STATUS: 2,748,722 received | 2,715,200 processed | 33522 buffered | 2451 active | ProcQ: 0 | DBQ: 0 | 270,989 saved | Failed: 0 | Vol: TEXINFRA:2,015, DPWIRES:2,556
ERROR:cache_service:Error setting OHLC batch: Object of type datetime is not JSON serializable
INFO:root:💾 Saved 500 records in 4.44s (113 rec/s) | 10 15min, 245 hourly, 245 daily | Queue: 0
ERROR:cache_service:Error setting OHLC batch: Object of type datetime is not JSON serializable
INFO:root:💾 Saved 210 records in 1.80s (117 rec/s) | 4 15min, 103 hourly, 103 daily | Queue: 0
INFO:root:⏰ Interval update (60s): 04:21:23 UTC
INFO:root:📤 Queued 46106 ticks from 2537 instruments | Processing queue: 1
ERROR:cache_service:Error setting OHLC batch: Object of type datetime is not JSON serializable
INFO:root:💾 Saved 500 records in 4.13s (121 rec/s) | 20 15min, 240 hourly, 240 daily | Queue: 0
ERROR:cache_service:Error setting OHLC batch: Object of type datetime is not JSON serializable
INFO:root:💾 Saved 500 records in 2.95s (169 rec/s) | 13 15min, 244 hourly, 243 daily | Queue: 0
ERROR:cache_service:Error setting OHLC batch: Object of type datetime is not JSON serializable
INFO:root:💾 Saved 500 records in 3.03s (165 rec/s) | 14 15min, 243 hourly, 243 daily | Queue: 0
ERROR:cache_service:Error setting OHLC batch: Object of type datetime is not JSON serializable
INFO:root:💾 Saved 500 records in 3.27s (153 rec/s) | 13 15min, 243 hourly, 244 daily | Queue: 0
INFO:root:📊 STATUS: 2,772,224 received | 2,761,306 processed | 10918 buffered | 2124 active | ProcQ: 0 | DBQ: 0 | 273,699 saved | Failed: 0 | Vol: TEXINFRA:2,015, DPWIRES:2,650
ERROR:cache_service:Error setting OHLC batch: Object of type datetime is not JSON serializable
INFO:root:💾 Saved 500 records in 3.09s (162 rec/s) | 15 15min, 243 hourly, 242 daily | Queue: 0
ERROR:cache_service:Error setting OHLC batch: Object of type datetime is not JSON serializable
INFO:root:💾 Saved 500 records in 3.01s (166 rec/s) | 14 15min, 243 hourly, 243 daily | Queue: 0
ERROR:cache_service:Error setting OHLC batch: Object of type datetime is not JSON serializable
INFO:root:💾 Saved 500 records in 3.29s (152 rec/s) | 12 15min, 244 hourly, 244 daily | Queue: 0
ERROR:cache_service:Error setting OHLC batch: Object of type datetime is not JSON serializable
INFO:root:💾 Saved 500 records in 3.86s (130 rec/s) | 9 15min, 245 hourly, 246 daily | Queue: 0
ERROR:cache_service:Error setting OHLC batch: Object of type datetime is not JSON serializable
INFO:root:💾 Saved 500 records in 3.35s (149 rec/s) | 8 15min, 246 hourly, 246 daily | Queue: 0
ERROR:cache_service:Error setting OHLC batch: Object of type datetime is not JSON serializable
INFO:root:💾 Saved 500 records in 3.08s (162 rec/s) | 10 15min, 245 hourly, 245 daily | Queue: 0
ERROR:cache_service:Error setting OHLC batch: Object of type datetime is not JSON serializable
INFO:root:💾 Saved 206 records in 1.20s (172 rec/s) | 4 15min, 101 hourly, 101 daily | Queue: 0
INFO:root:📊 STATUS: 2,795,186 received | 2,761,306 processed | 33880 buffered | 2397 active | ProcQ: 0 | DBQ: 0 | 276,905 saved | Failed: 0 | Vol: TEXINFRA:2,015, DPWIRES:2,650
INFO:root:⏰ Interval update (60s): 04:22:23 UTC
INFO:root:📤 Queued 46320 ticks from 2491 instruments | Processing queue: 1
ERROR:cache_service:Error setting OHLC batch: Object of type datetime is not JSON serializable
INFO:root:💾 Saved 500 records in 6.44s (78 rec/s) | 21 15min, 240 hourly, 239 daily | Queue: 0
ERROR:cache_service:Error setting OHLC batch: Object of type datetime is not JSON serializable
INFO:root:💾 Saved 500 records in 4.56s (110 rec/s) | 13 15min, 243 hourly, 244 daily | Queue: 0
INFO:root:📊 STATUS: 2,820,673 received | 2,807,626 processed | 13047 buffered | 2187 active | ProcQ: 0 | DBQ: 0 | 277,905 saved | Failed: 0 | Vol: TEXINFRA:2,015, DPWIRES:2,651
ERROR:cache_service:Error setting OHLC batch: Object of type datetime is not JSON serializable
INFO:root:💾 Saved 500 records in 5.15s (97 rec/s) | 16 15min, 242 hourly, 242 daily | Queue: 0
ERROR:cache_service:Error setting OHLC batch: Object of type datetime is not JSON serializable
INFO:root:💾 Saved 500 records in 4.11s (122 rec/s) | 10 15min, 245 hourly, 245 daily | Queue: 0
ERROR:cache_service:Error setting OHLC batch: Object of type datetime is not JSON serializable
INFO:root:💾 Saved 500 records in 3.48s (144 rec/s) | 15 15min, 243 hourly, 242 daily | Queue: 0
ERROR:cache_service:Error setting OHLC batch: Object of type datetime is not JSON serializable
INFO:root:💾 Saved 500 records in 3.65s (137 rec/s) | 18 15min, 241 hourly, 241 daily | Queue: 0
ERROR:cache_service:Error setting OHLC batch: Object of type datetime is not JSON serializable
INFO:root:💾 Saved 500 records in 3.87s (129 rec/s) | 7 15min, 246 hourly, 247 daily | Queue: 0
ERROR:cache_service:Error setting OHLC batch: Object of type datetime is not JSON serializable
INFO:root:💾 Saved 500 records in 4.74s (105 rec/s) | 12 15min, 244 hourly, 244 daily | Queue: 0
ERROR:cache_service:Error setting OHLC batch: Object of type datetime is not JSON serializable
INFO:root:💾 Saved 500 records in 4.75s (105 rec/s) | 9 15min, 246 hourly, 245 daily | Queue: 0
INFO:root:📊 STATUS: 2,844,589 received | 2,807,626 processed | 36963 buffered | 2429 active | ProcQ: 0 | DBQ: 0 | 281,405 saved | Failed: 0 | Vol: TEXINFRA:2,015, DPWIRES:2,651
ERROR:cache_service:Error setting OHLC batch: Object of type datetime is not JSON serializable
INFO:root:💾 Saved 500 records in 5.00s (100 rec/s) | 11 15min, 244 hourly, 245 daily | Queue: 0
ERROR:cache_service:Error setting OHLC batch: Object of type datetime is not JSON serializable
INFO:root:💾 Saved 114 records in 1.38s (83 rec/s) | 0 15min, 57 hourly, 57 daily | Queue: 0
INFO:root:⏰ Interval update (60s): 04:23:23 UTC
INFO:root:📤 Queued 49394 ticks from 2498 instruments | Processing queue: 1
ERROR:cache_service:Error setting OHLC batch: Object of type datetime is not JSON serializable
INFO:root:💾 Saved 500 records in 5.82s (86 rec/s) | 21 15min, 240 hourly, 239 daily | Queue: 0
ERROR:cache_service:Error setting OHLC batch: Object of type datetime is not JSON serializable
INFO:root:💾 Saved 500 records in 2.61s (192 rec/s) | 13 15min, 243 hourly, 244 daily | Queue: 0
ERROR:cache_service:Error setting OHLC batch: Object of type datetime is not JSON serializable
INFO:root:💾 Saved 500 records in 2.14s (234 rec/s) | 17 15min, 242 hourly, 241 daily | Queue: 0
ERROR:cache_service:Error setting OHLC batch: Object of type datetime is not JSON serializable
INFO:root:💾 Saved 500 records in 2.12s (236 rec/s) | 10 15min, 245 hourly, 245 daily | Queue: 0
INFO:root:📊 STATUS: 2,867,946 received | 2,857,020 processed | 10926 buffered | 2098 active | ProcQ: 0 | DBQ: 0 | 284,019 saved | Failed: 0 | Vol: TEXINFRA:2,015, DPWIRES:2,651
ERROR:cache_service:Error setting OHLC batch: Object of type datetime is not JSON serializable
INFO:root:💾 Saved 500 records in 1.95s (257 rec/s) | 15 15min, 242 hourly, 243 daily | Queue: 0
ERROR:cache_service:Error setting OHLC batch: Object of type datetime is not JSON serializable
INFO:root:💾 Saved 500 records in 1.13s (443 rec/s) | 18 15min, 241 hourly, 241 daily | Queue: 0
ERROR:cache_service:Error setting OHLC batch: Object of type datetime is not JSON serializable
INFO:root:💾 Saved 500 records in 0.98s (512 rec/s) | 7 15min, 247 hourly, 246 daily | Queue: 0
ERROR:cache_service:Error setting OHLC batch: Object of type datetime is not JSON serializable
INFO:root:💾 Saved 500 records in 0.75s (671 rec/s) | 11 15min, 244 hourly, 245 daily | Queue: 0
ERROR:cache_service:Error setting OHLC batch: Object of type datetime is not JSON serializable
INFO:root:💾 Saved 500 records in 1.01s (495 rec/s) | 9 15min, 246 hourly, 245 daily | Queue: 0
ERROR:cache_service:Error setting OHLC batch: Object of type datetime is not JSON serializable
INFO:root:💾 Saved 500 records in 1.16s (433 rec/s) | 11 15min, 244 hourly, 245 daily | Queue: 0
ERROR:cache_service:Error setting OHLC batch: Object of type datetime is not JSON serializable
INFO:root:💾 Saved 128 records in 0.40s (323 rec/s) | 0 15min, 64 hourly, 64 daily | Queue: 0
INFO:root:📊 STATUS: 2,891,166 received | 2,857,020 processed | 34146 buffered | 2436 active | ProcQ: 0 | DBQ: 0 | 287,147 saved | Failed: 0 | Vol: TEXINFRA:2,015, DPWIRES:2,651
INFO:root:⏰ Interval update (60s): 04:24:23 UTC
INFO:root:📤 Queued 46716 ticks from 2501 instruments | Processing queue: 1
ERROR:cache_service:Error setting OHLC batch: Object of type datetime is not JSON serializable
INFO:root:💾 Saved 500 records in 0.23s (2219 rec/s) | 21 15min, 240 hourly, 239 daily | Queue: 0
ERROR:cache_service:Error setting OHLC batch: Object of type datetime is not JSON serializable
INFO:root:💾 Saved 500 records in 0.23s (2162 rec/s) | 13 15min, 243 hourly, 244 daily | Queue: 0
ERROR:cache_service:Error setting OHLC batch: Object of type datetime is not JSON serializable
INFO:root:💾 Saved 500 records in 0.19s (2586 rec/s) | 16 15min, 242 hourly, 242 daily | Queue: 0
ERROR:cache_service:Error setting OHLC batch: Object of type datetime is not JSON serializable
INFO:root:💾 Saved 500 records in 0.19s (2615 rec/s) | 11 15min, 245 hourly, 244 daily | Queue: 0
ERROR:cache_service:Error setting OHLC batch: Object of type datetime is not JSON serializable
INFO:root:💾 Saved 500 records in 0.21s (2389 rec/s) | 15 15min, 242 hourly, 243 daily | Queue: 0
ERROR:cache_service:Error setting OHLC batch: Object of type datetime is not JSON serializable
INFO:root:💾 Saved 500 records in 0.15s (3364 rec/s) | 18 15min, 241 hourly, 241 daily | Queue: 0
ERROR:cache_service:Error setting OHLC batch: Object of type datetime is not JSON serializable
INFO:root:💾 Saved 500 records in 0.17s (2998 rec/s) | 7 15min, 247 hourly, 246 daily | Queue: 0
ERROR:cache_service:Error setting OHLC batch: Object of type datetime is not JSON serializable
INFO:root:💾 Saved 500 records in 0.16s (3168 rec/s) | 11 15min, 244 hourly, 245 daily | Queue: 0
ERROR:cache_service:Error setting OHLC batch: Object of type datetime is not JSON serializable
INFO:root:💾 Saved 500 records in 0.12s (4040 rec/s) | 9 15min, 246 hourly, 245 daily | Queue: 0
ERROR:cache_service:Error setting OHLC batch: Object of type datetime is not JSON serializable
INFO:root:💾 Saved 500 records in 0.20s (2509 rec/s) | 11 15min, 244 hourly, 245 daily | Queue: 0
ERROR:cache_service:Error setting OHLC batch: Object of type datetime is not JSON serializable
INFO:root:💾 Saved 134 records in 0.05s (2943 rec/s) | 0 15min, 67 hourly, 67 daily | Queue: 0
INFO:root:📊 STATUS: 2,914,705 received | 2,903,736 processed | 10969 buffered | 2163 active | ProcQ: 0 | DBQ: 0 | 292,281 saved | Failed: 0 | Vol: TEXINFRA:2,015, DPWIRES:2,661
INFO:root:📊 STATUS: 2,937,260 received | 2,903,736 processed | 33524 buffered | 2422 active | ProcQ: 0 | DBQ: 0 | 292,281 saved | Failed: 0 | Vol: TEXINFRA:2,015, DPWIRES:2,661
INFO:root:⏰ Interval update (60s): 04:25:23 UTC
INFO:root:📤 Queued 46103 ticks from 2508 instruments | Processing queue: 1
ERROR:cache_service:Error setting OHLC batch: Object of type datetime is not JSON serializable
INFO:root:💾 Saved 500 records in 0.14s (3474 rec/s) | 21 15min, 240 hourly, 239 daily | Queue: 0
ERROR:cache_service:Error setting OHLC batch: Object of type datetime is not JSON serializable
INFO:root:💾 Saved 500 records in 0.14s (3582 rec/s) | 13 15min, 243 hourly, 244 daily | Queue: 0
ERROR:cache_service:Error setting OHLC batch: Object of type datetime is not JSON serializable
INFO:root:💾 Saved 500 records in 0.11s (4467 rec/s) | 16 15min, 242 hourly, 242 daily | Queue: 0
ERROR:cache_service:Error setting OHLC batch: Object of type datetime is not JSON serializable
INFO:root:💾 Saved 500 records in 0.12s (4079 rec/s) | 11 15min, 245 hourly, 244 daily | Queue: 0
ERROR:cache_service:Error setting OHLC batch: Object of type datetime is not JSON serializable
INFO:root:💾 Saved 500 records in 0.16s (3037 rec/s) | 15 15min, 242 hourly, 243 daily | Queue: 0
ERROR:cache_service:Error setting OHLC batch: Object of type datetime is not JSON serializable
INFO:root:💾 Saved 500 records in 0.12s (4275 rec/s) | 18 15min, 241 hourly, 241 daily | Queue: 0
ERROR:cache_service:Error setting OHLC batch: Object of type datetime is not JSON serializable
INFO:root:💾 Saved 500 records in 0.12s (4140 rec/s) | 7 15min, 247 hourly, 246 daily | Queue: 0
ERROR:cache_service:Error setting OHLC batch: Object of type datetime is not JSON serializable
INFO:root:💾 Saved 500 records in 0.19s (2641 rec/s) | 11 15min, 244 hourly, 245 daily | Queue: 0
ERROR:cache_service:Error setting OHLC batch: Object of type datetime is not JSON serializable
INFO:root:💾 Saved 500 records in 0.11s (4687 rec/s) | 9 15min, 246 hourly, 245 daily | Queue: 0
ERROR:cache_service:Error setting OHLC batch: Object of type datetime is not JSON serializable
INFO:root:💾 Saved 500 records in 0.11s (4445 rec/s) | 11 15min, 244 hourly, 245 daily | Queue: 0
ERROR:cache_service:Error setting OHLC batch: Object of type datetime is not JSON serializable
INFO:root:💾 Saved 148 records in 0.07s (2082 rec/s) | 0 15min, 74 hourly, 74 daily | Queue: 0
INFO:root:📊 STATUS: 2,962,715 received | 2,949,839 processed | 12876 buffered | 2085 active | ProcQ: 0 | DBQ: 0 | 297,429 saved | Failed: 0 | Vol: TEXINFRA:2,015, DPWIRES:2,661
INFO:root:📊 STATUS: 2,986,874 received | 2,949,839 processed | 37035 buffered | 2423 active | ProcQ: 0 | DBQ: 0 | 297,429 saved | Failed: 0 | Vol: TEXINFRA:2,015, DPWIRES:2,661
INFO:root:⏰ Interval update (60s): 04:26:23 UTC
INFO:root:📤 Queued 48432 ticks from 2474 instruments | Processing queue: 1
ERROR:cache_service:Error setting OHLC batch: Object of type datetime is not JSON serializable
INFO:root:💾 Saved 500 records in 0.61s (820 rec/s) | 21 15min, 240 hourly, 239 daily | Queue: 0
ERROR:cache_service:Error setting OHLC batch: Object of type datetime is not JSON serializable
INFO:root:💾 Saved 500 records in 0.61s (823 rec/s) | 13 15min, 243 hourly, 244 daily | Queue: 0
ERROR:cache_service:Error setting OHLC batch: Object of type datetime is not JSON serializable
INFO:root:💾 Saved 500 records in 0.41s (1230 rec/s) | 17 15min, 242 hourly, 241 daily | Queue: 0
ERROR:cache_service:Error setting OHLC batch: Object of type datetime is not JSON serializable
INFO:root:💾 Saved 500 records in 0.21s (2362 rec/s) | 10 15min, 245 hourly, 245 daily | Queue: 0
ERROR:cache_service:Error setting OHLC batch: Object of type datetime is not JSON serializable
INFO:root:💾 Saved 500 records in 0.19s (2626 rec/s) | 14 15min, 243 hourly, 243 daily | Queue: 0
ERROR:cache_service:Error setting OHLC batch: Object of type datetime is not JSON serializable
INFO:root:💾 Saved 500 records in 0.18s (2806 rec/s) | 18 15min, 241 hourly, 241 daily | Queue: 0
ERROR:cache_service:Error setting OHLC batch: Object of type datetime is not JSON serializable
INFO:root:💾 Saved 500 records in 0.15s (3325 rec/s) | 7 15min, 246 hourly, 247 daily | Queue: 0
ERROR:cache_service:Error setting OHLC batch: Object of type datetime is not JSON serializable
INFO:root:💾 Saved 500 records in 0.16s (3127 rec/s) | 12 15min, 244 hourly, 244 daily | Queue: 0
ERROR:cache_service:Error setting OHLC batch: Object of type datetime is not JSON serializable
INFO:root:💾 Saved 500 records in 0.13s (3839 rec/s) | 9 15min, 246 hourly, 245 daily | Queue: 0
ERROR:cache_service:Error setting OHLC batch: Object of type datetime is not JSON serializable
INFO:root:💾 Saved 500 records in 0.18s (2761 rec/s) | 11 15min, 244 hourly, 245 daily | Queue: 0
ERROR:cache_service:Error setting OHLC batch: Object of type datetime is not JSON serializable
INFO:root:💾 Saved 80 records in 0.03s (3017 rec/s) | 0 15min, 40 hourly, 40 daily | Queue: 0
INFO:root:📊 STATUS: 3,009,509 received | 2,998,271 processed | 11238 buffered | 2143 active | ProcQ: 0 | DBQ: 0 | 302,509 saved | Failed: 0 | Vol: TEXINFRA:2,015, DPWIRES:2,661
INFO:root:📊 STATUS: 3,032,263 received | 2,998,271 processed | 33992 buffered | 2456 active | ProcQ: 0 | DBQ: 0 | 302,509 saved | Failed: 0 | Vol: TEXINFRA:2,015, DPWIRES:2,661
INFO:root:⏰ Interval update (60s): 04:27:23 UTC
INFO:root:📤 Queued 45191 ticks from 2523 instruments | Processing queue: 1
ERROR:cache_service:Error setting OHLC batch: Object of type datetime is not JSON serializable
INFO:root:💾 Saved 500 records in 0.07s (6892 rec/s) | 21 15min, 240 hourly, 239 daily | Queue: 0
ERROR:cache_service:Error setting OHLC batch: Object of type datetime is not JSON serializable
INFO:root:💾 Saved 500 records in 0.12s (4262 rec/s) | 13 15min, 243 hourly, 244 daily | Queue: 0
ERROR:cache_service:Error setting OHLC batch: Object of type datetime is not JSON serializable
INFO:root:💾 Saved 500 records in 0.09s (5562 rec/s) | 14 15min, 243 hourly, 243 daily | Queue: 0
ERROR:cache_service:Error setting OHLC batch: Object of type datetime is not JSON serializable
INFO:root:💾 Saved 500 records in 0.07s (7467 rec/s) | 13 15min, 244 hourly, 243 daily | Queue: 0
ERROR:cache_service:Error setting OHLC batch: Object of type datetime is not JSON serializable
INFO:root:💾 Saved 500 records in 0.06s (9085 rec/s) | 15 15min, 242 hourly, 243 daily | Queue: 0
ERROR:cache_service:Error setting OHLC batch: Object of type datetime is not JSON serializable
INFO:root:💾 Saved 500 records in 0.07s (7593 rec/s) | 14 15min, 243 hourly, 243 daily | Queue: 0
ERROR:cache_service:Error setting OHLC batch: Object of type datetime is not JSON serializable
INFO:root:💾 Saved 500 records in 0.06s (8827 rec/s) | 11 15min, 245 hourly, 244 daily | Queue: 0
ERROR:cache_service:Error setting OHLC batch: Object of type datetime is not JSON serializable
INFO:root:💾 Saved 500 records in 0.10s (5087 rec/s) | 9 15min, 245 hourly, 246 daily | Queue: 0
ERROR:cache_service:Error setting OHLC batch: Object of type datetime is not JSON serializable
INFO:root:💾 Saved 500 records in 0.06s (8335 rec/s) | 10 15min, 245 hourly, 245 daily | Queue: 0
ERROR:cache_service:Error setting OHLC batch: Object of type datetime is not JSON serializable
INFO:root:💾 Saved 500 records in 0.11s (4678 rec/s) | 8 15min, 246 hourly, 246 daily | Queue: 0
ERROR:cache_service:Error setting OHLC batch: Object of type datetime is not JSON serializable
INFO:root:💾 Saved 178 records in 0.02s (7299 rec/s) | 4 15min, 87 hourly, 87 daily | Queue: 0
INFO:root:📊 STATUS: 3,054,657 received | 3,043,462 processed | 11195 buffered | 2171 active | ProcQ: 0 | DBQ: 0 | 307,687 saved | Failed: 0 | Vol: TEXINFRA:2,015, DPWIRES:2,681
INFO:root:📊 STATUS: 3,077,022 received | 3,043,462 processed | 33560 buffered | 2433 active | ProcQ: 0 | DBQ: 0 | 307,687 saved | Failed: 0 | Vol: TEXINFRA:2,015, DPWIRES:2,681
INFO:root:⏰ Interval update (60s): 04:28:24 UTC
INFO:root:📤 Queued 44883 ticks from 2488 instruments | Processing queue: 1
ERROR:cache_service:Error setting OHLC batch: Object of type datetime is not JSON serializable
INFO:root:💾 Saved 500 records in 0.07s (6752 rec/s) | 21 15min, 240 hourly, 239 daily | Queue: 0
ERROR:cache_service:Error setting OHLC batch: Object of type datetime is not JSON serializable
INFO:root:💾 Saved 500 records in 0.06s (8730 rec/s) | 13 15min, 243 hourly, 244 daily | Queue: 0
ERROR:cache_service:Error setting OHLC batch: Object of type datetime is not JSON serializable
INFO:root:💾 Saved 500 records in 0.07s (6912 rec/s) | 17 15min, 242 hourly, 241 daily | Queue: 0
ERROR:cache_service:Error setting OHLC batch: Object of type datetime is not JSON serializable
INFO:root:💾 Saved 500 records in 0.10s (5179 rec/s) | 9 15min, 245 hourly, 246 daily | Queue: 0
ERROR:cache_service:Error setting OHLC batch: Object of type datetime is not JSON serializable
INFO:root:💾 Saved 500 records in 0.08s (6542 rec/s) | 15 15min, 243 hourly, 242 daily | Queue: 0
ERROR:cache_service:Error setting OHLC batch: Object of type datetime is not JSON serializable
INFO:root:💾 Saved 500 records in 0.06s (7844 rec/s) | 18 15min, 241 hourly, 241 daily | Queue: 0
ERROR:cache_service:Error setting OHLC batch: Object of type datetime is not JSON serializable
INFO:root:💾 Saved 500 records in 0.09s (5608 rec/s) | 7 15min, 246 hourly, 247 daily | Queue: 0
ERROR:cache_service:Error setting OHLC batch: Object of type datetime is not JSON serializable
INFO:root:💾 Saved 500 records in 0.08s (6574 rec/s) | 12 15min, 244 hourly, 244 daily | Queue: 0
ERROR:cache_service:Error setting OHLC batch: Object of type datetime is not JSON serializable
INFO:root:💾 Saved 500 records in 0.06s (8118 rec/s) | 9 15min, 246 hourly, 245 daily | Queue: 0
ERROR:cache_service:Error setting OHLC batch: Object of type datetime is not JSON serializable
INFO:root:💾 Saved 500 records in 0.06s (8530 rec/s) | 11 15min, 244 hourly, 245 daily | Queue: 0
ERROR:cache_service:Error setting OHLC batch: Object of type datetime is not JSON serializable
INFO:root:💾 Saved 108 records in 0.02s (5664 rec/s) | 0 15min, 54 hourly, 54 daily | Queue: 0
INFO:root:📊 STATUS: 3,102,365 received | 3,088,345 processed | 14020 buffered | 2157 active | ProcQ: 0 | DBQ: 0 | 312,795 saved | Failed: 0 | Vol: TEXINFRA:2,015, DPWIRES:2,681
INFO:root:📊 STATUS: 3,126,532 received | 3,088,345 processed | 38187 buffered | 2447 active | ProcQ: 0 | DBQ: 0 | 312,795 saved | Failed: 0 | Vol: TEXINFRA:2,015, DPWIRES:2,681
INFO:root:⏰ Interval update (60s): 04:29:24 UTC
INFO:root:📤 Queued 49914 ticks from 2492 instruments | Processing queue: 1
ERROR:cache_service:Error setting OHLC batch: Object of type datetime is not JSON serializable
INFO:root:💾 Saved 500 records in 0.06s (8446 rec/s) | 21 15min, 240 hourly, 239 daily | Queue: 0
ERROR:cache_service:Error setting OHLC batch: Object of type datetime is not JSON serializable
INFO:root:💾 Saved 500 records in 0.07s (7444 rec/s) | 13 15min, 243 hourly, 244 daily | Queue: 0
ERROR:cache_service:Error setting OHLC batch: Object of type datetime is not JSON serializable
INFO:root:💾 Saved 500 records in 0.07s (6964 rec/s) | 17 15min, 242 hourly, 241 daily | Queue: 0
ERROR:cache_service:Error setting OHLC batch: Object of type datetime is not JSON serializable
INFO:root:💾 Saved 500 records in 0.06s (8732 rec/s) | 10 15min, 245 hourly, 245 daily | Queue: 0
ERROR:cache_service:Error setting OHLC batch: Object of type datetime is not JSON serializable
INFO:root:💾 Saved 500 records in 0.06s (8171 rec/s) | 15 15min, 242 hourly, 243 daily | Queue: 0
ERROR:cache_service:Error setting OHLC batch: Object of type datetime is not JSON serializable
INFO:root:💾 Saved 500 records in 0.06s (8255 rec/s) | 18 15min, 241 hourly, 241 daily | Queue: 0
ERROR:cache_service:Error setting OHLC batch: Object of type datetime is not JSON serializable
INFO:root:💾 Saved 500 records in 0.05s (10458 rec/s) | 7 15min, 247 hourly, 246 daily | Queue: 0
ERROR:cache_service:Error setting OHLC batch: Object of type datetime is not JSON serializable
INFO:root:💾 Saved 500 records in 0.06s (7994 rec/s) | 11 15min, 244 hourly, 245 daily | Queue: 0
ERROR:cache_service:Error setting OHLC batch: Object of type datetime is not JSON serializable
INFO:root:💾 Saved 500 records in 0.06s (8469 rec/s) | 9 15min, 246 hourly, 245 daily | Queue: 0
ERROR:cache_service:Error setting OHLC batch: Object of type datetime is not JSON serializable
INFO:root:💾 Saved 500 records in 0.05s (10191 rec/s) | 11 15min, 244 hourly, 245 daily | Queue: 0
ERROR:cache_service:Error setting OHLC batch: Object of type datetime is not JSON serializable
INFO:root:💾 Saved 116 records in 0.04s (2891 rec/s) | 0 15min, 58 hourly, 58 daily | Queue: 0
INFO:root:📊 STATUS: 3,150,504 received | 3,138,259 processed | 12245 buffered | 2149 active | ProcQ: 0 | DBQ: 0 | 317,911 saved | Failed: 0 | Vol: TEXINFRA:2,015, DPWIRES:2,681
INFO:root:📊 STATUS: 3,173,900 received | 3,138,259 processed | 35641 buffered | 2418 active | ProcQ: 0 | DBQ: 0 | 317,911 saved | Failed: 0 | Vol: TEXINFRA:2,015, DPWIRES:2,681
INFO:root:⏰ Interval update (60s): 04:30:24 UTC
INFO:root:📤 Queued 46977 ticks from 2483 instruments | Processing queue: 1
ERROR:cache_service:Error setting OHLC batch: Object of type datetime is not JSON serializable
INFO:root:💾 Saved 500 records in 0.06s (8034 rec/s) | 21 15min, 240 hourly, 239 daily | Queue: 0
ERROR:cache_service:Error setting OHLC batch: Object of type datetime is not JSON serializable
INFO:root:💾 Saved 500 records in 0.05s (9978 rec/s) | 13 15min, 243 hourly, 244 daily | Queue: 0
ERROR:cache_service:Error setting OHLC batch: Object of type datetime is not JSON serializable
INFO:root:💾 Saved 500 records in 0.06s (8305 rec/s) | 17 15min, 242 hourly, 241 daily | Queue: 0
ERROR:cache_service:Error setting OHLC batch: Object of type datetime is not JSON serializable
INFO:root:💾 Saved 500 records in 0.05s (9658 rec/s) | 10 15min, 245 hourly, 245 daily | Queue: 0
ERROR:cache_service:Error setting OHLC batch: Object of type datetime is not JSON serializable
INFO:root:💾 Saved 500 records in 0.05s (9430 rec/s) | 15 15min, 242 hourly, 243 daily | Queue: 0
ERROR:cache_service:Error setting OHLC batch: Object of type datetime is not JSON serializable
INFO:root:💾 Saved 500 records in 0.07s (7394 rec/s) | 18 15min, 241 hourly, 241 daily | Queue: 0
ERROR:cache_service:Error setting OHLC batch: Object of type datetime is not JSON serializable
INFO:root:💾 Saved 500 records in 0.06s (7741 rec/s) | 8 15min, 246 hourly, 246 daily | Queue: 0
ERROR:cache_service:Error setting OHLC batch: Object of type datetime is not JSON serializable
INFO:root:💾 Saved 500 records in 0.07s (7675 rec/s) | 10 15min, 245 hourly, 245 daily | Queue: 0
ERROR:cache_service:Error setting OHLC batch: Object of type datetime is not JSON serializable
INFO:root:💾 Saved 500 records in 0.06s (7817 rec/s) | 9 15min, 246 hourly, 245 daily | Queue: 0
ERROR:cache_service:Error setting OHLC batch: Object of type datetime is not JSON serializable
INFO:root:💾 Saved 500 records in 0.07s (7080 rec/s) | 11 15min, 244 hourly, 245 daily | Queue: 0
ERROR:cache_service:Error setting OHLC batch: Object of type datetime is not JSON serializable
INFO:root:💾 Saved 98 records in 0.02s (5709 rec/s) | 0 15min, 49 hourly, 49 daily | Queue: 0
INFO:root:📊 STATUS: 3,197,553 received | 3,185,236 processed | 12317 buffered | 2122 active | ProcQ: 0 | DBQ: 0 | 323,009 saved | Failed: 0 | Vol: TEXINFRA:2,015, DPWIRES:2,694
INFO:root:📊 STATUS: 3,220,771 received | 3,185,236 processed | 35535 buffered | 2407 active | ProcQ: 0 | DBQ: 0 | 323,009 saved | Failed: 0 | Vol: TEXINFRA:2,015, DPWIRES:2,694
INFO:root:⏰ Interval update (60s): 04:31:24 UTC
INFO:root:📤 Queued 46499 ticks from 2480 instruments | Processing queue: 1
ERROR:cache_service:Error setting OHLC batch: Object of type datetime is not JSON serializable
INFO:root:💾 Saved 500 records in 4.04s (124 rec/s) | 21 15min, 240 hourly, 239 daily | Queue: 0
ERROR:cache_service:Error setting OHLC batch: Object of type datetime is not JSON serializable
INFO:root:💾 Saved 500 records in 2.44s (205 rec/s) | 13 15min, 243 hourly, 244 daily | Queue: 0
ERROR:cache_service:Error setting OHLC batch: Object of type datetime is not JSON serializable
INFO:root:💾 Saved 500 records in 1.72s (290 rec/s) | 14 15min, 243 hourly, 243 daily | Queue: 0
ERROR:cache_service:Error setting OHLC batch: Object of type datetime is not JSON serializable
INFO:root:💾 Saved 500 records in 1.35s (371 rec/s) | 14 15min, 243 hourly, 243 daily | Queue: 0
ERROR:cache_service:Error setting OHLC batch: Object of type datetime is not JSON serializable
INFO:root:💾 Saved 500 records in 1.63s (308 rec/s) | 14 15min, 243 hourly, 243 daily | Queue: 0
ERROR:cache_service:Error setting OHLC batch: Object of type datetime is not JSON serializable
INFO:root:💾 Saved 500 records in 1.29s (387 rec/s) | 18 15min, 241 hourly, 241 daily | Queue: 0
ERROR:cache_service:Error setting OHLC batch: Object of type datetime is not JSON serializable
INFO:root:💾 Saved 500 records in 1.28s (391 rec/s) | 7 15min, 247 hourly, 246 daily | Queue: 0
ERROR:cache_service:Error setting OHLC batch: Object of type datetime is not JSON serializable
INFO:root:💾 Saved 500 records in 1.13s (444 rec/s) | 11 15min, 244 hourly, 245 daily | Queue: 0
INFO:root:📊 STATUS: 3,245,730 received | 3,231,735 processed | 13995 buffered | 2127 active | ProcQ: 0 | DBQ: 0 | 327,009 saved | Failed: 0 | Vol: TEXINFRA:2,019, DPWIRES:2,695
ERROR:cache_service:Error setting OHLC batch: Object of type datetime is not JSON serializable
INFO:root:💾 Saved 500 records in 1.09s (460 rec/s) | 9 15min, 246 hourly, 245 daily | Queue: 0
ERROR:cache_service:Error setting OHLC batch: Object of type datetime is not JSON serializable
INFO:root:💾 Saved 500 records in 1.33s (375 rec/s) | 11 15min, 244 hourly, 245 daily | Queue: 0
ERROR:cache_service:Error setting OHLC batch: Object of type datetime is not JSON serializable
INFO:root:💾 Saved 92 records in 0.38s (242 rec/s) | 0 15min, 46 hourly, 46 daily | Queue: 0
INFO:root:📊 STATUS: 3,269,962 received | 3,231,735 processed | 38227 buffered | 2422 active | ProcQ: 0 | DBQ: 0 | 328,101 saved | Failed: 0 | Vol: TEXINFRA:2,019, DPWIRES:2,695
INFO:root:⏰ Interval update (60s): 04:32:24 UTC
INFO:root:📤 Queued 49506 ticks from 2480 instruments | Processing queue: 1
ERROR:cache_service:Error setting OHLC batch: Object of type datetime is not JSON serializable
INFO:root:💾 Saved 500 records in 1.06s (472 rec/s) | 21 15min, 240 hourly, 239 daily | Queue: 0
ERROR:cache_service:Error setting OHLC batch: Object of type datetime is not JSON serializable
INFO:root:💾 Saved 500 records in 0.97s (517 rec/s) | 13 15min, 243 hourly, 244 daily | Queue: 0
ERROR:cache_service:Error setting OHLC batch: Object of type datetime is not JSON serializable
INFO:root:💾 Saved 500 records in 0.96s (521 rec/s) | 14 15min, 243 hourly, 243 daily | Queue: 0
ERROR:cache_service:Error setting OHLC batch: Object of type datetime is not JSON serializable
INFO:root:💾 Saved 500 records in 0.38s (1322 rec/s) | 13 15min, 244 hourly, 243 daily | Queue: 0
ERROR:cache_service:Error setting OHLC batch: Object of type datetime is not JSON serializable
INFO:root:💾 Saved 500 records in 0.34s (1456 rec/s) | 15 15min, 242 hourly, 243 daily | Queue: 0
ERROR:cache_service:Error setting OHLC batch: Object of type datetime is not JSON serializable
INFO:root:💾 Saved 500 records in 0.31s (1635 rec/s) | 18 15min, 241 hourly, 241 daily | Queue: 0
ERROR:cache_service:Error setting OHLC batch: Object of type datetime is not JSON serializable
INFO:root:💾 Saved 500 records in 0.29s (1732 rec/s) | 7 15min, 247 hourly, 246 daily | Queue: 0
ERROR:cache_service:Error setting OHLC batch: Object of type datetime is not JSON serializable
INFO:root:💾 Saved 500 records in 0.40s (1238 rec/s) | 11 15min, 244 hourly, 245 daily | Queue: 0
ERROR:cache_service:Error setting OHLC batch: Object of type datetime is not JSON serializable
INFO:root:💾 Saved 500 records in 0.36s (1379 rec/s) | 9 15min, 246 hourly, 245 daily | Queue: 0
ERROR:cache_service:Error setting OHLC batch: Object of type datetime is not JSON serializable
INFO:root:💾 Saved 500 records in 0.21s (2340 rec/s) | 11 15min, 244 hourly, 245 daily | Queue: 0
ERROR:cache_service:Error setting OHLC batch: Object of type datetime is not JSON serializable
INFO:root:💾 Saved 92 records in 0.07s (1406 rec/s) | 0 15min, 46 hourly, 46 daily | Queue: 0
INFO:root:📊 STATUS: 3,293,312 received | 3,281,241 processed | 12071 buffered | 2168 active | ProcQ: 0 | DBQ: 0 | 333,193 saved | Failed: 0 | Vol: TEXINFRA:2,019, DPWIRES:2,695
INFO:root:📊 STATUS: 3,316,313 received | 3,281,241 processed | 35072 buffered | 2439 active | ProcQ: 0 | DBQ: 0 | 333,193 saved | Failed: 0 | Vol: TEXINFRA:2,019, DPWIRES:2,695
INFO:root:⏰ Interval update (60s): 04:33:24 UTC
INFO:root:📤 Queued 46376 ticks from 2501 instruments | Processing queue: 1
ERROR:cache_service:Error setting OHLC batch: Object of type datetime is not JSON serializable
INFO:root:💾 Saved 500 records in 14.53s (34 rec/s) | 21 15min, 240 hourly, 239 daily | Queue: 0
INFO:root:📊 STATUS: 3,339,681 received | 3,327,617 processed | 12064 buffered | 2127 active | ProcQ: 0 | DBQ: 0 | 333,693 saved | Failed: 0 | Vol: TEXINFRA:2,019, DPWIRES:2,695
ERROR:cache_service:Error setting OHLC batch: Object of type datetime is not JSON serializable
INFO:root:💾 Saved 500 records in 10.04s (50 rec/s) | 13 15min, 243 hourly, 244 daily | Queue: 0
ERROR:cache_service:Error setting OHLC batch: Object of type datetime is not JSON serializable
INFO:root:💾 Saved 500 records in 7.91s (63 rec/s) | 17 15min, 242 hourly, 241 daily | Queue: 0
ERROR:cache_service:Error setting OHLC batch: Object of type datetime is not JSON serializable
INFO:root:💾 Saved 500 records in 7.05s (71 rec/s) | 10 15min, 245 hourly, 245 daily | Queue: 0
INFO:root:📊 STATUS: 3,362,844 received | 3,327,617 processed | 35227 buffered | 2440 active | ProcQ: 0 | DBQ: 0 | 335,193 saved | Failed: 0 | Vol: TEXINFRA:2,019, DPWIRES:2,695
ERROR:cache_service:Error setting OHLC batch: Object of type datetime is not JSON serializable
INFO:root:💾 Saved 500 records in 9.92s (50 rec/s) | 15 15min, 242 hourly, 243 daily | Queue: 0
ERROR:cache_service:Error setting OHLC batch: Object of type datetime is not JSON serializable
INFO:root:💾 Saved 500 records in 9.15s (55 rec/s) | 18 15min, 241 hourly, 241 daily | Queue: 0
INFO:root:⏰ Interval update (60s): 04:34:25 UTC
INFO:root:📤 Queued 46340 ticks from 2505 instruments | Processing queue: 1
ERROR:cache_service:Error setting OHLC batch: Object of type datetime is not JSON serializable
INFO:root:💾 Saved 500 records in 6.84s (73 rec/s) | 7 15min, 247 hourly, 246 daily | Queue: 1
ERROR:cache_service:Error setting OHLC batch: Object of type datetime is not JSON serializable
INFO:root:💾 Saved 500 records in 8.20s (61 rec/s) | 11 15min, 244 hourly, 245 daily | Queue: 1
INFO:root:📊 STATUS: 3,387,676 received | 3,373,957 processed | 13719 buffered | 2106 active | ProcQ: 0 | DBQ: 1 | 337,193 saved | Failed: 0 | Vol: TEXINFRA:2,019, DPWIRES:2,695
ERROR:cache_service:Error setting OHLC batch: Object of type datetime is not JSON serializable
INFO:root:💾 Saved 500 records in 7.31s (68 rec/s) | 9 15min, 246 hourly, 245 daily | Queue: 1
ERROR:cache_service:Error setting OHLC batch: Object of type datetime is not JSON serializable
INFO:root:💾 Saved 500 records in 7.62s (66 rec/s) | 11 15min, 244 hourly, 245 daily | Queue: 1
ERROR:cache_service:Error setting OHLC batch: Object of type datetime is not JSON serializable
INFO:root:💾 Saved 134 records in 1.79s (75 rec/s) | 0 15min, 67 hourly, 67 daily | Queue: 1
ERROR:cache_service:Error setting OHLC batch: Object of type datetime is not JSON serializable
INFO:root:💾 Saved 500 records in 8.07s (62 rec/s) | 21 15min, 240 hourly, 239 daily | Queue: 0
INFO:root:📊 STATUS: 3,411,370 received | 3,373,957 processed | 37413 buffered | 2397 active | ProcQ: 0 | DBQ: 0 | 338,827 saved | Failed: 0 | Vol: TEXINFRA:2,019, DPWIRES:2,695
ERROR:cache_service:Error setting OHLC batch: Object of type datetime is not JSON serializable
INFO:root:💾 Saved 500 records in 8.03s (62 rec/s) | 13 15min, 243 hourly, 244 daily | Queue: 0
ERROR:cache_service:Error setting OHLC batch: Object of type datetime is not JSON serializable
INFO:root:💾 Saved 500 records in 8.07s (62 rec/s) | 17 15min, 242 hourly, 241 daily | Queue: 0
INFO:root:⏰ Interval update (60s): 04:35:25 UTC
INFO:root:📤 Queued 48403 ticks from 2450 instruments | Processing queue: 1
ERROR:cache_service:Error setting OHLC batch: Object of type datetime is not JSON serializable
INFO:root:💾 Saved 500 records in 7.43s (67 rec/s) | 10 15min, 245 hourly, 245 daily | Queue: 1
ERROR:cache_service:Error setting OHLC batch: Object of type datetime is not JSON serializable
INFO:root:💾 Saved 500 records in 8.02s (62 rec/s) | 15 15min, 242 hourly, 243 daily | Queue: 1
INFO:root:📊 STATUS: 3,434,633 received | 3,422,360 processed | 12273 buffered | 2160 active | ProcQ: 0 | DBQ: 1 | 340,827 saved | Failed: 0 | Vol: TEXINFRA:2,019, DPWIRES:2,695
ERROR:cache_service:Error setting OHLC batch: Object of type datetime is not JSON serializable
INFO:root:💾 Saved 500 records in 5.99s (83 rec/s) | 18 15min, 241 hourly, 241 daily | Queue: 1
ERROR:cache_service:Error setting OHLC batch: Object of type datetime is not JSON serializable
INFO:root:💾 Saved 500 records in 5.31s (94 rec/s) | 7 15min, 247 hourly, 246 daily | Queue: 1
ERROR:cache_service:Error setting OHLC batch: Object of type datetime is not JSON serializable
INFO:root:💾 Saved 500 records in 5.70s (88 rec/s) | 11 15min, 244 hourly, 245 daily | Queue: 1
ERROR:cache_service:Error setting OHLC batch: Object of type datetime is not JSON serializable
INFO:root:💾 Saved 500 records in 3.78s (132 rec/s) | 9 15min, 246 hourly, 245 daily | Queue: 1
ERROR:cache_service:Error setting OHLC batch: Object of type datetime is not JSON serializable
INFO:root:💾 Saved 500 records in 5.67s (88 rec/s) | 11 15min, 244 hourly, 245 daily | Queue: 1
ERROR:cache_service:Error setting OHLC batch: Object of type datetime is not JSON serializable
INFO:root:💾 Saved 142 records in 1.73s (82 rec/s) | 0 15min, 71 hourly, 71 daily | Queue: 1
ERROR:cache_service:Error setting OHLC batch: Object of type datetime is not JSON serializable
INFO:root:💾 Saved 500 records in 5.06s (99 rec/s) | 21 15min, 240 hourly, 239 daily | Queue: 0
INFO:root:📊 STATUS: 3,457,983 received | 3,422,360 processed | 35623 buffered | 2441 active | ProcQ: 0 | DBQ: 0 | 343,969 saved | Failed: 0 | Vol: TEXINFRA:2,019, DPWIRES:2,695
ERROR:cache_service:Error setting OHLC batch: Object of type datetime is not JSON serializable
INFO:root:💾 Saved 500 records in 5.49s (91 rec/s) | 13 15min, 243 hourly, 244 daily | Queue: 0
ERROR:cache_service:Error setting OHLC batch: Object of type datetime is not JSON serializable
INFO:root:💾 Saved 500 records in 6.02s (83 rec/s) | 17 15min, 242 hourly, 241 daily | Queue: 0
INFO:root:⏰ Interval update (60s): 04:36:25 UTC
INFO:root:📤 Queued 46540 ticks from 2483 instruments | Processing queue: 1
ERROR:cache_service:Error setting OHLC batch: Object of type datetime is not JSON serializable
INFO:root:💾 Saved 500 records in 9.39s (53 rec/s) | 11 15min, 244 hourly, 245 daily | Queue: 1
ERROR:cache_service:Error setting OHLC batch: Object of type datetime is not JSON serializable
INFO:root:💾 Saved 500 records in 9.83s (51 rec/s) | 13 15min, 244 hourly, 243 daily | Queue: 1
INFO:root:📊 STATUS: 3,481,469 received | 3,468,900 processed | 12569 buffered | 2180 active | ProcQ: 0 | DBQ: 1 | 345,969 saved | Failed: 0 | Vol: TEXINFRA:2,019, DPWIRES:2,695
ERROR:cache_service:Error setting OHLC batch: Object of type datetime is not JSON serializable
INFO:root:💾 Saved 500 records in 7.65s (65 rec/s) | 18 15min, 241 hourly, 241 daily | Queue: 1
ERROR:cache_service:Error setting OHLC batch: Object of type datetime is not JSON serializable
INFO:root:💾 Saved 500 records in 8.62s (58 rec/s) | 10 15min, 245 hourly, 245 daily | Queue: 1
ERROR:cache_service:Error setting OHLC batch: Object of type datetime is not JSON serializable
INFO:root:💾 Saved 500 records in 8.41s (59 rec/s) | 9 15min, 245 hourly, 246 daily | Queue: 1
ERROR:cache_service:Error setting OHLC batch: Object of type datetime is not JSON serializable
INFO:root:💾 Saved 500 records in 6.68s (75 rec/s) | 9 15min, 246 hourly, 245 daily | Queue: 1
INFO:root:📊 STATUS: 3,505,028 received | 3,468,900 processed | 36128 buffered | 2438 active | ProcQ: 0 | DBQ: 1 | 347,969 saved | Failed: 0 | Vol: TEXINFRA:2,019, DPWIRES:2,695
ERROR:cache_service:Error setting OHLC batch: Object of type datetime is not JSON serializable
INFO:root:💾 Saved 500 records in 8.37s (60 rec/s) | 11 15min, 244 hourly, 245 daily | Queue: 1
ERROR:cache_service:Error setting OHLC batch: Object of type datetime is not JSON serializable
INFO:root:💾 Saved 32 records in 0.47s (68 rec/s) | 0 15min, 16 hourly, 16 daily | Queue: 1
INFO:root:⏰ Interval update (60s): 04:37:25 UTC
INFO:root:📤 Queued 46811 ticks from 2483 instruments | Processing queue: 1
ERROR:cache_service:Error setting OHLC batch: Object of type datetime is not JSON serializable
INFO:root:💾 Saved 500 records in 17.50s (29 rec/s) | 21 15min, 240 hourly, 239 daily | Queue: 1
INFO:root:📊 STATUS: 3,530,889 received | 3,515,711 processed | 15178 buffered | 2221 active | ProcQ: 0 | DBQ: 1 | 349,001 saved | Failed: 0 | Vol: TEXINFRA:2,019, DPWIRES:2,695
ERROR:cache_service:Error setting OHLC batch: Object of type datetime is not JSON serializable
INFO:root:💾 Saved 500 records in 13.95s (36 rec/s) | 13 15min, 243 hourly, 244 daily | Queue: 1
ERROR:cache_service:Error setting OHLC batch: Object of type datetime is not JSON serializable
INFO:root:💾 Saved 500 records in 12.51s (40 rec/s) | 14 15min, 243 hourly, 243 daily | Queue: 1
INFO:root:📊 STATUS: 3,555,218 received | 3,515,711 processed | 39507 buffered | 2408 active | ProcQ: 0 | DBQ: 1 | 350,001 saved | Failed: 0 | Vol: TEXINFRA:2,019, DPWIRES:2,695
ERROR:cache_service:Error setting OHLC batch: Object of type datetime is not JSON serializable
INFO:root:💾 Saved 500 records in 11.27s (44 rec/s) | 12 15min, 244 hourly, 244 daily | Queue: 1
INFO:root:⏰ Interval update (60s): 04:38:25 UTC
INFO:root:📤 Queued 49583 ticks from 2474 instruments | Processing queue: 1
ERROR:cache_service:Error setting OHLC batch: Object of type datetime is not JSON serializable
INFO:root:💾 Saved 500 records in 13.79s (36 rec/s) | 15 15min, 243 hourly, 242 daily | Queue: 2
INFO:root:📊 STATUS: 3,578,651 received | 3,565,294 processed | 13357 buffered | 2127 active | ProcQ: 0 | DBQ: 2 | 351,001 saved | Failed: 0 | Vol: TEXINFRA:2,019, DPWIRES:2,695
ERROR:cache_service:Error setting OHLC batch: Object of type datetime is not JSON serializable
INFO:root:💾 Saved 500 records in 40.46s (12 rec/s) | 18 15min, 241 hourly, 241 daily | Queue: 2
INFO:root:📊 STATUS: 3,602,003 received | 3,565,294 processed | 36709 buffered | 2406 active | ProcQ: 0 | DBQ: 2 | 351,501 saved | Failed: 0 | Vol: TEXINFRA:2,019, DPWIRES:2,695
ERROR:cache_service:Error setting OHLC batch: Object of type datetime is not JSON serializable
INFO:root:💾 Saved 500 records in 11.00s (45 rec/s) | 7 15min, 246 hourly, 247 daily | Queue: 2
ERROR:cache_service:Error setting OHLC batch: Object of type datetime is not JSON serializable
INFO:root:💾 Saved 500 records in 3.62s (138 rec/s) | 12 15min, 244 hourly, 244 daily | Queue: 2
INFO:root:⏰ Interval update (60s): 04:39:25 UTC
INFO:root:📤 Queued 46708 ticks from 2467 instruments | Processing queue: 1
ERROR:cache_service:Error setting OHLC batch: Object of type datetime is not JSON serializable
INFO:root:💾 Saved 500 records in 3.84s (130 rec/s) | 9 15min, 246 hourly, 245 daily | Queue: 3
ERROR:cache_service:Error setting OHLC batch: Object of type datetime is not JSON serializable
INFO:root:💾 Saved 500 records in 4.32s (116 rec/s) | 11 15min, 244 hourly, 245 daily | Queue: 3
ERROR:cache_service:Error setting OHLC batch: Object of type datetime is not JSON serializable
INFO:root:💾 Saved 98 records in 0.78s (126 rec/s) | 0 15min, 49 hourly, 49 daily | Queue: 3
ERROR:cache_service:Error setting OHLC batch: Object of type datetime is not JSON serializable
INFO:root:💾 Saved 500 records in 4.30s (116 rec/s) | 21 15min, 240 hourly, 239 daily | Queue: 2
ERROR:cache_service:Error setting OHLC batch: Object of type datetime is not JSON serializable
INFO:root:💾 Saved 500 records in 3.96s (126 rec/s) | 13 15min, 243 hourly, 244 daily | Queue: 2
INFO:root:📊 STATUS: 3,625,630 received | 3,612,002 processed | 13628 buffered | 2238 active | ProcQ: 0 | DBQ: 2 | 354,599 saved | Failed: 0 | Vol: TEXINFRA:2,019, DPWIRES:2,695
ERROR:cache_service:Error setting OHLC batch: Object of type datetime is not JSON serializable
INFO:root:💾 Saved 500 records in 3.84s (130 rec/s) | 17 15min, 242 hourly, 241 daily | Queue: 2
ERROR:cache_service:Error setting OHLC batch: Object of type datetime is not JSON serializable
INFO:root:💾 Saved 500 records in 8.09s (62 rec/s) | 10 15min, 245 hourly, 245 daily | Queue: 2
ERROR:cache_service:Error setting OHLC batch: Object of type datetime is not JSON serializable
INFO:root:💾 Saved 500 records in 8.88s (56 rec/s) | 15 15min, 242 hourly, 243 daily | Queue: 2
ERROR:cache_service:Error setting OHLC batch: Object of type datetime is not JSON serializable
INFO:root:💾 Saved 500 records in 8.61s (58 rec/s) | 18 15min, 241 hourly, 241 daily | Queue: 2
INFO:root:📊 STATUS: 3,648,615 received | 3,612,002 processed | 36613 buffered | 2482 active | ProcQ: 0 | DBQ: 2 | 356,599 saved | Failed: 0 | Vol: TEXINFRA:2,019, DPWIRES:2,695
ERROR:cache_service:Error setting OHLC batch: Object of type datetime is not JSON serializable
INFO:root:💾 Saved 500 records in 6.99s (72 rec/s) | 7 15min, 247 hourly, 246 daily | Queue: 2
ERROR:cache_service:Error setting OHLC batch: Object of type datetime is not JSON serializable
INFO:root:💾 Saved 500 records in 5.03s (99 rec/s) | 11 15min, 244 hourly, 245 daily | Queue: 2
INFO:root:⏰ Interval update (60s): 04:40:25 UTC
INFO:root:📤 Queued 46711 ticks from 2532 instruments | Processing queue: 1
ERROR:cache_service:Error setting OHLC batch: Object of type datetime is not JSON serializable
INFO:root:💾 Saved 500 records in 8.22s (61 rec/s) | 9 15min, 246 hourly, 245 daily | Queue: 3
ERROR:cache_service:Error setting OHLC batch: Object of type datetime is not JSON serializable
INFO:root:💾 Saved 500 records in 6.62s (75 rec/s) | 11 15min, 244 hourly, 245 daily | Queue: 3
ERROR:cache_service:Error setting OHLC batch: Object of type datetime is not JSON serializable
INFO:root:💾 Saved 98 records in 1.29s (76 rec/s) | 0 15min, 49 hourly, 49 daily | Queue: 3
INFO:root:📊 STATUS: 3,674,073 received | 3,658,713 processed | 15360 buffered | 2190 active | ProcQ: 0 | DBQ: 2 | 358,697 saved | Failed: 0 | Vol: TEXINFRA:2,019, DPWIRES:2,705
ERROR:cache_service:Error setting OHLC batch: Object of type datetime is not JSON serializable
INFO:root:💾 Saved 500 records in 8.46s (59 rec/s) | 21 15min, 240 hourly, 239 daily | Queue: 2
ERROR:cache_service:Error setting OHLC batch: Object of type datetime is not JSON serializable
INFO:root:💾 Saved 500 records in 4.76s (105 rec/s) | 13 15min, 243 hourly, 244 daily | Queue: 2
ERROR:cache_service:Error setting OHLC batch: Object of type datetime is not JSON serializable
INFO:root:💾 Saved 500 records in 3.77s (133 rec/s) | 14 15min, 243 hourly, 243 daily | Queue: 2
ERROR:cache_service:Error setting OHLC batch: Object of type datetime is not JSON serializable
INFO:root:💾 Saved 500 records in 3.30s (151 rec/s) | 13 15min, 244 hourly, 243 daily | Queue: 2
ERROR:cache_service:Error setting OHLC batch: Object of type datetime is not JSON serializable
INFO:root:💾 Saved 500 records in 3.20s (156 rec/s) | 15 15min, 242 hourly, 243 daily | Queue: 2
ERROR:cache_service:Error setting OHLC batch: Object of type datetime is not JSON serializable
INFO:root:💾 Saved 500 records in 3.01s (166 rec/s) | 18 15min, 241 hourly, 241 daily | Queue: 2
ERROR:cache_service:Error setting OHLC batch: Object of type datetime is not JSON serializable
INFO:root:💾 Saved 500 records in 2.66s (188 rec/s) | 7 15min, 247 hourly, 246 daily | Queue: 2
ERROR:cache_service:Error setting OHLC batch: Object of type datetime is not JSON serializable
INFO:root:💾 Saved 500 records in 2.23s (224 rec/s) | 11 15min, 244 hourly, 245 daily | Queue: 2
ERROR:cache_service:Error setting OHLC batch: Object of type datetime is not JSON serializable
INFO:root:💾 Saved 500 records in 2.29s (218 rec/s) | 9 15min, 246 hourly, 245 daily | Queue: 2
INFO:root:📊 STATUS: 3,698,812 received | 3,658,713 processed | 40099 buffered | 2435 active | ProcQ: 0 | DBQ: 2 | 363,197 saved | Failed: 0 | Vol: TEXINFRA:2,019, DPWIRES:2,705
ERROR:cache_service:Error setting OHLC batch: Object of type datetime is not JSON serializable
INFO:root:💾 Saved 500 records in 2.25s (222 rec/s) | 11 15min, 244 hourly, 245 daily | Queue: 2
ERROR:cache_service:Error setting OHLC batch: Object of type datetime is not JSON serializable
INFO:root:💾 Saved 80 records in 0.89s (90 rec/s) | 0 15min, 40 hourly, 40 daily | Queue: 2
ERROR:cache_service:Error setting OHLC batch: Object of type datetime is not JSON serializable
INFO:root:💾 Saved 500 records in 3.56s (140 rec/s) | 21 15min, 240 hourly, 239 daily | Queue: 1
ERROR:cache_service:Error setting OHLC batch: Object of type datetime is not JSON serializable
INFO:root:💾 Saved 500 records in 4.06s (123 rec/s) | 13 15min, 243 hourly, 244 daily | Queue: 1
INFO:root:⏰ Interval update (60s): 04:41:25 UTC
INFO:root:📤 Queued 50070 ticks from 2502 instruments | Processing queue: 1
ERROR:cache_service:Error setting OHLC batch: Object of type datetime is not JSON serializable
INFO:root:💾 Saved 500 records in 7.92s (63 rec/s) | 17 15min, 242 hourly, 241 daily | Queue: 2
ERROR:cache_service:Error setting OHLC batch: Object of type datetime is not JSON serializable
INFO:root:💾 Saved 500 records in 6.38s (78 rec/s) | 12 15min, 244 hourly, 244 daily | Queue: 2
ERROR:cache_service:Error setting OHLC batch: Object of type datetime is not JSON serializable
INFO:root:💾 Saved 500 records in 5.25s (95 rec/s) | 12 15min, 244 hourly, 244 daily | Queue: 2
INFO:root:📊 STATUS: 3,722,378 received | 3,708,783 processed | 13595 buffered | 2165 active | ProcQ: 0 | DBQ: 2 | 366,277 saved | Failed: 0 | Vol: TEXINFRA:2,019, DPWIRES:2,706
ERROR:cache_service:Error setting OHLC batch: Object of type datetime is not JSON serializable
INFO:root:💾 Saved 500 records in 3.75s (133 rec/s) | 18 15min, 241 hourly, 241 daily | Queue: 2
ERROR:cache_service:Error setting OHLC batch: Object of type datetime is not JSON serializable
INFO:root:💾 Saved 500 records in 2.89s (173 rec/s) | 9 15min, 245 hourly, 246 daily | Queue: 2
ERROR:cache_service:Error setting OHLC batch: Object of type datetime is not JSON serializable
INFO:root:💾 Saved 500 records in 4.54s (110 rec/s) | 10 15min, 245 hourly, 245 daily | Queue: 2
ERROR:cache_service:Error setting OHLC batch: Object of type datetime is not JSON serializable
INFO:root:💾 Saved 500 records in 8.49s (59 rec/s) | 9 15min, 246 hourly, 245 daily | Queue: 2
INFO:root:📊 STATUS: 3,746,018 received | 3,708,783 processed | 37235 buffered | 2416 active | ProcQ: 0 | DBQ: 2 | 368,277 saved | Failed: 0 | Vol: TEXINFRA:2,019, DPWIRES:2,706
INFO:root:⏰ Interval update (60s): 04:42:25 UTC
INFO:root:📤 Queued 46784 ticks from 2451 instruments | Processing queue: 1
ERROR:cache_service:Error setting OHLC batch: Object of type datetime is not JSON serializable
INFO:root:💾 Saved 500 records in 34.76s (14 rec/s) | 11 15min, 244 hourly, 245 daily | Queue: 3
INFO:root:📊 STATUS: 3,769,405 received | 3,755,567 processed | 13838 buffered | 2131 active | ProcQ: 0 | DBQ: 3 | 368,777 saved | Failed: 0 | Vol: TEXINFRA:2,019, DPWIRES:2,706
ERROR:cache_service:Error setting OHLC batch: Object of type datetime is not JSON serializable
INFO:root:💾 Saved 66 records in 9.70s (7 rec/s) | 0 15min, 33 hourly, 33 daily | Queue: 3
ERROR:cache_service:Error setting OHLC batch: Object of type datetime is not JSON serializable
INFO:root:💾 Saved 500 records in 9.59s (52 rec/s) | 21 15min, 240 hourly, 239 daily | Queue: 2
ERROR:cache_service:Error setting OHLC batch: Object of type datetime is not JSON serializable
INFO:root:💾 Saved 500 records in 7.20s (69 rec/s) | 13 15min, 243 hourly, 244 daily | Queue: 2
ERROR:cache_service:Error setting OHLC batch: Object of type datetime is not JSON serializable
INFO:root:💾 Saved 500 records in 8.29s (60 rec/s) | 14 15min, 243 hourly, 243 daily | Queue: 2
INFO:root:📊 STATUS: 3,792,656 received | 3,755,567 processed | 37089 buffered | 2416 active | ProcQ: 0 | DBQ: 2 | 370,343 saved | Failed: 0 | Vol: TEXINFRA:2,019, DPWIRES:2,706
ERROR:cache_service:Error setting OHLC batch: Object of type datetime is not JSON serializable
INFO:root:💾 Saved 500 records in 6.98s (72 rec/s) | 13 15min, 244 hourly, 243 daily | Queue: 2
ERROR:cache_service:Error setting OHLC batch: Object of type datetime is not JSON serializable
INFO:root:💾 Saved 500 records in 6.10s (82 rec/s) | 15 15min, 242 hourly, 243 daily | Queue: 2
INFO:root:⏰ Interval update (60s): 04:43:26 UTC
INFO:root:📤 Queued 46901 ticks from 2466 instruments | Processing queue: 1
ERROR:cache_service:Error setting OHLC batch: Object of type datetime is not JSON serializable
INFO:root:💾 Saved 500 records in 6.41s (78 rec/s) | 13 15min, 244 hourly, 243 daily | Queue: 3
ERROR:cache_service:Error setting OHLC batch: Object of type datetime is not JSON serializable
INFO:root:💾 Saved 500 records in 7.61s (66 rec/s) | 12 15min, 244 hourly, 244 daily | Queue: 3
INFO:root:📊 STATUS: 3,818,207 received | 3,802,468 processed | 15739 buffered | 2160 active | ProcQ: 0 | DBQ: 3 | 372,343 saved | Failed: 0 | Vol: TEXINFRA:2,019, DPWIRES:2,706
ERROR:cache_service:Error setting OHLC batch: Object of type datetime is not JSON serializable
INFO:root:💾 Saved 500 records in 7.31s (68 rec/s) | 9 15min, 245 hourly, 246 daily | Queue: 3
ERROR:cache_service:Error setting OHLC batch: Object of type datetime is not JSON serializable
INFO:root:💾 Saved 500 records in 6.86s (73 rec/s) | 10 15min, 245 hourly, 245 daily | Queue: 3
ERROR:cache_service:Error setting OHLC batch: Object of type datetime is not JSON serializable
INFO:root:💾 Saved 500 records in 7.69s (65 rec/s) | 8 15min, 246 hourly, 246 daily | Queue: 3
ERROR:cache_service:Error setting OHLC batch: Object of type datetime is not JSON serializable
INFO:root:💾 Saved 196 records in 2.43s (81 rec/s) | 4 15min, 96 hourly, 96 daily | Queue: 3
ERROR:cache_service:Error setting OHLC batch: Object of type datetime is not JSON serializable
INFO:root:💾 Saved 500 records in 6.80s (74 rec/s) | 21 15min, 240 hourly, 239 daily | Queue: 2
INFO:root:📊 STATUS: 3,842,735 received | 3,802,468 processed | 40267 buffered | 2526 active | ProcQ: 0 | DBQ: 2 | 374,539 saved | Failed: 0 | Vol: TEXINFRA:2,019, DPWIRES:2,706
ERROR:cache_service:Error setting OHLC batch: Object of type datetime is not JSON serializable
INFO:root:💾 Saved 500 records in 7.50s (67 rec/s) | 13 15min, 243 hourly, 244 daily | Queue: 2
ERROR:cache_service:Error setting OHLC batch: Object of type datetime is not JSON serializable
INFO:root:💾 Saved 500 records in 7.36s (68 rec/s) | 14 15min, 243 hourly, 243 daily | Queue: 2
INFO:root:⏰ Interval update (60s): 04:44:26 UTC
INFO:root:📤 Queued 49909 ticks from 2592 instruments | Processing queue: 1
ERROR:cache_service:Error setting OHLC batch: Object of type datetime is not JSON serializable
INFO:root:💾 Saved 500 records in 6.34s (79 rec/s) | 13 15min, 244 hourly, 243 daily | Queue: 3
ERROR:cache_service:Error setting OHLC batch: Object of type datetime is not JSON serializable
INFO:root:💾 Saved 500 records in 2.96s (169 rec/s) | 15 15min, 242 hourly, 243 daily | Queue: 3
ERROR:cache_service:Error setting OHLC batch: Object of type datetime is not JSON serializable
INFO:root:💾 Saved 500 records in 2.60s (192 rec/s) | 18 15min, 241 hourly, 241 daily | Queue: 3
ERROR:cache_service:Error setting OHLC batch: Object of type datetime is not JSON serializable
INFO:root:💾 Saved 500 records in 1.86s (269 rec/s) | 9 15min, 246 hourly, 245 daily | Queue: 3
ERROR:cache_service:Error setting OHLC batch: Object of type datetime is not JSON serializable
INFO:root:💾 Saved 500 records in 1.95s (256 rec/s) | 9 15min, 245 hourly, 246 daily | Queue: 3
ERROR:cache_service:Error setting OHLC batch: Object of type datetime is not JSON serializable
INFO:root:💾 Saved 500 records in 2.67s (187 rec/s) | 9 15min, 246 hourly, 245 daily | Queue: 3
INFO:root:📊 STATUS: 3,865,812 received | 3,852,377 processed | 13435 buffered | 2287 active | ProcQ: 0 | DBQ: 3 | 378,539 saved | Failed: 0 | Vol: TEXINFRA:2,019, DPWIRES:2,706
ERROR:cache_service:Error setting OHLC batch: Object of type datetime is not JSON serializable
INFO:root:💾 Saved 500 records in 2.52s (199 rec/s) | 11 15min, 244 hourly, 245 daily | Queue: 3
ERROR:cache_service:Error setting OHLC batch: Object of type datetime is not JSON serializable
INFO:root:💾 Saved 136 records in 0.62s (219 rec/s) | 0 15min, 68 hourly, 68 daily | Queue: 3
ERROR:cache_service:Error setting OHLC batch: Object of type datetime is not JSON serializable
INFO:root:💾 Saved 500 records in 2.00s (250 rec/s) | 21 15min, 240 hourly, 239 daily | Queue: 2
ERROR:cache_service:Error setting OHLC batch: Object of type datetime is not JSON serializable
INFO:root:💾 Saved 500 records in 2.06s (243 rec/s) | 13 15min, 243 hourly, 244 daily | Queue: 2
ERROR:cache_service:Error setting OHLC batch: Object of type datetime is not JSON serializable
INFO:root:💾 Saved 500 records in 1.81s (277 rec/s) | 17 15min, 242 hourly, 241 daily | Queue: 2
ERROR:cache_service:Error setting OHLC batch: Object of type datetime is not JSON serializable
INFO:root:💾 Saved 500 records in 0.78s (639 rec/s) | 9 15min, 245 hourly, 246 daily | Queue: 2
ERROR:cache_service:Error setting OHLC batch: Object of type datetime is not JSON serializable
INFO:root:💾 Saved 500 records in 0.42s (1203 rec/s) | 15 15min, 243 hourly, 242 daily | Queue: 2
ERROR:cache_service:Error setting OHLC batch: Object of type datetime is not JSON serializable
INFO:root:💾 Saved 500 records in 0.59s (848 rec/s) | 18 15min, 241 hourly, 241 daily | Queue: 2
ERROR:cache_service:Error setting OHLC batch: Object of type datetime is not JSON serializable
INFO:root:💾 Saved 500 records in 0.46s (1080 rec/s) | 10 15min, 245 hourly, 245 daily | Queue: 2
ERROR:cache_service:Error setting OHLC batch: Object of type datetime is not JSON serializable
INFO:root:💾 Saved 500 records in 0.52s (953 rec/s) | 9 15min, 245 hourly, 246 daily | Queue: 2
ERROR:cache_service:Error setting OHLC batch: Object of type datetime is not JSON serializable
INFO:root:💾 Saved 500 records in 0.31s (1625 rec/s) | 9 15min, 246 hourly, 245 daily | Queue: 2
ERROR:cache_service:Error setting OHLC batch: Object of type datetime is not JSON serializable
INFO:root:💾 Saved 500 records in 0.22s (2255 rec/s) | 11 15min, 244 hourly, 245 daily | Queue: 2
ERROR:cache_service:Error setting OHLC batch: Object of type datetime is not JSON serializable
INFO:root:💾 Saved 34 records in 0.04s (967 rec/s) | 0 15min, 17 hourly, 17 daily | Queue: 2
ERROR:cache_service:Error setting OHLC batch: Object of type datetime is not JSON serializable
INFO:root:💾 Saved 500 records in 0.26s (1933 rec/s) | 21 15min, 240 hourly, 239 daily | Queue: 1
ERROR:cache_service:Error setting OHLC batch: Object of type datetime is not JSON serializable
INFO:root:💾 Saved 500 records in 0.24s (2053 rec/s) | 13 15min, 243 hourly, 244 daily | Queue: 1
ERROR:cache_service:Error setting OHLC batch: Object of type datetime is not JSON serializable
INFO:root:💾 Saved 500 records in 0.22s (2282 rec/s) | 17 15min, 242 hourly, 241 daily | Queue: 1
ERROR:cache_service:Error setting OHLC batch: Object of type datetime is not JSON serializable
INFO:root:💾 Saved 500 records in 0.21s (2358 rec/s) | 13 15min, 243 hourly, 244 daily | Queue: 1
ERROR:cache_service:Error setting OHLC batch: Object of type datetime is not JSON serializable
INFO:root:💾 Saved 500 records in 0.26s (1936 rec/s) | 12 15min, 244 hourly, 244 daily | Queue: 1
ERROR:cache_service:Error setting OHLC batch: Object of type datetime is not JSON serializable
INFO:root:💾 Saved 500 records in 0.19s (2604 rec/s) | 18 15min, 241 hourly, 241 daily | Queue: 1
ERROR:cache_service:Error setting OHLC batch: Object of type datetime is not JSON serializable
INFO:root:💾 Saved 500 records in 0.23s (2164 rec/s) | 10 15min, 245 hourly, 245 daily | Queue: 1
ERROR:cache_service:Error setting OHLC batch: Object of type datetime is not JSON serializable
INFO:root:💾 Saved 500 records in 0.24s (2102 rec/s) | 8 15min, 246 hourly, 246 daily | Queue: 1
ERROR:cache_service:Error setting OHLC batch: Object of type datetime is not JSON serializable
INFO:root:💾 Saved 500 records in 0.24s (2045 rec/s) | 9 15min, 246 hourly, 245 daily | Queue: 1
ERROR:cache_service:Error setting OHLC batch: Object of type datetime is not JSON serializable
INFO:root:💾 Saved 500 records in 0.25s (2033 rec/s) | 11 15min, 244 hourly, 245 daily | Queue: 1
ERROR:cache_service:Error setting OHLC batch: Object of type datetime is not JSON serializable
INFO:root:💾 Saved 64 records in 0.06s (1115 rec/s) | 0 15min, 32 hourly, 32 daily | Queue: 1
ERROR:cache_service:Error setting OHLC batch: Object of type datetime is not JSON serializable
INFO:root:💾 Saved 500 records in 0.27s (1843 rec/s) | 21 15min, 240 hourly, 239 daily | Queue: 0
ERROR:cache_service:Error setting OHLC batch: Object of type datetime is not JSON serializable
INFO:root:💾 Saved 500 records in 0.17s (2987 rec/s) | 13 15min, 243 hourly, 244 daily | Queue: 0
ERROR:cache_service:Error setting OHLC batch: Object of type datetime is not JSON serializable
INFO:root:💾 Saved 500 records in 0.16s (3174 rec/s) | 14 15min, 243 hourly, 243 daily | Queue: 0
ERROR:cache_service:Error setting OHLC batch: Object of type datetime is not JSON serializable
INFO:root:💾 Saved 500 records in 0.14s (3467 rec/s) | 13 15min, 244 hourly, 243 daily | Queue: 0
ERROR:cache_service:Error setting OHLC batch: Object of type datetime is not JSON serializable
INFO:root:💾 Saved 500 records in 0.17s (3013 rec/s) | 11 15min, 244 hourly, 245 daily | Queue: 0
ERROR:cache_service:Error setting OHLC batch: Object of type datetime is not JSON serializable
INFO:root:💾 Saved 500 records in 0.24s (2096 rec/s) | 17 15min, 242 hourly, 241 daily | Queue: 0
ERROR:cache_service:Error setting OHLC batch: Object of type datetime is not JSON serializable
INFO:root:💾 Saved 500 records in 0.14s (3506 rec/s) | 12 15min, 244 hourly, 244 daily | Queue: 0
ERROR:cache_service:Error setting OHLC batch: Object of type datetime is not JSON serializable
INFO:root:💾 Saved 500 records in 0.18s (2854 rec/s) | 9 15min, 245 hourly, 246 daily | Queue: 0
ERROR:cache_service:Error setting OHLC batch: Object of type datetime is not JSON serializable
INFO:root:💾 Saved 500 records in 0.16s (3105 rec/s) | 8 15min, 246 hourly, 246 daily | Queue: 0
ERROR:cache_service:Error setting OHLC batch: Object of type datetime is not JSON serializable
INFO:root:💾 Saved 500 records in 0.17s (2873 rec/s) | 10 15min, 245 hourly, 245 daily | Queue: 0
ERROR:cache_service:Error setting OHLC batch: Object of type datetime is not JSON serializable
INFO:root:💾 Saved 316 records in 0.07s (4554 rec/s) | 4 15min, 156 hourly, 156 daily | Queue: 0
INFO:root:📊 STATUS: 3,888,799 received | 3,852,377 processed | 36422 buffered | 2547 active | ProcQ: 0 | DBQ: 0 | 394,589 saved | Failed: 0 | Vol: TEXINFRA:2,019, DPWIRES:2,706
INFO:root:⏰ Interval update (60s): 04:45:26 UTC
INFO:root:📤 Queued 45685 ticks from 2595 instruments | Processing queue: 1
ERROR:cache_service:Error setting OHLC batch: Object of type datetime is not JSON serializable
INFO:root:💾 Saved 500 records in 0.82s (608 rec/s) | 21 15min, 240 hourly, 239 daily | Queue: 0
ERROR:cache_service:Error setting OHLC batch: Object of type datetime is not JSON serializable
INFO:root:💾 Saved 500 records in 0.60s (839 rec/s) | 13 15min, 243 hourly, 244 daily | Queue: 0
ERROR:cache_service:Error setting OHLC batch: Object of type datetime is not JSON serializable
INFO:root:💾 Saved 500 records in 0.29s (1731 rec/s) | 14 15min, 243 hourly, 243 daily | Queue: 0
ERROR:cache_service:Error setting OHLC batch: Object of type datetime is not JSON serializable
INFO:root:💾 Saved 500 records in 0.20s (2515 rec/s) | 13 15min, 244 hourly, 243 daily | Queue: 0
ERROR:cache_service:Error setting OHLC batch: Object of type datetime is not JSON serializable
INFO:root:💾 Saved 500 records in 0.35s (1418 rec/s) | 10 15min, 245 hourly, 245 daily | Queue: 0
ERROR:cache_service:Error setting OHLC batch: Object of type datetime is not JSON serializable
INFO:root:💾 Saved 500 records in 0.32s (1551 rec/s) | 18 15min, 241 hourly, 241 daily | Queue: 0
ERROR:cache_service:Error setting OHLC batch: Object of type datetime is not JSON serializable
INFO:root:💾 Saved 500 records in 0.21s (2399 rec/s) | 12 15min, 244 hourly, 244 daily | Queue: 0
ERROR:cache_service:Error setting OHLC batch: Object of type datetime is not JSON serializable
INFO:root:💾 Saved 500 records in 0.31s (1600 rec/s) | 8 15min, 246 hourly, 246 daily | Queue: 0
ERROR:cache_service:Error setting OHLC batch: Object of type datetime is not JSON serializable
INFO:root:💾 Saved 500 records in 0.46s (1097 rec/s) | 9 15min, 245 hourly, 246 daily | Queue: 0
ERROR:cache_service:Error setting OHLC batch: Object of type datetime is not JSON serializable
INFO:root:💾 Saved 500 records in 0.23s (2135 rec/s) | 10 15min, 245 hourly, 245 daily | Queue: 0
ERROR:cache_service:Error setting OHLC batch: Object of type datetime is not JSON serializable
INFO:root:💾 Saved 322 records in 0.21s (1545 rec/s) | 4 15min, 159 hourly, 159 daily | Queue: 0
INFO:root:📊 STATUS: 3,911,822 received | 3,898,062 processed | 13760 buffered | 2165 active | ProcQ: 0 | DBQ: 0 | 399,911 saved | Failed: 0 | Vol: TEXINFRA:2,019, DPWIRES:2,706
INFO:root:📊 STATUS: 3,934,859 received | 3,898,062 processed | 36797 buffered | 2388 active | ProcQ: 0 | DBQ: 0 | 399,911 saved | Failed: 0 | Vol: TEXINFRA:2,019, DPWIRES:2,706
INFO:root:⏰ Interval update (60s): 04:46:26 UTC
INFO:root:📤 Queued 46071 ticks from 2419 instruments | Processing queue: 1
ERROR:cache_service:Error setting OHLC batch: Object of type datetime is not JSON serializable
INFO:root:💾 Saved 500 records in 5.76s (87 rec/s) | 21 15min, 240 hourly, 239 daily | Queue: 0
ERROR:cache_service:Error setting OHLC batch: Object of type datetime is not JSON serializable
INFO:root:💾 Saved 500 records in 3.29s (152 rec/s) | 13 15min, 243 hourly, 244 daily | Queue: 0
ERROR:cache_service:Error setting OHLC batch: Object of type datetime is not JSON serializable
INFO:root:💾 Saved 500 records in 3.03s (165 rec/s) | 17 15min, 242 hourly, 241 daily | Queue: 0
ERROR:cache_service:Error setting OHLC batch: Object of type datetime is not JSON serializable
INFO:root:💾 Saved 500 records in 4.32s (116 rec/s) | 15 15min, 242 hourly, 243 daily | Queue: 0
INFO:root:📊 STATUS: 3,960,082 received | 3,944,133 processed | 15949 buffered | 2149 active | ProcQ: 0 | DBQ: 0 | 401,911 saved | Failed: 0 | Vol: TEXINFRA:2,019, DPWIRES:2,706
ERROR:cache_service:Error setting OHLC batch: Object of type datetime is not JSON serializable
INFO:root:💾 Saved 500 records in 3.78s (132 rec/s) | 15 15min, 243 hourly, 242 daily | Queue: 0
ERROR:cache_service:Error setting OHLC batch: Object of type datetime is not JSON serializable
INFO:root:💾 Saved 500 records in 3.95s (127 rec/s) | 13 15min, 243 hourly, 244 daily | Queue: 0
ERROR:cache_service:Error setting OHLC batch: Object of type datetime is not JSON serializable
INFO:root:💾 Saved 500 records in 2.27s (220 rec/s) | 10 15min, 245 hourly, 245 daily | Queue: 0
ERROR:cache_service:Error setting OHLC batch: Object of type datetime is not JSON serializable
INFO:root:💾 Saved 500 records in 2.78s (180 rec/s) | 11 15min, 245 hourly, 244 daily | Queue: 0
ERROR:cache_service:Error setting OHLC batch: Object of type datetime is not JSON serializable
INFO:root:💾 Saved 500 records in 3.20s (156 rec/s) | 9 15min, 245 hourly, 246 daily | Queue: 0
ERROR:cache_service:Error setting OHLC batch: Object of type datetime is not JSON serializable
INFO:root:💾 Saved 470 records in 3.85s (122 rec/s) | 8 15min, 231 hourly, 231 daily | Queue: 0
INFO:root:📊 STATUS: 3,984,329 received | 3,944,133 processed | 40196 buffered | 2432 active | ProcQ: 0 | DBQ: 0 | 404,881 saved | Failed: 0 | Vol: TEXINFRA:2,019, DPWIRES:2,706
INFO:root:⏰ Interval update (60s): 04:47:26 UTC
INFO:root:📤 Queued 49487 ticks from 2483 instruments | Processing queue: 1
ERROR:cache_service:Error setting OHLC batch: Object of type datetime is not JSON serializable
INFO:root:💾 Saved 500 records in 3.70s (135 rec/s) | 21 15min, 240 hourly, 239 daily | Queue: 0
ERROR:cache_service:Error setting OHLC batch: Object of type datetime is not JSON serializable
INFO:root:💾 Saved 500 records in 3.13s (160 rec/s) | 13 15min, 243 hourly, 244 daily | Queue: 0
ERROR:cache_service:Error setting OHLC batch: Object of type datetime is not JSON serializable
INFO:root:💾 Saved 500 records in 3.51s (143 rec/s) | 17 15min, 242 hourly, 241 daily | Queue: 0
ERROR:cache_service:Error setting OHLC batch: Object of type datetime is not JSON serializable
INFO:root:💾 Saved 500 records in 2.47s (202 rec/s) | 10 15min, 245 hourly, 245 daily | Queue: 0
ERROR:cache_service:Error setting OHLC batch: Object of type datetime is not JSON serializable
INFO:root:💾 Saved 500 records in 2.06s (242 rec/s) | 15 15min, 242 hourly, 243 daily | Queue: 0
ERROR:cache_service:Error setting OHLC batch: Object of type datetime is not JSON serializable
INFO:root:💾 Saved 500 records in 1.95s (257 rec/s) | 18 15min, 241 hourly, 241 daily | Queue: 0
INFO:root:📊 STATUS: 4,007,449 received | 3,993,620 processed | 13829 buffered | 2209 active | ProcQ: 0 | DBQ: 0 | 407,881 saved | Failed: 0 | Vol: TEXINFRA:2,119, DPWIRES:2,776
ERROR:cache_service:Error setting OHLC batch: Object of type datetime is not JSON serializable
INFO:root:💾 Saved 500 records in 1.80s (277 rec/s) | 7 15min, 247 hourly, 246 daily | Queue: 0
ERROR:cache_service:Error setting OHLC batch: Object of type datetime is not JSON serializable
INFO:root:💾 Saved 500 records in 1.71s (292 rec/s) | 11 15min, 244 hourly, 245 daily | Queue: 0
ERROR:cache_service:Error setting OHLC batch: Object of type datetime is not JSON serializable
INFO:root:💾 Saved 500 records in 1.66s (300 rec/s) | 9 15min, 246 hourly, 245 daily | Queue: 0
ERROR:cache_service:Error setting OHLC batch: Object of type datetime is not JSON serializable
INFO:root:💾 Saved 500 records in 1.71s (292 rec/s) | 11 15min, 244 hourly, 245 daily | Queue: 0
ERROR:cache_service:Error setting OHLC batch: Object of type datetime is not JSON serializable
INFO:root:💾 Saved 98 records in 0.58s (170 rec/s) | 0 15min, 49 hourly, 49 daily | Queue: 0
INFO:root:📊 STATUS: 4,030,723 received | 3,993,620 processed | 37103 buffered | 2425 active | ProcQ: 0 | DBQ: 0 | 409,979 saved | Failed: 0 | Vol: TEXINFRA:2,119, DPWIRES:2,776
INFO:root:⏰ Interval update (60s): 04:48:26 UTC
INFO:root:📤 Queued 45907 ticks from 2467 instruments | Processing queue: 1
ERROR:cache_service:Error setting OHLC batch: Object of type datetime is not JSON serializable
INFO:root:💾 Saved 500 records in 3.08s (163 rec/s) | 21 15min, 240 hourly, 239 daily | Queue: 0
ERROR:cache_service:Error setting OHLC batch: Object of type datetime is not JSON serializable
INFO:root:💾 Saved 500 records in 1.99s (252 rec/s) | 13 15min, 243 hourly, 244 daily | Queue: 0
ERROR:cache_service:Error setting OHLC batch: Object of type datetime is not JSON serializable
INFO:root:💾 Saved 500 records in 1.91s (262 rec/s) | 14 15min, 243 hourly, 243 daily | Queue: 0
ERROR:cache_service:Error setting OHLC batch: Object of type datetime is not JSON serializable
INFO:root:💾 Saved 500 records in 1.57s (318 rec/s) | 13 15min, 244 hourly, 243 daily | Queue: 0
ERROR:cache_service:Error setting OHLC batch: Object of type datetime is not JSON serializable
INFO:root:💾 Saved 500 records in 1.33s (376 rec/s) | 15 15min, 242 hourly, 243 daily | Queue: 0
ERROR:cache_service:Error setting OHLC batch: Object of type datetime is not JSON serializable
INFO:root:💾 Saved 500 records in 1.23s (407 rec/s) | 18 15min, 241 hourly, 241 daily | Queue: 0
ERROR:cache_service:Error setting OHLC batch: Object of type datetime is not JSON serializable
INFO:root:💾 Saved 500 records in 1.07s (467 rec/s) | 8 15min, 246 hourly, 246 daily | Queue: 0
ERROR:cache_service:Error setting OHLC batch: Object of type datetime is not JSON serializable
INFO:root:💾 Saved 500 records in 1.24s (402 rec/s) | 10 15min, 245 hourly, 245 daily | Queue: 0
ERROR:cache_service:Error setting OHLC batch: Object of type datetime is not JSON serializable
INFO:root:💾 Saved 500 records in 1.70s (294 rec/s) | 9 15min, 246 hourly, 245 daily | Queue: 0
ERROR:cache_service:Error setting OHLC batch: Object of type datetime is not JSON serializable
INFO:root:💾 Saved 500 records in 1.64s (304 rec/s) | 11 15min, 244 hourly, 245 daily | Queue: 0
ERROR:cache_service:Error setting OHLC batch: Object of type datetime is not JSON serializable
INFO:root:💾 Saved 66 records in 0.22s (296 rec/s) | 0 15min, 33 hourly, 33 daily | Queue: 0
INFO:root:📊 STATUS: 4,054,040 received | 4,039,527 processed | 14513 buffered | 2105 active | ProcQ: 0 | DBQ: 0 | 415,045 saved | Failed: 0 | Vol: TEXINFRA:2,119, DPWIRES:2,778
INFO:root:📊 STATUS: 4,077,217 received | 4,039,527 processed | 37690 buffered | 2399 active | ProcQ: 0 | DBQ: 0 | 415,045 saved | Failed: 0 | Vol: TEXINFRA:2,119, DPWIRES:2,778
INFO:root:⏰ Interval update (60s): 04:49:27 UTC
INFO:root:📤 Queued 46337 ticks from 2452 instruments | Processing queue: 1
ERROR:cache_service:Error setting OHLC batch: Object of type datetime is not JSON serializable
INFO:root:💾 Saved 500 records in 3.51s (142 rec/s) | 21 15min, 240 hourly, 239 daily | Queue: 0
ERROR:cache_service:Error setting OHLC batch: Object of type datetime is not JSON serializable
INFO:root:💾 Saved 500 records in 2.67s (188 rec/s) | 13 15min, 243 hourly, 244 daily | Queue: 0
ERROR:cache_service:Error setting OHLC batch: Object of type datetime is not JSON serializable
INFO:root:💾 Saved 500 records in 2.79s (179 rec/s) | 17 15min, 242 hourly, 241 daily | Queue: 0
ERROR:cache_service:Error setting OHLC batch: Object of type datetime is not JSON serializable
INFO:root:💾 Saved 500 records in 3.99s (125 rec/s) | 9 15min, 245 hourly, 246 daily | Queue: 0
INFO:root:📊 STATUS: 4,102,182 received | 4,085,864 processed | 16318 buffered | 2168 active | ProcQ: 0 | DBQ: 0 | 417,045 saved | Failed: 0 | Vol: TEXINFRA:2,333, DPWIRES:2,783
ERROR:cache_service:Error setting OHLC batch: Object of type datetime is not JSON serializable
INFO:root:💾 Saved 500 records in 10.56s (47 rec/s) | 15 15min, 243 hourly, 242 daily | Queue: 0
INFO:root:📊 STATUS: 4,126,232 received | 4,085,864 processed | 40368 buffered | 2383 active | ProcQ: 0 | DBQ: 0 | 417,545 saved | Failed: 0 | Vol: TEXINFRA:2,333, DPWIRES:2,783
INFO:root:⏰ Interval update (60s): 04:50:27 UTC
INFO:root:📤 Queued 49124 ticks from 2431 instruments | Processing queue: 1
ERROR:cache_service:Error setting OHLC batch: Object of type datetime is not JSON serializable
INFO:root:💾 Saved 500 records in 43.25s (12 rec/s) | 18 15min, 241 hourly, 241 daily | Queue: 1
ERROR:cache_service:Error setting OHLC batch: Object of type datetime is not JSON serializable
INFO:root:💾 Saved 500 records in 10.67s (47 rec/s) | 10 15min, 245 hourly, 245 daily | Queue: 1
INFO:root:📊 STATUS: 4,149,487 received | 4,134,988 processed | 14499 buffered | 2183 active | ProcQ: 0 | DBQ: 1 | 418,545 saved | Failed: 0 | Vol: TEXINFRA:2,333, DPWIRES:2,783
ERROR:cache_service:Error setting OHLC batch: Object of type datetime is not JSON serializable
INFO:root:💾 Saved 500 records in 8.05s (62 rec/s) | 10 15min, 245 hourly, 245 daily | Queue: 1
ERROR:cache_service:Error setting OHLC batch: Object of type datetime is not JSON serializable
INFO:root:💾 Saved 500 records in 7.74s (65 rec/s) | 8 15min, 246 hourly, 246 daily | Queue: 1
ERROR:cache_service:Error setting OHLC batch: Object of type datetime is not JSON serializable
INFO:root:💾 Saved 500 records in 7.80s (64 rec/s) | 11 15min, 244 hourly, 245 daily | Queue: 1
ERROR:cache_service:Error setting OHLC batch: Object of type datetime is not JSON serializable
INFO:root:💾 Saved 36 records in 0.66s (54 rec/s) | 0 15min, 18 hourly, 18 daily | Queue: 1
INFO:root:📊 STATUS: 4,172,364 received | 4,134,988 processed | 37376 buffered | 2411 active | ProcQ: 0 | DBQ: 0 | 420,081 saved | Failed: 0 | Vol: TEXINFRA:2,333, DPWIRES:2,783
ERROR:cache_service:Error setting OHLC batch: Object of type datetime is not JSON serializable
INFO:root:💾 Saved 500 records in 8.22s (61 rec/s) | 21 15min, 240 hourly, 239 daily | Queue: 0
INFO:root:⏰ Interval update (60s): 04:51:27 UTC
INFO:root:📤 Queued 46436 ticks from 2453 instruments | Processing queue: 1
ERROR:cache_service:Error setting OHLC batch: Object of type datetime is not JSON serializable
INFO:root:💾 Saved 500 records in 12.14s (41 rec/s) | 13 15min, 243 hourly, 244 daily | Queue: 1
ERROR:cache_service:Error setting OHLC batch: Object of type datetime is not JSON serializable
INFO:root:💾 Saved 500 records in 11.21s (45 rec/s) | 17 15min, 242 hourly, 241 daily | Queue: 1
INFO:root:📊 STATUS: 4,195,632 received | 4,181,424 processed | 14208 buffered | 2115 active | ProcQ: 0 | DBQ: 1 | 421,581 saved | Failed: 0 | Vol: TEXINFRA:2,360, DPWIRES:2,783
ERROR:cache_service:Error setting OHLC batch: Object of type datetime is not JSON serializable
INFO:root:💾 Saved 500 records in 12.52s (40 rec/s) | 15 15min, 242 hourly, 243 daily | Queue: 1
ERROR:cache_service:Error setting OHLC batch: Object of type datetime is not JSON serializable
INFO:root:💾 Saved 500 records in 11.05s (45 rec/s) | 10 15min, 245 hourly, 245 daily | Queue: 1
ERROR:cache_service:Error setting OHLC batch: Object of type datetime is not JSON serializable
INFO:root:💾 Saved 500 records in 8.43s (59 rec/s) | 18 15min, 241 hourly, 241 daily | Queue: 1
INFO:root:📊 STATUS: 4,218,920 received | 4,181,424 processed | 37496 buffered | 2399 active | ProcQ: 0 | DBQ: 1 | 423,081 saved | Failed: 0 | Vol: TEXINFRA:2,360, DPWIRES:2,783
ERROR:cache_service:Error setting OHLC batch: Object of type datetime is not JSON serializable
INFO:root:💾 Saved 500 records in 8.82s (57 rec/s) | 10 15min, 245 hourly, 245 daily | Queue: 1
INFO:root:⏰ Interval update (60s): 04:52:27 UTC
INFO:root:📤 Queued 45944 ticks from 2435 instruments | Processing queue: 1
ERROR:cache_service:Error setting OHLC batch: Object of type datetime is not JSON serializable
INFO:root:💾 Saved 500 records in 8.79s (57 rec/s) | 11 15min, 245 hourly, 244 daily | Queue: 2
INFO:root:📊 STATUS: 4,243,121 received | 4,227,368 processed | 15753 buffered | 2164 active | ProcQ: 0 | DBQ: 2 | 424,081 saved | Failed: 0 | Vol: TEXINFRA:2,360, DPWIRES:2,783
ERROR:cache_service:Error setting OHLC batch: Object of type datetime is not JSON serializable
INFO:root:💾 Saved 500 records in 16.81s (30 rec/s) | 9 15min, 245 hourly, 246 daily | Queue: 2
INFO:root:📊 STATUS: 4,266,707 received | 4,227,368 processed | 39339 buffered | 2392 active | ProcQ: 0 | DBQ: 2 | 424,581 saved | Failed: 0 | Vol: TEXINFRA:2,360, DPWIRES:2,783
ERROR:cache_service:Error setting OHLC batch: Object of type datetime is not JSON serializable
INFO:root:💾 Saved 494 records in 39.54s (12 rec/s) | 8 15min, 243 hourly, 243 daily | Queue: 2
INFO:root:⏰ Interval update (60s): 04:53:27 UTC
INFO:root:📤 Queued 47898 ticks from 2432 instruments | Processing queue: 1
ERROR:cache_service:Error setting OHLC batch: Object of type datetime is not JSON serializable
INFO:root:💾 Saved 500 records in 19.48s (26 rec/s) | 21 15min, 240 hourly, 239 daily | Queue: 2
INFO:root:📊 STATUS: 4,288,937 received | 4,275,266 processed | 13671 buffered | 2096 active | ProcQ: 0 | DBQ: 2 | 425,575 saved | Failed: 0 | Vol: TEXINFRA:2,360, DPWIRES:2,783
ERROR:cache_service:Error setting OHLC batch: Object of type datetime is not JSON serializable
INFO:root:💾 Saved 500 records in 16.43s (30 rec/s) | 13 15min, 243 hourly, 244 daily | Queue: 2
ERROR:cache_service:Error setting OHLC batch: Object of type datetime is not JSON serializable
INFO:root:💾 Saved 500 records in 9.67s (52 rec/s) | 17 15min, 242 hourly, 241 daily | Queue: 2
INFO:root:📊 STATUS: 4,311,687 received | 4,275,266 processed | 36421 buffered | 2390 active | ProcQ: 0 | DBQ: 2 | 426,575 saved | Failed: 0 | Vol: TEXINFRA:2,360, DPWIRES:2,783
INFO:root:⏰ Interval update (60s): 04:54:27 UTC
INFO:root:📤 Queued 44825 ticks from 2437 instruments | Processing queue: 1
INFO:root:📊 STATUS: 4,334,551 received | 4,320,091 processed | 14460 buffered | 2147 active | ProcQ: 0 | DBQ: 3 | 426,575 saved | Failed: 0 | Vol: TEXINFRA:2,360, DPWIRES:2,783
ERROR:cache_service:Error setting OHLC batch: Object of type datetime is not JSON serializable
INFO:root:💾 Saved 500 records in 56.56s (9 rec/s) | 11 15min, 244 hourly, 245 daily | Queue: 3
INFO:root:📊 STATUS: 4,357,440 received | 4,320,091 processed | 37349 buffered | 2384 active | ProcQ: 0 | DBQ: 3 | 427,075 saved | Failed: 0 | Vol: TEXINFRA:2,360, DPWIRES:2,783
INFO:root:⏰ Interval update (60s): 04:55:27 UTC
INFO:root:📤 Queued 45668 ticks from 2457 instruments | Processing queue: 1
ERROR:cache_service:Error setting OHLC batch: Object of type datetime is not JSON serializable
INFO:root:💾 Saved 500 records in 32.67s (15 rec/s) | 14 15min, 243 hourly, 243 daily | Queue: 4
INFO:root:📊 STATUS: 4,381,870 received | 4,365,759 processed | 16111 buffered | 2132 active | ProcQ: 0 | DBQ: 4 | 427,575 saved | Failed: 0 | Vol: TEXINFRA:2,360, DPWIRES:2,783
ERROR:cache_service:Error setting OHLC batch: Object of type datetime is not JSON serializable
INFO:root:💾 Saved 500 records in 9.68s (52 rec/s) | 18 15min, 241 hourly, 241 daily | Queue: 4
INFO:root:📊 STATUS: 4,406,328 received | 4,365,759 processed | 40569 buffered | 2349 active | ProcQ: 0 | DBQ: 4 | 428,075 saved | Failed: 0 | Vol: TEXINFRA:2,360, DPWIRES:2,783
INFO:root:⏰ Interval update (60s): 04:56:28 UTC
INFO:root:📤 Queued 48701 ticks from 2410 instruments | Processing queue: 1
ERROR:cache_service:Error setting OHLC batch: Object of type datetime is not JSON serializable
INFO:root:💾 Saved 500 records in 39.20s (13 rec/s) | 10 15min, 245 hourly, 245 daily | Queue: 5
ERROR:cache_service:Error setting OHLC batch: Object of type datetime is not JSON serializable
INFO:root:💾 Saved 500 records in 14.99s (33 rec/s) | 8 15min, 246 hourly, 246 daily | Queue: 5
INFO:root:📊 STATUS: 4,429,254 received | 4,414,460 processed | 14794 buffered | 2114 active | ProcQ: 0 | DBQ: 5 | 429,075 saved | Failed: 0 | Vol: TEXINFRA:2,360, DPWIRES:2,783
ERROR:cache_service:Error setting OHLC batch: Object of type datetime is not JSON serializable
INFO:root:💾 Saved 500 records in 11.70s (43 rec/s) | 9 15min, 246 hourly, 245 daily | Queue: 5
ERROR:cache_service:Error setting OHLC batch: Object of type datetime is not JSON serializable
INFO:root:💾 Saved 500 records in 11.81s (42 rec/s) | 11 15min, 244 hourly, 245 daily | Queue: 5
ERROR:cache_service:Error setting OHLC batch: Object of type datetime is not JSON serializable
INFO:root:💾 Saved 38 records in 0.99s (38 rec/s) | 0 15min, 19 hourly, 19 daily | Queue: 5
INFO:root:📊 STATUS: 4,452,204 received | 4,414,460 processed | 37744 buffered | 2385 active | ProcQ: 0 | DBQ: 4 | 430,113 saved | Failed: 0 | Vol: TEXINFRA:2,360, DPWIRES:2,783
ERROR:cache_service:Error setting OHLC batch: Object of type datetime is not JSON serializable
INFO:root:💾 Saved 500 records in 13.86s (36 rec/s) | 21 15min, 240 hourly, 239 daily | Queue: 4
INFO:root:⏰ Interval update (60s): 04:57:28 UTC
INFO:root:📤 Queued 46195 ticks from 2435 instruments | Processing queue: 1
INFO:root:📊 STATUS: 4,475,246 received | 4,460,655 processed | 14591 buffered | 2145 active | ProcQ: 0 | DBQ: 5 | 430,613 saved | Failed: 0 | Vol: TEXINFRA:2,385, DPWIRES:2,783
ERROR:cache_service:Error setting OHLC batch: Object of type datetime is not JSON serializable
INFO:root:💾 Saved 500 records in 23.96s (21 rec/s) | 13 15min, 243 hourly, 244 daily | Queue: 5
ERROR:cache_service:Error setting OHLC batch: Object of type datetime is not JSON serializable
INFO:root:💾 Saved 500 records in 6.42s (78 rec/s) | 17 15min, 242 hourly, 241 daily | Queue: 5
ERROR:cache_service:Error setting OHLC batch: Object of type datetime is not JSON serializable
INFO:root:💾 Saved 500 records in 6.12s (82 rec/s) | 13 15min, 243 hourly, 244 daily | Queue: 5
ERROR:cache_service:Error setting OHLC batch: Object of type datetime is not JSON serializable
INFO:root:💾 Saved 500 records in 6.60s (76 rec/s) | 12 15min, 244 hourly, 244 daily | Queue: 5
ERROR:cache_service:Error setting OHLC batch: Object of type datetime is not JSON serializable
INFO:root:💾 Saved 500 records in 5.47s (91 rec/s) | 18 15min, 241 hourly, 241 daily | Queue: 5
ERROR:cache_service:Error setting OHLC batch: Object of type datetime is not JSON serializable
INFO:root:💾 Saved 500 records in 4.67s (107 rec/s) | 10 15min, 245 hourly, 245 daily | Queue: 5
INFO:root:📊 STATUS: 4,498,036 received | 4,460,655 processed | 37381 buffered | 2388 active | ProcQ: 0 | DBQ: 5 | 433,613 saved | Failed: 0 | Vol: TEXINFRA:2,385, DPWIRES:2,783
ERROR:cache_service:Error setting OHLC batch: Object of type datetime is not JSON serializable
INFO:root:💾 Saved 500 records in 4.24s (118 rec/s) | 11 15min, 245 hourly, 244 daily | Queue: 5
INFO:root:⏰ Interval update (60s): 04:58:28 UTC
INFO:root:📤 Queued 45893 ticks from 2439 instruments | Processing queue: 1
ERROR:cache_service:Error setting OHLC batch: Object of type datetime is not JSON serializable
INFO:root:💾 Saved 500 records in 9.15s (55 rec/s) | 6 15min, 247 hourly, 247 daily | Queue: 6
ERROR:cache_service:Error setting OHLC batch: Object of type datetime is not JSON serializable
INFO:root:💾 Saved 500 records in 12.55s (40 rec/s) | 11 15min, 244 hourly, 245 daily | Queue: 6
ERROR:cache_service:Error setting OHLC batch: Object of type datetime is not JSON serializable
INFO:root:💾 Saved 2 records in 0.13s (15 rec/s) | 0 15min, 1 hourly, 1 daily | Queue: 6
INFO:root:📊 STATUS: 4,522,661 received | 4,506,548 processed | 16113 buffered | 2114 active | ProcQ: 0 | DBQ: 5 | 435,115 saved | Failed: 0 | Vol: TEXINFRA:2,385, DPWIRES:2,783
ERROR:cache_service:Error setting OHLC batch: Object of type datetime is not JSON serializable
INFO:root:💾 Saved 500 records in 14.33s (35 rec/s) | 21 15min, 240 hourly, 239 daily | Queue: 5
ERROR:cache_service:Error setting OHLC batch: Object of type datetime is not JSON serializable
INFO:root:💾 Saved 500 records in 8.22s (61 rec/s) | 13 15min, 243 hourly, 244 daily | Queue: 5
ERROR:cache_service:Error setting OHLC batch: Object of type datetime is not JSON serializable
INFO:root:💾 Saved 500 records in 10.45s (48 rec/s) | 17 15min, 242 hourly, 241 daily | Queue: 5
INFO:root:📊 STATUS: 4,546,450 received | 4,506,548 processed | 39902 buffered | 2365 active | ProcQ: 0 | DBQ: 5 | 436,615 saved | Failed: 0 | Vol: TEXINFRA:2,385, DPWIRES:2,783
ERROR:cache_service:Error setting OHLC batch: Object of type datetime is not JSON serializable
INFO:root:💾 Saved 500 records in 9.60s (52 rec/s) | 14 15min, 243 hourly, 243 daily | Queue: 5
INFO:root:⏰ Interval update (60s): 04:59:28 UTC
INFO:root:📤 Queued 48168 ticks from 2406 instruments | Processing queue: 1
ERROR:cache_service:Error setting OHLC batch: Object of type datetime is not JSON serializable
INFO:root:💾 Saved 500 records in 8.20s (61 rec/s) | 12 15min, 244 hourly, 244 daily | Queue: 6
ERROR:cache_service:Error setting OHLC batch: Object of type datetime is not JSON serializable
INFO:root:💾 Saved 500 records in 3.99s (125 rec/s) | 16 15min, 242 hourly, 242 daily | Queue: 6
ERROR:cache_service:Error setting OHLC batch: Object of type datetime is not JSON serializable
INFO:root:💾 Saved 500 records in 2.86s (175 rec/s) | 10 15min, 245 hourly, 245 daily | Queue: 6
ERROR:cache_service:Error setting OHLC batch: Object of type datetime is not JSON serializable
INFO:root:💾 Saved 500 records in 2.80s (179 rec/s) | 12 15min, 244 hourly, 244 daily | Queue: 6
ERROR:cache_service:Error setting OHLC batch: Object of type datetime is not JSON serializable
INFO:root:💾 Saved 500 records in 3.12s (160 rec/s) | 9 15min, 245 hourly, 246 daily | Queue: 6
INFO:root:📊 STATUS: 4,569,663 received | 4,554,716 processed | 14947 buffered | 2126 active | ProcQ: 0 | DBQ: 6 | 439,615 saved | Failed: 0 | Vol: TEXINFRA:2,385, DPWIRES:2,784
ERROR:cache_service:Error setting OHLC batch: Object of type datetime is not JSON serializable
INFO:root:💾 Saved 496 records in 3.17s (156 rec/s) | 8 15min, 244 hourly, 244 daily | Queue: 6
ERROR:cache_service:Error setting OHLC batch: Object of type datetime is not JSON serializable
INFO:root:💾 Saved 500 records in 2.70s (185 rec/s) | 21 15min, 240 hourly, 239 daily | Queue: 5
ERROR:cache_service:Error setting OHLC batch: Object of type datetime is not JSON serializable
INFO:root:💾 Saved 500 records in 1.99s (252 rec/s) | 13 15min, 243 hourly, 244 daily | Queue: 5
ERROR:cache_service:Error setting OHLC batch: Object of type datetime is not JSON serializable
INFO:root:💾 Saved 500 records in 1.74s (288 rec/s) | 17 15min, 242 hourly, 241 daily | Queue: 5
ERROR:cache_service:Error setting OHLC batch: Object of type datetime is not JSON serializable
INFO:root:💾 Saved 500 records in 0.81s (617 rec/s) | 15 15min, 242 hourly, 243 daily | Queue: 5
ERROR:cache_service:Error setting OHLC batch: Object of type datetime is not JSON serializable
INFO:root:💾 Saved 500 records in 0.38s (1313 rec/s) | 12 15min, 244 hourly, 244 daily | Queue: 5
ERROR:cache_service:Error setting OHLC batch: Object of type datetime is not JSON serializable
INFO:root:💾 Saved 500 records in 0.42s (1191 rec/s) | 16 15min, 242 hourly, 242 daily | Queue: 5
ERROR:cache_service:Error setting OHLC batch: Object of type datetime is not JSON serializable
INFO:root:💾 Saved 500 records in 0.34s (1453 rec/s) | 10 15min, 245 hourly, 245 daily | Queue: 5
ERROR:cache_service:Error setting OHLC batch: Object of type datetime is not JSON serializable
INFO:root:💾 Saved 500 records in 0.65s (775 rec/s) | 11 15min, 245 hourly, 244 daily | Queue: 5
ERROR:cache_service:Error setting OHLC batch: Object of type datetime is not JSON serializable
INFO:root:💾 Saved 500 records in 0.32s (1551 rec/s) | 8 15min, 246 hourly, 246 daily | Queue: 5
ERROR:cache_service:Error setting OHLC batch: Object of type datetime is not JSON serializable
INFO:root:💾 Saved 500 records in 0.37s (1357 rec/s) | 9 15min, 245 hourly, 246 daily | Queue: 5
ERROR:cache_service:Error setting OHLC batch: Object of type datetime is not JSON serializable
INFO:root:💾 Saved 6 records in 0.02s (243 rec/s) | 0 15min, 3 hourly, 3 daily | Queue: 5
INFO:root:🕐 New hour detected (UTC): 2026-04-28 05:00:00+00:00
INFO:root:📤 Queued 24154 ticks from 2281 instruments | Processing queue: 1
ERROR:cache_service:Error setting OHLC batch: Object of type datetime is not JSON serializable
INFO:root:💾 Saved 500 records in 0.88s (570 rec/s) | 21 15min, 240 hourly, 239 daily | Queue: 4
ERROR:cache_service:Error setting OHLC batch: Object of type datetime is not JSON serializable
INFO:root:💾 Saved 500 records in 0.34s (1473 rec/s) | 13 15min, 243 hourly, 244 daily | Queue: 4
ERROR:cache_service:Error setting OHLC batch: Object of type datetime is not JSON serializable
INFO:root:💾 Saved 500 records in 0.61s (822 rec/s) | 17 15min, 242 hourly, 241 daily | Queue: 5
ERROR:cache_service:Error setting OHLC batch: Object of type datetime is not JSON serializable
INFO:root:💾 Saved 500 records in 0.40s (1253 rec/s) | 14 15min, 243 hourly, 243 daily | Queue: 5
ERROR:cache_service:Error setting OHLC batch: Object of type datetime is not JSON serializable
INFO:root:💾 Saved 500 records in 0.27s (1847 rec/s) | 11 15min, 244 hourly, 245 daily | Queue: 5
ERROR:cache_service:Error setting OHLC batch: Object of type datetime is not JSON serializable
INFO:root:💾 Saved 500 records in 0.34s (1481 rec/s) | 18 15min, 241 hourly, 241 daily | Queue: 5
ERROR:cache_service:Error setting OHLC batch: Object of type datetime is not JSON serializable
INFO:root:💾 Saved 500 records in 0.25s (1987 rec/s) | 10 15min, 245 hourly, 245 daily | Queue: 5
ERROR:cache_service:Error setting OHLC batch: Object of type datetime is not JSON serializable
INFO:root:💾 Saved 500 records in 0.47s (1056 rec/s) | 11 15min, 245 hourly, 244 daily | Queue: 5
ERROR:cache_service:Error setting OHLC batch: Object of type datetime is not JSON serializable
INFO:root:💾 Saved 500 records in 0.34s (1453 rec/s) | 6 15min, 247 hourly, 247 daily | Queue: 5
ERROR:cache_service:Error setting OHLC batch: Object of type datetime is not JSON serializable
INFO:root:💾 Saved 500 records in 0.32s (1583 rec/s) | 11 15min, 244 hourly, 245 daily | Queue: 5
ERROR:cache_service:Error setting OHLC batch: Object of type datetime is not JSON serializable
INFO:root:💾 Saved 46 records in 0.11s (421 rec/s) | 0 15min, 23 hourly, 23 daily | Queue: 5
ERROR:cache_service:Error setting OHLC batch: Object of type datetime is not JSON serializable
INFO:root:💾 Saved 500 records in 0.32s (1539 rec/s) | 21 15min, 240 hourly, 239 daily | Queue: 4
ERROR:cache_service:Error setting OHLC batch: Object of type datetime is not JSON serializable
INFO:root:💾 Saved 500 records in 0.26s (1919 rec/s) | 13 15min, 243 hourly, 244 daily | Queue: 4
ERROR:cache_service:Error setting OHLC batch: Object of type datetime is not JSON serializable
INFO:root:💾 Saved 500 records in 0.24s (2079 rec/s) | 17 15min, 242 hourly, 241 daily | Queue: 4
ERROR:cache_service:Error setting OHLC batch: Object of type datetime is not JSON serializable
INFO:root:💾 Saved 500 records in 0.43s (1165 rec/s) | 15 15min, 242 hourly, 243 daily | Queue: 4
ERROR:cache_service:Error setting OHLC batch: Object of type datetime is not JSON serializable
INFO:root:💾 Saved 500 records in 1.09s (457 rec/s) | 15 15min, 243 hourly, 242 daily | Queue: 4
ERROR:cache_service:Error setting OHLC batch: Object of type datetime is not JSON serializable
INFO:root:💾 Saved 500 records in 1.55s (322 rec/s) | 13 15min, 243 hourly, 244 daily | Queue: 4
ERROR:cache_service:Error setting OHLC batch: Object of type datetime is not JSON serializable
INFO:root:💾 Saved 500 records in 1.33s (377 rec/s) | 10 15min, 245 hourly, 245 daily | Queue: 4
ERROR:cache_service:Error setting OHLC batch: Object of type datetime is not JSON serializable
INFO:root:💾 Saved 500 records in 1.62s (309 rec/s) | 11 15min, 245 hourly, 244 daily | Queue: 4
ERROR:cache_service:Error setting OHLC batch: Object of type datetime is not JSON serializable
INFO:root:💾 Saved 500 records in 2.20s (227 rec/s) | 9 15min, 245 hourly, 246 daily | Queue: 4
ERROR:cache_service:Error setting OHLC batch: Object of type datetime is not JSON serializable
INFO:root:💾 Saved 452 records in 2.35s (192 rec/s) | 8 15min, 222 hourly, 222 daily | Queue: 4
INFO:root:📊 STATUS: 4,592,602 received | 4,578,870 processed | 13732 buffered | 2147 active | ProcQ: 0 | DBQ: 3 | 455,115 saved | Failed: 0 | Vol: TEXINFRA:2,385, DPWIRES:2,792
ERROR:cache_service:Error setting OHLC batch: Object of type datetime is not JSON serializable
INFO:root:💾 Saved 500 records in 2.95s (170 rec/s) | 21 15min, 240 hourly, 239 daily | Queue: 3
ERROR:cache_service:Error setting OHLC batch: Object of type datetime is not JSON serializable
INFO:root:💾 Saved 500 records in 1.58s (316 rec/s) | 13 15min, 243 hourly, 244 daily | Queue: 3
ERROR:cache_service:Error setting OHLC batch: Object of type datetime is not JSON serializable
INFO:root:💾 Saved 500 records in 2.24s (224 rec/s) | 17 15min, 242 hourly, 241 daily | Queue: 3
ERROR:cache_service:Error setting OHLC batch: Object of type datetime is not JSON serializable
INFO:root:💾 Saved 500 records in 2.00s (251 rec/s) | 15 15min, 242 hourly, 243 daily | Queue: 3
ERROR:cache_service:Error setting OHLC batch: Object of type datetime is not JSON serializable
INFO:root:💾 Saved 500 records in 1.82s (274 rec/s) | 15 15min, 243 hourly, 242 daily | Queue: 3
ERROR:cache_service:Error setting OHLC batch: Object of type datetime is not JSON serializable
INFO:root:💾 Saved 500 records in 1.16s (430 rec/s) | 13 15min, 243 hourly, 244 daily | Queue: 3
ERROR:cache_service:Error setting OHLC batch: Object of type datetime is not JSON serializable
INFO:root:💾 Saved 500 records in 0.98s (511 rec/s) | 10 15min, 245 hourly, 245 daily | Queue: 3
INFO:root:⏰ Interval update (60s): 05:00:28 UTC
INFO:root:📤 Queued 21864 ticks from 2285 instruments | Processing queue: 1
ERROR:cache_service:Error setting OHLC batch: Object of type datetime is not JSON serializable
INFO:root:💾 Saved 500 records in 0.96s (520 rec/s) | 11 15min, 245 hourly, 244 daily | Queue: 4
ERROR:cache_service:Error setting OHLC batch: Object of type datetime is not JSON serializable
INFO:root:💾 Saved 500 records in 1.77s (283 rec/s) | 8 15min, 246 hourly, 246 daily | Queue: 4
ERROR:cache_service:Error setting OHLC batch: Object of type datetime is not JSON serializable
INFO:root:💾 Saved 500 records in 2.41s (208 rec/s) | 9 15min, 245 hourly, 246 daily | Queue: 4
ERROR:cache_service:Error setting OHLC batch: Object of type datetime is not JSON serializable
INFO:root:💾 Saved 2 records in 0.06s (36 rec/s) | 0 15min, 1 hourly, 1 daily | Queue: 4
ERROR:cache_service:Error setting OHLC batch: Object of type datetime is not JSON serializable
INFO:root:💾 Saved 500 records in 3.07s (163 rec/s) | 21 15min, 240 hourly, 239 daily | Queue: 3
ERROR:cache_service:Error setting OHLC batch: Object of type datetime is not JSON serializable
INFO:root:💾 Saved 500 records in 3.24s (154 rec/s) | 13 15min, 243 hourly, 244 daily | Queue: 3
ERROR:cache_service:Error setting OHLC batch: Object of type datetime is not JSON serializable
INFO:root:💾 Saved 500 records in 2.94s (170 rec/s) | 17 15min, 242 hourly, 241 daily | Queue: 3
ERROR:cache_service:Error setting OHLC batch: Object of type datetime is not JSON serializable
INFO:root:💾 Saved 500 records in 3.61s (138 rec/s) | 14 15min, 243 hourly, 243 daily | Queue: 3
INFO:root:📊 STATUS: 4,615,155 received | 4,600,734 processed | 14421 buffered | 2145 active | ProcQ: 0 | DBQ: 3 | 462,117 saved | Failed: 0 | Vol: TEXINFRA:2,385, DPWIRES:2,792
ERROR:cache_service:Error setting OHLC batch: Object of type datetime is not JSON serializable
INFO:root:💾 Saved 500 records in 3.46s (144 rec/s) | 11 15min, 244 hourly, 245 daily | Queue: 3
ERROR:cache_service:Error setting OHLC batch: Object of type datetime is not JSON serializable
INFO:root:💾 Saved 500 records in 3.37s (148 rec/s) | 17 15min, 242 hourly, 241 daily | Queue: 3
ERROR:cache_service:Error setting OHLC batch: Object of type datetime is not JSON serializable
INFO:root:💾 Saved 500 records in 3.06s (163 rec/s) | 10 15min, 245 hourly, 245 daily | Queue: 3
ERROR:cache_service:Error setting OHLC batch: Object of type datetime is not JSON serializable
INFO:root:💾 Saved 500 records in 3.21s (156 rec/s) | 12 15min, 244 hourly, 244 daily | Queue: 3
ERROR:cache_service:Error setting OHLC batch: Object of type datetime is not JSON serializable
INFO:root:💾 Saved 500 records in 2.06s (242 rec/s) | 9 15min, 245 hourly, 246 daily | Queue: 3
ERROR:cache_service:Error setting OHLC batch: Object of type datetime is not JSON serializable
INFO:root:💾 Saved 500 records in 1.74s (288 rec/s) | 8 15min, 246 hourly, 246 daily | Queue: 3
ERROR:cache_service:Error setting OHLC batch: Object of type datetime is not JSON serializable
INFO:root:💾 Saved 10 records in 0.08s (120 rec/s) | 0 15min, 5 hourly, 5 daily | Queue: 3
ERROR:cache_service:Error setting OHLC batch: Object of type datetime is not JSON serializable
INFO:root:💾 Saved 500 records in 1.94s (258 rec/s) | 21 15min, 240 hourly, 239 daily | Queue: 2
ERROR:cache_service:Error setting OHLC batch: Object of type datetime is not JSON serializable
INFO:root:💾 Saved 500 records in 1.96s (255 rec/s) | 13 15min, 243 hourly, 244 daily | Queue: 2
ERROR:cache_service:Error setting OHLC batch: Object of type datetime is not JSON serializable
INFO:root:💾 Saved 500 records in 2.44s (205 rec/s) | 17 15min, 242 hourly, 241 daily | Queue: 2
ERROR:cache_service:Error setting OHLC batch: Object of type datetime is not JSON serializable
INFO:root:💾 Saved 500 records in 2.39s (210 rec/s) | 15 15min, 242 hourly, 243 daily | Queue: 2
ERROR:cache_service:Error setting OHLC batch: Object of type datetime is not JSON serializable
INFO:root:💾 Saved 500 records in 2.14s (233 rec/s) | 15 15min, 243 hourly, 242 daily | Queue: 2
INFO:root:📊 STATUS: 4,638,095 received | 4,600,734 processed | 37361 buffered | 2391 active | ProcQ: 0 | DBQ: 2 | 467,627 saved | Failed: 0 | Vol: TEXINFRA:2,385, DPWIRES:2,792
ERROR:cache_service:Error setting OHLC batch: Object of type datetime is not JSON serializable
INFO:root:💾 Saved 500 records in 4.14s (121 rec/s) | 13 15min, 243 hourly, 244 daily | Queue: 2
ERROR:cache_service:Error setting OHLC batch: Object of type datetime is not JSON serializable
INFO:root:💾 Saved 500 records in 3.74s (134 rec/s) | 10 15min, 245 hourly, 245 daily | Queue: 2
ERROR:cache_service:Error setting OHLC batch: Object of type datetime is not JSON serializable
INFO:root:💾 Saved 500 records in 2.62s (191 rec/s) | 11 15min, 245 hourly, 244 daily | Queue: 2
ERROR:cache_service:Error setting OHLC batch: Object of type datetime is not JSON serializable
INFO:root:💾 Saved 500 records in 2.13s (235 rec/s) | 9 15min, 245 hourly, 246 daily | Queue: 2
ERROR:cache_service:Error setting OHLC batch: Object of type datetime is not JSON serializable
INFO:root:💾 Saved 444 records in 1.68s (264 rec/s) | 8 15min, 218 hourly, 218 daily | Queue: 2
INFO:root:⏰ Interval update (60s): 05:01:28 UTC
INFO:root:📤 Queued 45672 ticks from 2430 instruments | Processing queue: 1
ERROR:cache_service:Error setting OHLC batch: Object of type datetime is not JSON serializable
INFO:root:💾 Saved 500 records in 1.64s (304 rec/s) | 21 15min, 240 hourly, 239 daily | Queue: 2
ERROR:cache_service:Error setting OHLC batch: Object of type datetime is not JSON serializable
INFO:root:💾 Saved 500 records in 0.97s (514 rec/s) | 14 15min, 243 hourly, 243 daily | Queue: 2
ERROR:cache_service:Error setting OHLC batch: Object of type datetime is not JSON serializable
INFO:root:💾 Saved 500 records in 1.12s (445 rec/s) | 16 15min, 242 hourly, 242 daily | Queue: 2
ERROR:cache_service:Error setting OHLC batch: Object of type datetime is not JSON serializable
INFO:root:💾 Saved 500 records in 1.82s (275 rec/s) | 15 15min, 242 hourly, 243 daily | Queue: 2
ERROR:cache_service:Error setting OHLC batch: Object of type datetime is not JSON serializable
INFO:root:💾 Saved 500 records in 1.88s (266 rec/s) | 19 15min, 241 hourly, 240 daily | Queue: 2
ERROR:cache_service:Error setting OHLC batch: Object of type datetime is not JSON serializable
INFO:root:💾 Saved 500 records in 1.86s (268 rec/s) | 13 15min, 243 hourly, 244 daily | Queue: 2
ERROR:cache_service:Error setting OHLC batch: Object of type datetime is not JSON serializable
INFO:root:💾 Saved 500 records in 1.07s (468 rec/s) | 9 15min, 246 hourly, 245 daily | Queue: 2
ERROR:cache_service:Error setting OHLC batch: Object of type datetime is not JSON serializable
INFO:root:💾 Saved 500 records in 0.58s (866 rec/s) | 11 15min, 244 hourly, 245 daily | Queue: 2
ERROR:cache_service:Error setting OHLC batch: Object of type datetime is not JSON serializable
INFO:root:💾 Saved 500 records in 0.36s (1397 rec/s) | 10 15min, 245 hourly, 245 daily | Queue: 2
ERROR:cache_service:Error setting OHLC batch: Object of type datetime is not JSON serializable
INFO:root:💾 Saved 194 records in 0.16s (1196 rec/s) | 4 15min, 95 hourly, 95 daily | Queue: 2
ERROR:cache_service:Error setting OHLC batch: Object of type datetime is not JSON serializable
INFO:root:💾 Saved 500 records in 0.19s (2617 rec/s) | 21 15min, 240 hourly, 239 daily | Queue: 1
ERROR:cache_service:Error setting OHLC batch: Object of type datetime is not JSON serializable
INFO:root:💾 Saved 500 records in 0.15s (3314 rec/s) | 13 15min, 243 hourly, 244 daily | Queue: 1
ERROR:cache_service:Error setting OHLC batch: Object of type datetime is not JSON serializable
INFO:root:💾 Saved 500 records in 0.19s (2609 rec/s) | 17 15min, 242 hourly, 241 daily | Queue: 1
ERROR:cache_service:Error setting OHLC batch: Object of type datetime is not JSON serializable
INFO:root:💾 Saved 500 records in 0.23s (2144 rec/s) | 15 15min, 242 hourly, 243 daily | Queue: 1
ERROR:cache_service:Error setting OHLC batch: Object of type datetime is not JSON serializable
INFO:root:💾 Saved 500 records in 0.19s (2658 rec/s) | 19 15min, 241 hourly, 240 daily | Queue: 1
ERROR:cache_service:Error setting OHLC batch: Object of type datetime is not JSON serializable
INFO:root:💾 Saved 500 records in 0.20s (2447 rec/s) | 13 15min, 243 hourly, 244 daily | Queue: 1
ERROR:cache_service:Error setting OHLC batch: Object of type datetime is not JSON serializable
INFO:root:💾 Saved 500 records in 0.20s (2442 rec/s) | 9 15min, 246 hourly, 245 daily | Queue: 1
ERROR:cache_service:Error setting OHLC batch: Object of type datetime is not JSON serializable
INFO:root:💾 Saved 500 records in 0.23s (2204 rec/s) | 11 15min, 244 hourly, 245 daily | Queue: 1
ERROR:cache_service:Error setting OHLC batch: Object of type datetime is not JSON serializable
INFO:root:💾 Saved 500 records in 0.17s (2946 rec/s) | 10 15min, 245 hourly, 245 daily | Queue: 1
ERROR:cache_service:Error setting OHLC batch: Object of type datetime is not JSON serializable
INFO:root:💾 Saved 202 records in 0.05s (4373 rec/s) | 4 15min, 99 hourly, 99 daily | Queue: 1
ERROR:cache_service:Error setting OHLC batch: Object of type datetime is not JSON serializable
INFO:root:💾 Saved 500 records in 0.09s (5619 rec/s) | 21 15min, 240 hourly, 239 daily | Queue: 0
ERROR:cache_service:Error setting OHLC batch: Object of type datetime is not JSON serializable
INFO:root:💾 Saved 500 records in 0.27s (1881 rec/s) | 13 15min, 243 hourly, 244 daily | Queue: 0
ERROR:cache_service:Error setting OHLC batch: Object of type datetime is not JSON serializable
INFO:root:💾 Saved 500 records in 0.16s (3180 rec/s) | 17 15min, 242 hourly, 241 daily | Queue: 0
ERROR:cache_service:Error setting OHLC batch: Object of type datetime is not JSON serializable
INFO:root:💾 Saved 500 records in 0.19s (2677 rec/s) | 15 15min, 242 hourly, 243 daily | Queue: 0
ERROR:cache_service:Error setting OHLC batch: Object of type datetime is not JSON serializable
INFO:root:💾 Saved 500 records in 0.18s (2823 rec/s) | 14 15min, 243 hourly, 243 daily | Queue: 0
ERROR:cache_service:Error setting OHLC batch: Object of type datetime is not JSON serializable
INFO:root:💾 Saved 500 records in 0.15s (3366 rec/s) | 14 15min, 243 hourly, 243 daily | Queue: 0
ERROR:cache_service:Error setting OHLC batch: Object of type datetime is not JSON serializable
INFO:root:💾 Saved 500 records in 0.17s (2927 rec/s) | 10 15min, 245 hourly, 245 daily | Queue: 0
ERROR:cache_service:Error setting OHLC batch: Object of type datetime is not JSON serializable
INFO:root:💾 Saved 500 records in 0.23s (2155 rec/s) | 11 15min, 245 hourly, 244 daily | Queue: 0
ERROR:cache_service:Error setting OHLC batch: Object of type datetime is not JSON serializable
INFO:root:💾 Saved 500 records in 0.11s (4456 rec/s) | 9 15min, 245 hourly, 246 daily | Queue: 0
ERROR:cache_service:Error setting OHLC batch: Object of type datetime is not JSON serializable
INFO:root:💾 Saved 492 records in 0.10s (4938 rec/s) | 8 15min, 242 hourly, 242 daily | Queue: 0
INFO:root:📊 STATUS: 4,662,741 received | 4,646,406 processed | 16335 buffered | 2138 active | ProcQ: 0 | DBQ: 0 | 484,459 saved | Failed: 0 | Vol: TEXINFRA:2,385, DPWIRES:2,800
INFO:root:📊 STATUS: 4,687,222 received | 4,646,406 processed | 40816 buffered | 2378 active | ProcQ: 0 | DBQ: 0 | 484,459 saved | Failed: 0 | Vol: TEXINFRA:2,385, DPWIRES:2,800
INFO:root:⏰ Interval update (60s): 05:02:29 UTC
INFO:root:📤 Queued 49086 ticks from 2429 instruments | Processing queue: 1
ERROR:cache_service:Error setting OHLC batch: Object of type datetime is not JSON serializable
INFO:root:💾 Saved 500 records in 0.13s (3914 rec/s) | 21 15min, 240 hourly, 239 daily | Queue: 0
ERROR:cache_service:Error setting OHLC batch: Object of type datetime is not JSON serializable
INFO:root:💾 Saved 500 records in 0.10s (4773 rec/s) | 13 15min, 243 hourly, 244 daily | Queue: 0
ERROR:cache_service:Error setting OHLC batch: Object of type datetime is not JSON serializable
INFO:root:💾 Saved 500 records in 0.14s (3601 rec/s) | 17 15min, 242 hourly, 241 daily | Queue: 0
ERROR:cache_service:Error setting OHLC batch: Object of type datetime is not JSON serializable
INFO:root:💾 Saved 500 records in 0.11s (4533 rec/s) | 13 15min, 243 hourly, 244 daily | Queue: 0
ERROR:cache_service:Error setting OHLC batch: Object of type datetime is not JSON serializable
INFO:root:💾 Saved 500 records in 0.17s (2932 rec/s) | 12 15min, 244 hourly, 244 daily | Queue: 0
ERROR:cache_service:Error setting OHLC batch: Object of type datetime is not JSON serializable
INFO:root:💾 Saved 500 records in 0.15s (3369 rec/s) | 18 15min, 241 hourly, 241 daily | Queue: 0
ERROR:cache_service:Error setting OHLC batch: Object of type datetime is not JSON serializable
INFO:root:💾 Saved 500 records in 0.16s (3036 rec/s) | 10 15min, 245 hourly, 245 daily | Queue: 0
ERROR:cache_service:Error setting OHLC batch: Object of type datetime is not JSON serializable
INFO:root:💾 Saved 500 records in 0.15s (3432 rec/s) | 11 15min, 245 hourly, 244 daily | Queue: 0
ERROR:cache_service:Error setting OHLC batch: Object of type datetime is not JSON serializable
INFO:root:💾 Saved 500 records in 0.12s (4255 rec/s) | 9 15min, 245 hourly, 246 daily | Queue: 0
ERROR:cache_service:Error setting OHLC batch: Object of type datetime is not JSON serializable
INFO:root:💾 Saved 490 records in 0.11s (4403 rec/s) | 8 15min, 241 hourly, 241 daily | Queue: 0
INFO:root:📊 STATUS: 4,710,745 received | 4,695,492 processed | 15253 buffered | 2157 active | ProcQ: 0 | DBQ: 0 | 489,449 saved | Failed: 0 | Vol: TEXINFRA:2,385, DPWIRES:2,800
INFO:root:📊 STATUS: 4,733,927 received | 4,695,492 processed | 38435 buffered | 2424 active | ProcQ: 0 | DBQ: 0 | 489,449 saved | Failed: 0 | Vol: TEXINFRA:2,385, DPWIRES:2,800
INFO:root:⏰ Interval update (60s): 05:03:29 UTC
INFO:root:📤 Queued 46530 ticks from 2458 instruments | Processing queue: 1
ERROR:cache_service:Error setting OHLC batch: Object of type datetime is not JSON serializable
INFO:root:💾 Saved 500 records in 1.57s (319 rec/s) | 21 15min, 240 hourly, 239 daily | Queue: 0
ERROR:cache_service:Error setting OHLC batch: Object of type datetime is not JSON serializable
INFO:root:💾 Saved 500 records in 1.28s (392 rec/s) | 13 15min, 243 hourly, 244 daily | Queue: 0
ERROR:cache_service:Error setting OHLC batch: Object of type datetime is not JSON serializable
INFO:root:💾 Saved 500 records in 1.34s (372 rec/s) | 17 15min, 242 hourly, 241 daily | Queue: 0
ERROR:cache_service:Error setting OHLC batch: Object of type datetime is not JSON serializable
INFO:root:💾 Saved 500 records in 1.07s (466 rec/s) | 15 15min, 242 hourly, 243 daily | Queue: 0
ERROR:cache_service:Error setting OHLC batch: Object of type datetime is not JSON serializable
INFO:root:💾 Saved 500 records in 0.99s (507 rec/s) | 10 15min, 245 hourly, 245 daily | Queue: 0
ERROR:cache_service:Error setting OHLC batch: Object of type datetime is not JSON serializable
INFO:root:💾 Saved 500 records in 0.85s (586 rec/s) | 18 15min, 241 hourly, 241 daily | Queue: 0
ERROR:cache_service:Error setting OHLC batch: Object of type datetime is not JSON serializable
INFO:root:💾 Saved 500 records in 0.85s (587 rec/s) | 10 15min, 245 hourly, 245 daily | Queue: 0
ERROR:cache_service:Error setting OHLC batch: Object of type datetime is not JSON serializable
INFO:root:💾 Saved 500 records in 0.90s (557 rec/s) | 8 15min, 246 hourly, 246 daily | Queue: 0
ERROR:cache_service:Error setting OHLC batch: Object of type datetime is not JSON serializable
INFO:root:💾 Saved 500 records in 0.78s (642 rec/s) | 9 15min, 246 hourly, 245 daily | Queue: 0
ERROR:cache_service:Error setting OHLC batch: Object of type datetime is not JSON serializable
INFO:root:💾 Saved 500 records in 0.88s (567 rec/s) | 11 15min, 244 hourly, 245 daily | Queue: 0
ERROR:cache_service:Error setting OHLC batch: Object of type datetime is not JSON serializable
INFO:root:💾 Saved 48 records in 0.06s (740 rec/s) | 0 15min, 24 hourly, 24 daily | Queue: 0
INFO:root:📊 STATUS: 4,757,184 received | 4,742,022 processed | 15162 buffered | 2125 active | ProcQ: 0 | DBQ: 0 | 494,497 saved | Failed: 0 | Vol: TEXINFRA:2,385, DPWIRES:2,800
INFO:root:📊 STATUS: 4,780,286 received | 4,742,022 processed | 38264 buffered | 2392 active | ProcQ: 0 | DBQ: 0 | 494,497 saved | Failed: 0 | Vol: TEXINFRA:2,385, DPWIRES:2,800
INFO:root:⏰ Interval update (60s): 05:04:29 UTC
INFO:root:📤 Queued 45929 ticks from 2424 instruments | Processing queue: 1
ERROR:cache_service:Error setting OHLC batch: Object of type datetime is not JSON serializable
INFO:root:💾 Saved 500 records in 3.67s (136 rec/s) | 21 15min, 240 hourly, 239 daily | Queue: 0
ERROR:cache_service:Error setting OHLC batch: Object of type datetime is not JSON serializable
INFO:root:💾 Saved 500 records in 3.65s (137 rec/s) | 13 15min, 243 hourly, 244 daily | Queue: 0
ERROR:cache_service:Error setting OHLC batch: Object of type datetime is not JSON serializable
INFO:root:💾 Saved 500 records in 3.34s (150 rec/s) | 17 15min, 242 hourly, 241 daily | Queue: 0
ERROR:cache_service:Error setting OHLC batch: Object of type datetime is not JSON serializable
INFO:root:💾 Saved 500 records in 3.47s (144 rec/s) | 15 15min, 242 hourly, 243 daily | Queue: 0
ERROR:cache_service:Error setting OHLC batch: Object of type datetime is not JSON serializable
INFO:root:💾 Saved 500 records in 3.42s (146 rec/s) | 14 15min, 243 hourly, 243 daily | Queue: 0
INFO:root:📊 STATUS: 4,805,034 received | 4,787,951 processed | 17083 buffered | 2118 active | ProcQ: 0 | DBQ: 0 | 496,997 saved | Failed: 0 | Vol: TEXINFRA:2,385, DPWIRES:2,800
ERROR:cache_service:Error setting OHLC batch: Object of type datetime is not JSON serializable
INFO:root:💾 Saved 500 records in 3.28s (153 rec/s) | 14 15min, 243 hourly, 243 daily | Queue: 0
ERROR:cache_service:Error setting OHLC batch: Object of type datetime is not JSON serializable
INFO:root:💾 Saved 500 records in 3.45s (145 rec/s) | 10 15min, 245 hourly, 245 daily | Queue: 0
ERROR:cache_service:Error setting OHLC batch: Object of type datetime is not JSON serializable
INFO:root:💾 Saved 500 records in 3.58s (140 rec/s) | 11 15min, 245 hourly, 244 daily | Queue: 0
ERROR:cache_service:Error setting OHLC batch: Object of type datetime is not JSON serializable
INFO:root:💾 Saved 500 records in 3.41s (147 rec/s) | 9 15min, 245 hourly, 246 daily | Queue: 0
ERROR:cache_service:Error setting OHLC batch: Object of type datetime is not JSON serializable
INFO:root:💾 Saved 480 records in 3.17s (151 rec/s) | 8 15min, 236 hourly, 236 daily | Queue: 0
INFO:root:📊 STATUS: 4,829,329 received | 4,787,951 processed | 41378 buffered | 2364 active | ProcQ: 0 | DBQ: 0 | 499,477 saved | Failed: 0 | Vol: TEXINFRA:2,385, DPWIRES:2,800
INFO:root:⏰ Interval update (60s): 05:05:29 UTC
INFO:root:📤 Queued 48726 ticks from 2440 instruments | Processing queue: 1
ERROR:cache_service:Error setting OHLC batch: Object of type datetime is not JSON serializable
INFO:root:💾 Saved 500 records in 4.47s (112 rec/s) | 21 15min, 240 hourly, 239 daily | Queue: 0
ERROR:cache_service:Error setting OHLC batch: Object of type datetime is not JSON serializable
INFO:root:💾 Saved 500 records in 4.12s (121 rec/s) | 13 15min, 243 hourly, 244 daily | Queue: 0
ERROR:cache_service:Error setting OHLC batch: Object of type datetime is not JSON serializable
INFO:root:💾 Saved 500 records in 3.42s (146 rec/s) | 17 15min, 242 hourly, 241 daily | Queue: 0
ERROR:cache_service:Error setting OHLC batch: Object of type datetime is not JSON serializable
INFO:root:💾 Saved 500 records in 3.17s (158 rec/s) | 15 15min, 242 hourly, 243 daily | Queue: 0
ERROR:cache_service:Error setting OHLC batch: Object of type datetime is not JSON serializable
INFO:root:💾 Saved 500 records in 3.10s (161 rec/s) | 15 15min, 243 hourly, 242 daily | Queue: 0
INFO:root:📊 STATUS: 4,852,402 received | 4,836,677 processed | 15725 buffered | 2139 active | ProcQ: 0 | DBQ: 0 | 501,977 saved | Failed: 0 | Vol: TEXINFRA:2,385, DPWIRES:2,805
ERROR:cache_service:Error setting OHLC batch: Object of type datetime is not JSON serializable
INFO:root:💾 Saved 500 records in 2.69s (186 rec/s) | 13 15min, 243 hourly, 244 daily | Queue: 0
ERROR:cache_service:Error setting OHLC batch: Object of type datetime is not JSON serializable
INFO:root:💾 Saved 500 records in 2.67s (187 rec/s) | 10 15min, 245 hourly, 245 daily | Queue: 0
ERROR:cache_service:Error setting OHLC batch: Object of type datetime is not JSON serializable
INFO:root:💾 Saved 500 records in 2.25s (222 rec/s) | 11 15min, 245 hourly, 244 daily | Queue: 0
ERROR:cache_service:Error setting OHLC batch: Object of type datetime is not JSON serializable
INFO:root:💾 Saved 500 records in 2.59s (193 rec/s) | 6 15min, 247 hourly, 247 daily | Queue: 0
ERROR:cache_service:Error setting OHLC batch: Object of type datetime is not JSON serializable
INFO:root:💾 Saved 500 records in 1.94s (257 rec/s) | 11 15min, 244 hourly, 245 daily | Queue: 0
ERROR:cache_service:Error setting OHLC batch: Object of type datetime is not JSON serializable
INFO:root:💾 Saved 12 records in 0.04s (294 rec/s) | 0 15min, 6 hourly, 6 daily | Queue: 0
INFO:root:📊 STATUS: 4,875,934 received | 4,836,677 processed | 39257 buffered | 2362 active | ProcQ: 0 | DBQ: 0 | 504,489 saved | Failed: 0 | Vol: TEXINFRA:2,385, DPWIRES:2,805
INFO:root:⏰ Interval update (60s): 05:06:29 UTC
INFO:root:📤 Queued 46595 ticks from 2397 instruments | Processing queue: 1
ERROR:cache_service:Error setting OHLC batch: Object of type datetime is not JSON serializable
INFO:root:💾 Saved 500 records in 1.24s (405 rec/s) | 21 15min, 240 hourly, 239 daily | Queue: 0
ERROR:cache_service:Error setting OHLC batch: Object of type datetime is not JSON serializable
INFO:root:💾 Saved 500 records in 1.07s (469 rec/s) | 13 15min, 243 hourly, 244 daily | Queue: 0
ERROR:cache_service:Error setting OHLC batch: Object of type datetime is not JSON serializable
INFO:root:💾 Saved 500 records in 0.52s (958 rec/s) | 17 15min, 242 hourly, 241 daily | Queue: 0
ERROR:cache_service:Error setting OHLC batch: Object of type datetime is not JSON serializable
INFO:root:💾 Saved 500 records in 0.45s (1106 rec/s) | 15 15min, 242 hourly, 243 daily | Queue: 0
ERROR:cache_service:Error setting OHLC batch: Object of type datetime is not JSON serializable
INFO:root:💾 Saved 500 records in 0.32s (1555 rec/s) | 15 15min, 243 hourly, 242 daily | Queue: 0
ERROR:cache_service:Error setting OHLC batch: Object of type datetime is not JSON serializable
INFO:root:💾 Saved 500 records in 0.32s (1585 rec/s) | 17 15min, 241 hourly, 242 daily | Queue: 0
ERROR:cache_service:Error setting OHLC batch: Object of type datetime is not JSON serializable
INFO:root:💾 Saved 500 records in 0.35s (1427 rec/s) | 6 15min, 247 hourly, 247 daily | Queue: 0
ERROR:cache_service:Error setting OHLC batch: Object of type datetime is not JSON serializable
INFO:root:💾 Saved 500 records in 0.33s (1504 rec/s) | 11 15min, 245 hourly, 244 daily | Queue: 0
ERROR:cache_service:Error setting OHLC batch: Object of type datetime is not JSON serializable
INFO:root:💾 Saved 500 records in 0.34s (1456 rec/s) | 9 15min, 245 hourly, 246 daily | Queue: 0
ERROR:cache_service:Error setting OHLC batch: Object of type datetime is not JSON serializable
INFO:root:💾 Saved 426 records in 0.22s (1896 rec/s) | 8 15min, 209 hourly, 209 daily | Queue: 0
INFO:root:📊 STATUS: 4,898,549 received | 4,883,272 processed | 15277 buffered | 2166 active | ProcQ: 0 | DBQ: 0 | 509,415 saved | Failed: 0 | Vol: TEXINFRA:3,401, DPWIRES:2,805
INFO:root:📊 STATUS: 4,921,243 received | 4,883,272 processed | 37971 buffered | 2409 active | ProcQ: 0 | DBQ: 0 | 509,415 saved | Failed: 0 | Vol: TEXINFRA:3,401, DPWIRES:2,805
INFO:root:⏰ Interval update (60s): 05:07:29 UTC
INFO:root:📤 Queued 45597 ticks from 2443 instruments | Processing queue: 1
ERROR:cache_service:Error setting OHLC batch: Object of type datetime is not JSON serializable
INFO:root:💾 Saved 500 records in 0.20s (2555 rec/s) | 21 15min, 240 hourly, 239 daily | Queue: 0
ERROR:cache_service:Error setting OHLC batch: Object of type datetime is not JSON serializable
INFO:root:💾 Saved 500 records in 0.16s (3211 rec/s) | 13 15min, 243 hourly, 244 daily | Queue: 0
ERROR:cache_service:Error setting OHLC batch: Object of type datetime is not JSON serializable
INFO:root:💾 Saved 500 records in 0.16s (3150 rec/s) | 17 15min, 242 hourly, 241 daily | Queue: 0
ERROR:cache_service:Error setting OHLC batch: Object of type datetime is not JSON serializable
INFO:root:💾 Saved 500 records in 0.17s (2863 rec/s) | 15 15min, 242 hourly, 243 daily | Queue: 0
ERROR:cache_service:Error setting OHLC batch: Object of type datetime is not JSON serializable
INFO:root:💾 Saved 500 records in 0.14s (3456 rec/s) | 10 15min, 245 hourly, 245 daily | Queue: 0
ERROR:cache_service:Error setting OHLC batch: Object of type datetime is not JSON serializable
INFO:root:💾 Saved 500 records in 0.10s (4943 rec/s) | 18 15min, 241 hourly, 241 daily | Queue: 0
ERROR:cache_service:Error setting OHLC batch: Object of type datetime is not JSON serializable
INFO:root:💾 Saved 500 records in 0.11s (4726 rec/s) | 10 15min, 245 hourly, 245 daily | Queue: 0
ERROR:cache_service:Error setting OHLC batch: Object of type datetime is not JSON serializable
INFO:root:💾 Saved 500 records in 0.17s (2972 rec/s) | 11 15min, 245 hourly, 244 daily | Queue: 0
ERROR:cache_service:Error setting OHLC batch: Object of type datetime is not JSON serializable
INFO:root:💾 Saved 500 records in 0.08s (6175 rec/s) | 6 15min, 247 hourly, 247 daily | Queue: 0
ERROR:cache_service:Error setting OHLC batch: Object of type datetime is not JSON serializable
INFO:root:💾 Saved 500 records in 0.09s (5299 rec/s) | 11 15min, 244 hourly, 245 daily | Queue: 0
ERROR:cache_service:Error setting OHLC batch: Object of type datetime is not JSON serializable
INFO:root:💾 Saved 18 records in 0.01s (1455 rec/s) | 0 15min, 9 hourly, 9 daily | Queue: 0
INFO:root:📊 STATUS: 4,946,044 received | 4,928,869 processed | 17175 buffered | 2158 active | ProcQ: 0 | DBQ: 0 | 514,433 saved | Failed: 0 | Vol: TEXINFRA:3,401, DPWIRES:2,805
INFO:root:📊 STATUS: 4,970,359 received | 4,928,869 processed | 41490 buffered | 2399 active | ProcQ: 0 | DBQ: 0 | 514,433 saved | Failed: 0 | Vol: TEXINFRA:3,401, DPWIRES:2,805
INFO:root:⏰ Interval update (60s): 05:08:30 UTC
INFO:root:📤 Queued 49023 ticks from 2430 instruments | Processing queue: 1
ERROR:cache_service:Error setting OHLC batch: Object of type datetime is not JSON serializable
INFO:root:💾 Saved 500 records in 0.09s (5562 rec/s) | 21 15min, 240 hourly, 239 daily | Queue: 0
ERROR:cache_service:Error setting OHLC batch: Object of type datetime is not JSON serializable
INFO:root:💾 Saved 500 records in 0.09s (5533 rec/s) | 13 15min, 243 hourly, 244 daily | Queue: 0
ERROR:cache_service:Error setting OHLC batch: Object of type datetime is not JSON serializable
INFO:root:💾 Saved 500 records in 0.11s (4672 rec/s) | 17 15min, 242 hourly, 241 daily | Queue: 0
ERROR:cache_service:Error setting OHLC batch: Object of type datetime is not JSON serializable
INFO:root:💾 Saved 500 records in 0.10s (5241 rec/s) | 15 15min, 242 hourly, 243 daily | Queue: 0
ERROR:cache_service:Error setting OHLC batch: Object of type datetime is not JSON serializable
INFO:root:💾 Saved 500 records in 0.10s (4945 rec/s) | 11 15min, 245 hourly, 244 daily | Queue: 0
ERROR:cache_service:Error setting OHLC batch: Object of type datetime is not JSON serializable
INFO:root:💾 Saved 500 records in 0.11s (4727 rec/s) | 17 15min, 241 hourly, 242 daily | Queue: 0
ERROR:cache_service:Error setting OHLC batch: Object of type datetime is not JSON serializable
INFO:root:💾 Saved 500 records in 0.08s (6522 rec/s) | 10 15min, 245 hourly, 245 daily | Queue: 0
ERROR:cache_service:Error setting OHLC batch: Object of type datetime is not JSON serializable
INFO:root:💾 Saved 500 records in 0.11s (4686 rec/s) | 11 15min, 245 hourly, 244 daily | Queue: 0
ERROR:cache_service:Error setting OHLC batch: Object of type datetime is not JSON serializable
INFO:root:💾 Saved 500 records in 0.07s (7084 rec/s) | 9 15min, 245 hourly, 246 daily | Queue: 0
ERROR:cache_service:Error setting OHLC batch: Object of type datetime is not JSON serializable
INFO:root:💾 Saved 492 records in 0.08s (6448 rec/s) | 8 15min, 242 hourly, 242 daily | Queue: 0
INFO:root:📊 STATUS: 4,993,560 received | 4,977,892 processed | 15668 buffered | 2096 active | ProcQ: 0 | DBQ: 0 | 519,425 saved | Failed: 0 | Vol: TEXINFRA:3,401, DPWIRES:2,854
INFO:root:📊 STATUS: 5,016,879 received | 4,977,892 processed | 38987 buffered | 2335 active | ProcQ: 0 | DBQ: 0 | 519,425 saved | Failed: 0 | Vol: TEXINFRA:3,401, DPWIRES:2,854
INFO:root:⏰ Interval update (60s): 05:09:30 UTC
INFO:root:📤 Queued 46603 ticks from 2390 instruments | Processing queue: 1
ERROR:cache_service:Error setting OHLC batch: Object of type datetime is not JSON serializable
INFO:root:💾 Saved 500 records in 0.11s (4638 rec/s) | 21 15min, 240 hourly, 239 daily | Queue: 0
ERROR:cache_service:Error setting OHLC batch: Object of type datetime is not JSON serializable
INFO:root:💾 Saved 500 records in 0.07s (7047 rec/s) | 13 15min, 243 hourly, 244 daily | Queue: 0
ERROR:cache_service:Error setting OHLC batch: Object of type datetime is not JSON serializable
INFO:root:💾 Saved 500 records in 0.05s (9674 rec/s) | 17 15min, 242 hourly, 241 daily | Queue: 0
ERROR:cache_service:Error setting OHLC batch: Object of type datetime is not JSON serializable
INFO:root:💾 Saved 500 records in 0.08s (6481 rec/s) | 15 15min, 242 hourly, 243 daily | Queue: 0
ERROR:cache_service:Error setting OHLC batch: Object of type datetime is not JSON serializable
INFO:root:💾 Saved 500 records in 0.09s (5826 rec/s) | 10 15min, 245 hourly, 245 daily | Queue: 0
ERROR:cache_service:Error setting OHLC batch: Object of type datetime is not JSON serializable
INFO:root:💾 Saved 500 records in 0.07s (7438 rec/s) | 18 15min, 241 hourly, 241 daily | Queue: 0
ERROR:cache_service:Error setting OHLC batch: Object of type datetime is not JSON serializable
INFO:root:💾 Saved 500 records in 0.07s (6906 rec/s) | 10 15min, 245 hourly, 245 daily | Queue: 0
ERROR:cache_service:Error setting OHLC batch: Object of type datetime is not JSON serializable
INFO:root:💾 Saved 500 records in 0.08s (6291 rec/s) | 11 15min, 245 hourly, 244 daily | Queue: 0
ERROR:cache_service:Error setting OHLC batch: Object of type datetime is not JSON serializable
INFO:root:💾 Saved 500 records in 0.08s (6607 rec/s) | 9 15min, 245 hourly, 246 daily | Queue: 0
ERROR:cache_service:Error setting OHLC batch: Object of type datetime is not JSON serializable
INFO:root:💾 Saved 412 records in 0.04s (10102 rec/s) | 8 15min, 202 hourly, 202 daily | Queue: 0
INFO:root:📊 STATUS: 5,040,121 received | 5,024,495 processed | 15626 buffered | 2121 active | ProcQ: 0 | DBQ: 0 | 524,337 saved | Failed: 0 | Vol: TEXINFRA:3,401, DPWIRES:2,854
INFO:root:📊 STATUS: 5,063,405 received | 5,024,495 processed | 38910 buffered | 2357 active | ProcQ: 0 | DBQ: 0 | 524,337 saved | Failed: 0 | Vol: TEXINFRA:3,401, DPWIRES:2,854
INFO:root:⏰ Interval update (60s): 05:10:30 UTC
INFO:root:📤 Queued 46230 ticks from 2385 instruments | Processing queue: 1
ERROR:cache_service:Error setting OHLC batch: Object of type datetime is not JSON serializable
INFO:root:💾 Saved 500 records in 0.06s (8296 rec/s) | 21 15min, 240 hourly, 239 daily | Queue: 0
ERROR:cache_service:Error setting OHLC batch: Object of type datetime is not JSON serializable
INFO:root:💾 Saved 500 records in 0.05s (9715 rec/s) | 13 15min, 243 hourly, 244 daily | Queue: 0
ERROR:cache_service:Error setting OHLC batch: Object of type datetime is not JSON serializable
INFO:root:💾 Saved 500 records in 0.04s (11776 rec/s) | 17 15min, 242 hourly, 241 daily | Queue: 0
ERROR:cache_service:Error setting OHLC batch: Object of type datetime is not JSON serializable
INFO:root:💾 Saved 500 records in 0.05s (9305 rec/s) | 15 15min, 242 hourly, 243 daily | Queue: 0
ERROR:cache_service:Error setting OHLC batch: Object of type datetime is not JSON serializable
INFO:root:💾 Saved 500 records in 0.06s (7777 rec/s) | 15 15min, 243 hourly, 242 daily | Queue: 0
ERROR:cache_service:Error setting OHLC batch: Object of type datetime is not JSON serializable
INFO:root:💾 Saved 500 records in 0.05s (9441 rec/s) | 13 15min, 243 hourly, 244 daily | Queue: 0
ERROR:cache_service:Error setting OHLC batch: Object of type datetime is not JSON serializable
INFO:root:💾 Saved 500 records in 0.04s (12340 rec/s) | 10 15min, 245 hourly, 245 daily | Queue: 0
ERROR:cache_service:Error setting OHLC batch: Object of type datetime is not JSON serializable
INFO:root:💾 Saved 500 records in 0.06s (8455 rec/s) | 11 15min, 245 hourly, 244 daily | Queue: 0
ERROR:cache_service:Error setting OHLC batch: Object of type datetime is not JSON serializable
INFO:root:💾 Saved 500 records in 0.05s (9658 rec/s) | 9 15min, 245 hourly, 246 daily | Queue: 0
ERROR:cache_service:Error setting OHLC batch: Object of type datetime is not JSON serializable
INFO:root:💾 Saved 402 records in 0.04s (9845 rec/s) | 8 15min, 197 hourly, 197 daily | Queue: 0
INFO:root:📊 STATUS: 5,088,153 received | 5,070,725 processed | 17428 buffered | 2073 active | ProcQ: 0 | DBQ: 0 | 529,239 saved | Failed: 0 | Vol: TEXINFRA:3,401, DPWIRES:2,854
INFO:root:📊 STATUS: 5,112,005 received | 5,070,725 processed | 41280 buffered | 2374 active | ProcQ: 0 | DBQ: 0 | 529,239 saved | Failed: 0 | Vol: TEXINFRA:3,401, DPWIRES:2,854
INFO:root:⏰ Interval update (60s): 05:11:30 UTC
INFO:root:📤 Queued 48849 ticks from 2402 instruments | Processing queue: 1
ERROR:cache_service:Error setting OHLC batch: Object of type datetime is not JSON serializable
INFO:root:💾 Saved 500 records in 0.11s (4686 rec/s) | 21 15min, 240 hourly, 239 daily | Queue: 0
ERROR:cache_service:Error setting OHLC batch: Object of type datetime is not JSON serializable
INFO:root:💾 Saved 500 records in 0.10s (4923 rec/s) | 13 15min, 243 hourly, 244 daily | Queue: 0
ERROR:cache_service:Error setting OHLC batch: Object of type datetime is not JSON serializable
INFO:root:💾 Saved 500 records in 0.09s (5337 rec/s) | 17 15min, 242 hourly, 241 daily | Queue: 0
ERROR:cache_service:Error setting OHLC batch: Object of type datetime is not JSON serializable
INFO:root:💾 Saved 500 records in 0.11s (4718 rec/s) | 15 15min, 242 hourly, 243 daily | Queue: 0
ERROR:cache_service:Error setting OHLC batch: Object of type datetime is not JSON serializable
INFO:root:💾 Saved 500 records in 0.11s (4362 rec/s) | 12 15min, 244 hourly, 244 daily | Queue: 0
ERROR:cache_service:Error setting OHLC batch: Object of type datetime is not JSON serializable
INFO:root:💾 Saved 500 records in 0.12s (4195 rec/s) | 16 15min, 242 hourly, 242 daily | Queue: 0
ERROR:cache_service:Error setting OHLC batch: Object of type datetime is not JSON serializable
INFO:root:💾 Saved 500 records in 0.09s (5420 rec/s) | 10 15min, 245 hourly, 245 daily | Queue: 0
ERROR:cache_service:Error setting OHLC batch: Object of type datetime is not JSON serializable
INFO:root:💾 Saved 500 records in 0.09s (5474 rec/s) | 11 15min, 245 hourly, 244 daily | Queue: 0
ERROR:cache_service:Error setting OHLC batch: Object of type datetime is not JSON serializable
INFO:root:💾 Saved 500 records in 0.11s (4679 rec/s) | 9 15min, 245 hourly, 246 daily | Queue: 0
ERROR:cache_service:Error setting OHLC batch: Object of type datetime is not JSON serializable
INFO:root:💾 Saved 436 records in 0.09s (4904 rec/s) | 8 15min, 214 hourly, 214 daily | Queue: 0
INFO:root:📊 STATUS: 5,135,720 received | 5,119,574 processed | 16146 buffered | 2095 active | ProcQ: 0 | DBQ: 0 | 534,175 saved | Failed: 0 | Vol: TEXINFRA:3,401, DPWIRES:2,861
INFO:root:📊 STATUS: 5,159,384 received | 5,119,574 processed | 39810 buffered | 2357 active | ProcQ: 0 | DBQ: 0 | 534,175 saved | Failed: 0 | Vol: TEXINFRA:3,401, DPWIRES:2,861
INFO:root:⏰ Interval update (60s): 05:12:30 UTC
INFO:root:📤 Queued 47060 ticks from 2386 instruments | Processing queue: 1
ERROR:cache_service:Error setting OHLC batch: Object of type datetime is not JSON serializable
INFO:root:💾 Saved 500 records in 0.05s (10570 rec/s) | 21 15min, 240 hourly, 239 daily | Queue: 0
ERROR:cache_service:Error setting OHLC batch: Object of type datetime is not JSON serializable
INFO:root:💾 Saved 500 records in 0.05s (10927 rec/s) | 13 15min, 243 hourly, 244 daily | Queue: 0
ERROR:cache_service:Error setting OHLC batch: Object of type datetime is not JSON serializable
INFO:root:💾 Saved 500 records in 0.05s (9110 rec/s) | 17 15min, 242 hourly, 241 daily | Queue: 0
ERROR:cache_service:Error setting OHLC batch: Object of type datetime is not JSON serializable
INFO:root:💾 Saved 500 records in 0.06s (8495 rec/s) | 14 15min, 243 hourly, 243 daily | Queue: 0
ERROR:cache_service:Error setting OHLC batch: Object of type datetime is not JSON serializable
INFO:root:💾 Saved 500 records in 0.05s (10151 rec/s) | 15 15min, 242 hourly, 243 daily | Queue: 0
ERROR:cache_service:Error setting OHLC batch: Object of type datetime is not JSON serializable
INFO:root:💾 Saved 500 records in 0.05s (9608 rec/s) | 13 15min, 244 hourly, 243 daily | Queue: 0
ERROR:cache_service:Error setting OHLC batch: Object of type datetime is not JSON serializable
INFO:root:💾 Saved 500 records in 0.06s (8449 rec/s) | 10 15min, 245 hourly, 245 daily | Queue: 0
ERROR:cache_service:Error setting OHLC batch: Object of type datetime is not JSON serializable
INFO:root:💾 Saved 500 records in 0.06s (8762 rec/s) | 12 15min, 244 hourly, 244 daily | Queue: 0
ERROR:cache_service:Error setting OHLC batch: Object of type datetime is not JSON serializable
INFO:root:💾 Saved 500 records in 0.05s (10341 rec/s) | 9 15min, 245 hourly, 246 daily | Queue: 0
ERROR:cache_service:Error setting OHLC batch: Object of type datetime is not JSON serializable
INFO:root:💾 Saved 404 records in 0.04s (10706 rec/s) | 8 15min, 198 hourly, 198 daily | Queue: 0
INFO:root:📊 STATUS: 5,182,610 received | 5,166,634 processed | 15976 buffered | 2156 active | ProcQ: 0 | DBQ: 0 | 539,079 saved | Failed: 0 | Vol: TEXINFRA:3,401, DPWIRES:3,171
INFO:root:📊 STATUS: 5,206,207 received | 5,166,634 processed | 39573 buffered | 2368 active | ProcQ: 0 | DBQ: 0 | 539,079 saved | Failed: 0 | Vol: TEXINFRA:3,401, DPWIRES:3,171
INFO:root:⏰ Interval update (60s): 05:13:30 UTC
INFO:root:📤 Queued 46532 ticks from 2396 instruments | Processing queue: 1
ERROR:cache_service:Error setting OHLC batch: Object of type datetime is not JSON serializable
INFO:root:💾 Saved 500 records in 0.06s (8374 rec/s) | 21 15min, 240 hourly, 239 daily | Queue: 0
ERROR:cache_service:Error setting OHLC batch: Object of type datetime is not JSON serializable
INFO:root:💾 Saved 500 records in 0.05s (10882 rec/s) | 13 15min, 243 hourly, 244 daily | Queue: 0
ERROR:cache_service:Error setting OHLC batch: Object of type datetime is not JSON serializable
INFO:root:💾 Saved 500 records in 0.04s (11281 rec/s) | 17 15min, 242 hourly, 241 daily | Queue: 0
ERROR:cache_service:Error setting OHLC batch: Object of type datetime is not JSON serializable
INFO:root:💾 Saved 500 records in 0.04s (11268 rec/s) | 15 15min, 242 hourly, 243 daily | Queue: 0
ERROR:cache_service:Error setting OHLC batch: Object of type datetime is not JSON serializable
INFO:root:💾 Saved 500 records in 0.04s (11658 rec/s) | 15 15min, 243 hourly, 242 daily | Queue: 0
ERROR:cache_service:Error setting OHLC batch: Object of type datetime is not JSON serializable
INFO:root:💾 Saved 500 records in 0.05s (10054 rec/s) | 13 15min, 243 hourly, 244 daily | Queue: 0
ERROR:cache_service:Error setting OHLC batch: Object of type datetime is not JSON serializable
INFO:root:💾 Saved 500 records in 0.05s (10728 rec/s) | 10 15min, 245 hourly, 245 daily | Queue: 0
ERROR:cache_service:Error setting OHLC batch: Object of type datetime is not JSON serializable
INFO:root:💾 Saved 500 records in 0.05s (10530 rec/s) | 11 15min, 245 hourly, 244 daily | Queue: 0
ERROR:cache_service:Error setting OHLC batch: Object of type datetime is not JSON serializable
INFO:root:💾 Saved 500 records in 0.05s (10621 rec/s) | 9 15min, 245 hourly, 246 daily | Queue: 0
ERROR:cache_service:Error setting OHLC batch: Object of type datetime is not JSON serializable
INFO:root:💾 Saved 424 records in 0.05s (8962 rec/s) | 8 15min, 208 hourly, 208 daily | Queue: 0
INFO:root:📊 STATUS: 5,231,662 received | 5,213,166 processed | 18496 buffered | 2127 active | ProcQ: 0 | DBQ: 0 | 544,003 saved | Failed: 0 | Vol: TEXINFRA:3,401, DPWIRES:3,171
INFO:root:📊 STATUS: 5,255,886 received | 5,213,166 processed | 42720 buffered | 2391 active | ProcQ: 0 | DBQ: 0 | 544,003 saved | Failed: 0 | Vol: TEXINFRA:3,401, DPWIRES:3,171
INFO:root:⏰ Interval update (60s): 05:14:30 UTC
INFO:root:📤 Queued 49544 ticks from 2422 instruments | Processing queue: 1
ERROR:cache_service:Error setting OHLC batch: Object of type datetime is not JSON serializable
INFO:root:💾 Saved 500 records in 0.04s (12520 rec/s) | 21 15min, 240 hourly, 239 daily | Queue: 0
ERROR:cache_service:Error setting OHLC batch: Object of type datetime is not JSON serializable
INFO:root:💾 Saved 500 records in 0.06s (8637 rec/s) | 13 15min, 243 hourly, 244 daily | Queue: 0
ERROR:cache_service:Error setting OHLC batch: Object of type datetime is not JSON serializable
INFO:root:💾 Saved 500 records in 0.05s (10419 rec/s) | 17 15min, 242 hourly, 241 daily | Queue: 0
ERROR:cache_service:Error setting OHLC batch: Object of type datetime is not JSON serializable
INFO:root:💾 Saved 500 records in 0.04s (11507 rec/s) | 15 15min, 242 hourly, 243 daily | Queue: 0
ERROR:cache_service:Error setting OHLC batch: Object of type datetime is not JSON serializable
INFO:root:💾 Saved 500 records in 0.04s (11172 rec/s) | 14 15min, 243 hourly, 243 daily | Queue: 0
ERROR:cache_service:Error setting OHLC batch: Object of type datetime is not JSON serializable
INFO:root:💾 Saved 500 records in 0.05s (10450 rec/s) | 14 15min, 243 hourly, 243 daily | Queue: 0
ERROR:cache_service:Error setting OHLC batch: Object of type datetime is not JSON serializable
INFO:root:💾 Saved 500 records in 0.04s (11481 rec/s) | 10 15min, 245 hourly, 245 daily | Queue: 0
ERROR:cache_service:Error setting OHLC batch: Object of type datetime is not JSON serializable
INFO:root:💾 Saved 500 records in 0.04s (11165 rec/s) | 11 15min, 245 hourly, 244 daily | Queue: 0
ERROR:cache_service:Error setting OHLC batch: Object of type datetime is not JSON serializable
INFO:root:💾 Saved 500 records in 0.05s (10490 rec/s) | 9 15min, 245 hourly, 246 daily | Queue: 0
ERROR:cache_service:Error setting OHLC batch: Object of type datetime is not JSON serializable
INFO:root:💾 Saved 476 records in 0.05s (10050 rec/s) | 8 15min, 234 hourly, 234 daily | Queue: 0
INFO:root:📊 STATUS: 5,279,392 received | 5,262,710 processed | 16682 buffered | 2134 active | ProcQ: 0 | DBQ: 0 | 548,979 saved | Failed: 0 | Vol: TEXINFRA:3,401, DPWIRES:3,171
INFO:root:📊 STATUS: 5,302,602 received | 5,262,710 processed | 39892 buffered | 2364 active | ProcQ: 0 | DBQ: 0 | 548,979 saved | Failed: 0 | Vol: TEXINFRA:3,401, DPWIRES:3,171
INFO:root:⏰ Interval update (60s): 05:15:31 UTC
INFO:root:📤 Queued 46714 ticks from 2393 instruments | Processing queue: 1
ERROR:cache_service:Error setting OHLC batch: Object of type datetime is not JSON serializable
INFO:root:💾 Saved 500 records in 0.05s (9872 rec/s) | 21 15min, 240 hourly, 239 daily | Queue: 0
ERROR:cache_service:Error setting OHLC batch: Object of type datetime is not JSON serializable
INFO:root:💾 Saved 500 records in 0.05s (11026 rec/s) | 13 15min, 243 hourly, 244 daily | Queue: 0
ERROR:cache_service:Error setting OHLC batch: Object of type datetime is not JSON serializable
INFO:root:💾 Saved 500 records in 0.04s (11846 rec/s) | 17 15min, 242 hourly, 241 daily | Queue: 0
ERROR:cache_service:Error setting OHLC batch: Object of type datetime is not JSON serializable
INFO:root:💾 Saved 500 records in 0.06s (8652 rec/s) | 15 15min, 242 hourly, 243 daily | Queue: 0
ERROR:cache_service:Error setting OHLC batch: Object of type datetime is not JSON serializable
INFO:root:💾 Saved 500 records in 0.04s (11508 rec/s) | 15 15min, 243 hourly, 242 daily | Queue: 0
ERROR:cache_service:Error setting OHLC batch: Object of type datetime is not JSON serializable
INFO:root:💾 Saved 500 records in 0.09s (5488 rec/s) | 14 15min, 243 hourly, 243 daily | Queue: 0
ERROR:cache_service:Error setting OHLC batch: Object of type datetime is not JSON serializable
INFO:root:💾 Saved 500 records in 0.07s (6912 rec/s) | 9 15min, 245 hourly, 246 daily | Queue: 0
ERROR:cache_service:Error setting OHLC batch: Object of type datetime is not JSON serializable
INFO:root:💾 Saved 500 records in 0.10s (5208 rec/s) | 11 15min, 245 hourly, 244 daily | Queue: 0
ERROR:cache_service:Error setting OHLC batch: Object of type datetime is not JSON serializable
INFO:root:💾 Saved 500 records in 0.12s (4137 rec/s) | 9 15min, 245 hourly, 246 daily | Queue: 0
ERROR:cache_service:Error setting OHLC batch: Object of type datetime is not JSON serializable
INFO:root:💾 Saved 418 records in 0.05s (7955 rec/s) | 8 15min, 205 hourly, 205 daily | Queue: 0
INFO:root:📊 STATUS: 5,325,774 received | 5,309,424 processed | 16350 buffered | 2138 active | ProcQ: 0 | DBQ: 0 | 553,897 saved | Failed: 0 | Vol: TEXINFRA:3,401, DPWIRES:3,171
INFO:root:📊 STATUS: 5,348,125 received | 5,309,424 processed | 38701 buffered | 2350 active | ProcQ: 0 | DBQ: 0 | 553,897 saved | Failed: 0 | Vol: TEXINFRA:3,401, DPWIRES:3,171
INFO:root:⏰ Interval update (60s): 05:16:31 UTC
INFO:root:📤 Queued 45124 ticks from 2365 instruments | Processing queue: 1
ERROR:cache_service:Error setting OHLC batch: Object of type datetime is not JSON serializable
INFO:root:💾 Saved 500 records in 0.76s (656 rec/s) | 21 15min, 240 hourly, 239 daily | Queue: 0
ERROR:cache_service:Error setting OHLC batch: Object of type datetime is not JSON serializable
INFO:root:💾 Saved 500 records in 0.48s (1039 rec/s) | 13 15min, 243 hourly, 244 daily | Queue: 0
ERROR:cache_service:Error setting OHLC batch: Object of type datetime is not JSON serializable
INFO:root:💾 Saved 500 records in 0.51s (974 rec/s) | 17 15min, 242 hourly, 241 daily | Queue: 0
ERROR:cache_service:Error setting OHLC batch: Object of type datetime is not JSON serializable
INFO:root:💾 Saved 500 records in 0.37s (1354 rec/s) | 14 15min, 243 hourly, 243 daily | Queue: 0
ERROR:cache_service:Error setting OHLC batch: Object of type datetime is not JSON serializable
INFO:root:💾 Saved 500 records in 0.38s (1317 rec/s) | 15 15min, 242 hourly, 243 daily | Queue: 0
ERROR:cache_service:Error setting OHLC batch: Object of type datetime is not JSON serializable
INFO:root:💾 Saved 500 records in 0.42s (1204 rec/s) | 16 15min, 242 hourly, 242 daily | Queue: 0
ERROR:cache_service:Error setting OHLC batch: Object of type datetime is not JSON serializable
INFO:root:💾 Saved 500 records in 0.33s (1519 rec/s) | 7 15min, 247 hourly, 246 daily | Queue: 0
ERROR:cache_service:Error setting OHLC batch: Object of type datetime is not JSON serializable
INFO:root:💾 Saved 500 records in 0.28s (1807 rec/s) | 12 15min, 244 hourly, 244 daily | Queue: 0
ERROR:cache_service:Error setting OHLC batch: Object of type datetime is not JSON serializable
INFO:root:💾 Saved 500 records in 0.26s (1943 rec/s) | 9 15min, 245 hourly, 246 daily | Queue: 0
ERROR:cache_service:Error setting OHLC batch: Object of type datetime is not JSON serializable
INFO:root:💾 Saved 362 records in 0.22s (1624 rec/s) | 8 15min, 177 hourly, 177 daily | Queue: 0
INFO:root:📊 STATUS: 5,372,624 received | 5,354,548 processed | 18076 buffered | 2098 active | ProcQ: 0 | DBQ: 0 | 558,759 saved | Failed: 0 | Vol: TEXINFRA:3,401, DPWIRES:3,171
INFO:root:📊 STATUS: 5,396,870 received | 5,354,548 processed | 42322 buffered | 2361 active | ProcQ: 0 | DBQ: 0 | 558,759 saved | Failed: 0 | Vol: TEXINFRA:3,401, DPWIRES:3,171
INFO:root:⏰ Interval update (60s): 05:17:31 UTC
INFO:root:📤 Queued 48488 ticks from 2392 instruments | Processing queue: 1
ERROR:cache_service:Error setting OHLC batch: Object of type datetime is not JSON serializable
INFO:root:💾 Saved 500 records in 0.96s (522 rec/s) | 21 15min, 240 hourly, 239 daily | Queue: 0
ERROR:cache_service:Error setting OHLC batch: Object of type datetime is not JSON serializable
INFO:root:💾 Saved 500 records in 0.66s (763 rec/s) | 13 15min, 243 hourly, 244 daily | Queue: 0
ERROR:cache_service:Error setting OHLC batch: Object of type datetime is not JSON serializable
INFO:root:💾 Saved 500 records in 1.01s (497 rec/s) | 17 15min, 242 hourly, 241 daily | Queue: 0
ERROR:cache_service:Error setting OHLC batch: Object of type datetime is not JSON serializable
INFO:root:💾 Saved 500 records in 0.72s (697 rec/s) | 14 15min, 243 hourly, 243 daily | Queue: 0
ERROR:cache_service:Error setting OHLC batch: Object of type datetime is not JSON serializable
INFO:root:💾 Saved 500 records in 1.06s (474 rec/s) | 15 15min, 242 hourly, 243 daily | Queue: 0
ERROR:cache_service:Error setting OHLC batch: Object of type datetime is not JSON serializable
INFO:root:💾 Saved 500 records in 3.09s (162 rec/s) | 13 15min, 244 hourly, 243 daily | Queue: 0
ERROR:cache_service:Error setting OHLC batch: Object of type datetime is not JSON serializable
INFO:root:💾 Saved 500 records in 3.61s (139 rec/s) | 10 15min, 245 hourly, 245 daily | Queue: 0
ERROR:cache_service:Error setting OHLC batch: Object of type datetime is not JSON serializable
INFO:root:💾 Saved 500 records in 5.38s (93 rec/s) | 12 15min, 244 hourly, 244 daily | Queue: 0
INFO:root:📊 STATUS: 5,420,317 received | 5,403,036 processed | 17281 buffered | 2105 active | ProcQ: 0 | DBQ: 0 | 562,759 saved | Failed: 0 | Vol: TEXINFRA:3,401, DPWIRES:3,171
ERROR:cache_service:Error setting OHLC batch: Object of type datetime is not JSON serializable
INFO:root:💾 Saved 500 records in 5.88s (85 rec/s) | 9 15min, 245 hourly, 246 daily | Queue: 0
ERROR:cache_service:Error setting OHLC batch: Object of type datetime is not JSON serializable
INFO:root:💾 Saved 416 records in 6.29s (66 rec/s) | 8 15min, 204 hourly, 204 daily | Queue: 0
INFO:root:📊 STATUS: 5,443,328 received | 5,403,036 processed | 40292 buffered | 2349 active | ProcQ: 0 | DBQ: 0 | 563,675 saved | Failed: 0 | Vol: TEXINFRA:3,401, DPWIRES:3,171
INFO:root:⏰ Interval update (60s): 05:18:31 UTC
INFO:root:📤 Queued 46527 ticks from 2386 instruments | Processing queue: 1
ERROR:cache_service:Error setting OHLC batch: Object of type datetime is not JSON serializable
INFO:root:💾 Saved 500 records in 2.84s (176 rec/s) | 21 15min, 240 hourly, 239 daily | Queue: 0
ERROR:cache_service:Error setting OHLC batch: Object of type datetime is not JSON serializable
INFO:root:💾 Saved 500 records in 2.61s (192 rec/s) | 13 15min, 243 hourly, 244 daily | Queue: 0
ERROR:cache_service:Error setting OHLC batch: Object of type datetime is not JSON serializable
INFO:root:💾 Saved 500 records in 2.94s (170 rec/s) | 17 15min, 242 hourly, 241 daily | Queue: 0
ERROR:cache_service:Error setting OHLC batch: Object of type datetime is not JSON serializable
INFO:root:💾 Saved 500 records in 3.43s (146 rec/s) | 15 15min, 242 hourly, 243 daily | Queue: 0
ERROR:cache_service:Error setting OHLC batch: Object of type datetime is not JSON serializable
INFO:root:💾 Saved 500 records in 3.52s (142 rec/s) | 15 15min, 243 hourly, 242 daily | Queue: 0
INFO:root:📊 STATUS: 5,467,016 received | 5,449,563 processed | 17453 buffered | 2044 active | ProcQ: 0 | DBQ: 0 | 566,175 saved | Failed: 0 | Vol: TEXINFRA:3,507, DPWIRES:3,171
ERROR:cache_service:Error setting OHLC batch: Object of type datetime is not JSON serializable
INFO:root:💾 Saved 500 records in 11.90s (42 rec/s) | 13 15min, 243 hourly, 244 daily | Queue: 0
INFO:root:📊 STATUS: 5,490,186 received | 5,449,563 processed | 40623 buffered | 2313 active | ProcQ: 0 | DBQ: 0 | 566,675 saved | Failed: 0 | Vol: TEXINFRA:3,507, DPWIRES:3,171
ERROR:cache_service:Error setting OHLC batch: Object of type datetime is not JSON serializable
INFO:root:💾 Saved 500 records in 31.94s (16 rec/s) | 10 15min, 245 hourly, 245 daily | Queue: 0
INFO:root:⏰ Interval update (60s): 05:19:31 UTC
INFO:root:📤 Queued 46425 ticks from 2359 instruments | Processing queue: 1
ERROR:cache_service:Error setting OHLC batch: Object of type datetime is not JSON serializable
INFO:root:💾 Saved 500 records in 16.56s (30 rec/s) | 11 15min, 245 hourly, 244 daily | Queue: 1
INFO:root:📊 STATUS: 5,515,602 received | 5,495,988 processed | 19614 buffered | 2086 active | ProcQ: 0 | DBQ: 1 | 567,675 saved | Failed: 0 | Vol: TEXINFRA:3,507, DPWIRES:3,172
INFO:root:📊 STATUS: 5,539,361 received | 5,495,988 processed | 43373 buffered | 2335 active | ProcQ: 0 | DBQ: 1 | 567,675 saved | Failed: 0 | Vol: TEXINFRA:3,507, DPWIRES:3,172
INFO:root:⏰ Interval update (60s): 05:20:31 UTC
INFO:root:📤 Queued 48873 ticks from 2363 instruments | Processing queue: 1
ERROR:cache_service:Error setting OHLC batch: Object of type datetime is not JSON serializable
INFO:root:💾 Saved 500 records in 44.65s (11 rec/s) | 9 15min, 245 hourly, 246 daily | Queue: 2
ERROR:cache_service:Error setting OHLC batch: Object of type datetime is not JSON serializable
INFO:root:💾 Saved 404 records in 5.94s (68 rec/s) | 8 15min, 198 hourly, 198 daily | Queue: 2
INFO:root:📊 STATUS: 5,562,406 received | 5,544,861 processed | 17545 buffered | 2112 active | ProcQ: 0 | DBQ: 1 | 568,579 saved | Failed: 0 | Vol: TEXINFRA:3,507, DPWIRES:3,174
ERROR:cache_service:Error setting OHLC batch: Object of type datetime is not JSON serializable
INFO:root:💾 Saved 500 records in 34.78s (14 rec/s) | 21 15min, 240 hourly, 239 daily | Queue: 1
INFO:root:📊 STATUS: 5,585,370 received | 5,544,861 processed | 40509 buffered | 2339 active | ProcQ: 0 | DBQ: 1 | 569,079 saved | Failed: 0 | Vol: TEXINFRA:3,507, DPWIRES:3,174
INFO:root:⏰ Interval update (60s): 05:21:31 UTC
INFO:root:📤 Queued 45943 ticks from 2368 instruments | Processing queue: 1
ERROR:cache_service:Error setting OHLC batch: Object of type datetime is not JSON serializable
INFO:root:💾 Saved 500 records in 36.06s (14 rec/s) | 13 15min, 243 hourly, 244 daily | Queue: 2
INFO:root:📊 STATUS: 5,608,297 received | 5,590,804 processed | 17493 buffered | 2067 active | ProcQ: 0 | DBQ: 2 | 569,579 saved | Failed: 0 | Vol: TEXINFRA:3,812, DPWIRES:3,174
INFO:root:📊 STATUS: 5,631,724 received | 5,590,804 processed | 40920 buffered | 2344 active | ProcQ: 0 | DBQ: 2 | 569,579 saved | Failed: 0 | Vol: TEXINFRA:3,812, DPWIRES:3,174
INFO:root:⏰ Interval update (60s): 05:22:31 UTC
INFO:root:📤 Queued 46400 ticks from 2372 instruments | Processing queue: 1
INFO:root:📊 STATUS: 5,656,744 received | 5,637,204 processed | 19540 buffered | 2063 active | ProcQ: 0 | DBQ: 3 | 569,579 saved | Failed: 0 | Vol: TEXINFRA:3,924, DPWIRES:3,174
ERROR:cache_service:Error setting OHLC batch: Object of type datetime is not JSON serializable
INFO:root:💾 Saved 500 records in 89.27s (6 rec/s) | 17 15min, 242 hourly, 241 daily | Queue: 3
INFO:root:📊 STATUS: 5,681,236 received | 5,637,204 processed | 44032 buffered | 2302 active | ProcQ: 0 | DBQ: 3 | 570,079 saved | Failed: 0 | Vol: TEXINFRA:3,924, DPWIRES:3,174
INFO:root:⏰ Interval update (60s): 05:23:31 UTC
INFO:root:📤 Queued 49667 ticks from 2343 instruments | Processing queue: 1
ERROR:cache_service:Error setting OHLC batch: Object of type datetime is not JSON serializable
INFO:root:💾 Saved 500 records in 13.63s (37 rec/s) | 15 15min, 242 hourly, 243 daily | Queue: 3
ERROR:cache_service:Error setting OHLC batch: Object of type datetime is not JSON serializable
INFO:root:💾 Saved 500 records in 16.53s (30 rec/s) | 15 15min, 243 hourly, 242 daily | Queue: 4
INFO:root:📊 STATUS: 5,704,585 received | 5,686,871 processed | 17714 buffered | 2125 active | ProcQ: 0 | DBQ: 4 | 571,079 saved | Failed: 0 | Vol: TEXINFRA:3,924, DPWIRES:3,180
ERROR:cache_service:Error setting OHLC batch: Object of type datetime is not JSON serializable
INFO:root:💾 Saved 500 records in 31.89s (16 rec/s) | 13 15min, 243 hourly, 244 daily | Queue: 4
INFO:root:📊 STATUS: 5,727,740 received | 5,686,871 processed | 40869 buffered | 2334 active | ProcQ: 0 | DBQ: 4 | 571,579 saved | Failed: 0 | Vol: TEXINFRA:3,924, DPWIRES:3,180
ERROR:cache_service:Error setting OHLC batch: Object of type datetime is not JSON serializable
INFO:root:💾 Saved 500 records in 6.85s (73 rec/s) | 10 15min, 245 hourly, 245 daily | Queue: 4
ERROR:cache_service:Error setting OHLC batch: Object of type datetime is not JSON serializable
INFO:root:💾 Saved 500 records in 4.30s (116 rec/s) | 11 15min, 245 hourly, 244 daily | Queue: 4
INFO:root:⏰ Interval update (60s): 05:24:31 UTC
INFO:root:📤 Queued 46320 ticks from 2367 instruments | Processing queue: 1
ERROR:cache_service:Error setting OHLC batch: Object of type datetime is not JSON serializable
INFO:root:💾 Saved 500 records in 3.84s (130 rec/s) | 9 15min, 245 hourly, 246 daily | Queue: 5
ERROR:cache_service:Error setting OHLC batch: Object of type datetime is not JSON serializable
INFO:root:💾 Saved 350 records in 3.00s (117 rec/s) | 8 15min, 171 hourly, 171 daily | Queue: 5
ERROR:cache_service:Error setting OHLC batch: Object of type datetime is not JSON serializable
INFO:root:💾 Saved 500 records in 3.91s (128 rec/s) | 21 15min, 240 hourly, 239 daily | Queue: 4
ERROR:cache_service:Error setting OHLC batch: Object of type datetime is not JSON serializable
INFO:root:💾 Saved 500 records in 3.13s (160 rec/s) | 13 15min, 243 hourly, 244 daily | Queue: 4
ERROR:cache_service:Error setting OHLC batch: Object of type datetime is not JSON serializable
INFO:root:💾 Saved 500 records in 3.39s (148 rec/s) | 17 15min, 242 hourly, 241 daily | Queue: 4
INFO:root:📊 STATUS: 5,751,347 received | 5,733,191 processed | 18156 buffered | 2209 active | ProcQ: 0 | DBQ: 4 | 574,929 saved | Failed: 0 | Vol: TEXINFRA:3,924, DPWIRES:3,180
ERROR:cache_service:Error setting OHLC batch: Object of type datetime is not JSON serializable
INFO:root:💾 Saved 500 records in 8.61s (58 rec/s) | 15 15min, 242 hourly, 243 daily | Queue: 4
ERROR:cache_service:Error setting OHLC batch: Object of type datetime is not JSON serializable
INFO:root:💾 Saved 500 records in 13.17s (38 rec/s) | 15 15min, 243 hourly, 242 daily | Queue: 4
INFO:root:📊 STATUS: 5,774,931 received | 5,733,191 processed | 41740 buffered | 2408 active | ProcQ: 0 | DBQ: 4 | 575,929 saved | Failed: 0 | Vol: TEXINFRA:3,924, DPWIRES:3,180
INFO:root:⏰ Interval update (60s): 05:25:32 UTC
INFO:root:📤 Queued 46488 ticks from 2431 instruments | Processing queue: 1
ERROR:cache_service:Error setting OHLC batch: Object of type datetime is not JSON serializable
INFO:root:💾 Saved 500 records in 21.79s (23 rec/s) | 15 15min, 242 hourly, 243 daily | Queue: 4
ERROR:cache_service:Error setting OHLC batch: Object of type datetime is not JSON serializable
INFO:root:💾 Saved 500 records in 5.59s (90 rec/s) | 8 15min, 246 hourly, 246 daily | Queue: 5
ERROR:cache_service:Error setting OHLC batch: Object of type datetime is not JSON serializable
INFO:root:💾 Saved 500 records in 4.17s (120 rec/s) | 11 15min, 245 hourly, 244 daily | Queue: 5
ERROR:cache_service:Error setting OHLC batch: Object of type datetime is not JSON serializable
INFO:root:💾 Saved 500 records in 3.61s (138 rec/s) | 9 15min, 245 hourly, 246 daily | Queue: 5
ERROR:cache_service:Error setting OHLC batch: Object of type datetime is not JSON serializable
INFO:root:💾 Saved 358 records in 2.34s (153 rec/s) | 8 15min, 175 hourly, 175 daily | Queue: 5
ERROR:cache_service:Error setting OHLC batch: Object of type datetime is not JSON serializable
INFO:root:💾 Saved 500 records in 2.93s (171 rec/s) | 21 15min, 240 hourly, 239 daily | Queue: 4
ERROR:cache_service:Error setting OHLC batch: Object of type datetime is not JSON serializable
INFO:root:💾 Saved 500 records in 2.89s (173 rec/s) | 13 15min, 243 hourly, 244 daily | Queue: 4
INFO:root:📊 STATUS: 5,798,695 received | 5,779,679 processed | 19016 buffered | 2147 active | ProcQ: 0 | DBQ: 4 | 579,287 saved | Failed: 0 | Vol: TEXINFRA:3,924, DPWIRES:3,182
ERROR:cache_service:Error setting OHLC batch: Object of type datetime is not JSON serializable
INFO:root:💾 Saved 500 records in 2.69s (186 rec/s) | 17 15min, 242 hourly, 241 daily | Queue: 4
ERROR:cache_service:Error setting OHLC batch: Object of type datetime is not JSON serializable
INFO:root:💾 Saved 500 records in 2.25s (222 rec/s) | 14 15min, 243 hourly, 243 daily | Queue: 4
ERROR:cache_service:Error setting OHLC batch: Object of type datetime is not JSON serializable
INFO:root:💾 Saved 500 records in 2.42s (207 rec/s) | 15 15min, 242 hourly, 243 daily | Queue: 4
ERROR:cache_service:Error setting OHLC batch: Object of type datetime is not JSON serializable
INFO:root:💾 Saved 500 records in 1.93s (259 rec/s) | 17 15min, 242 hourly, 241 daily | Queue: 4
ERROR:cache_service:Error setting OHLC batch: Object of type datetime is not JSON serializable
INFO:root:💾 Saved 500 records in 1.05s (475 rec/s) | 6 15min, 247 hourly, 247 daily | Queue: 4
ERROR:cache_service:Error setting OHLC batch: Object of type datetime is not JSON serializable
INFO:root:💾 Saved 500 records in 1.26s (398 rec/s) | 12 15min, 244 hourly, 244 daily | Queue: 4
ERROR:cache_service:Error setting OHLC batch: Object of type datetime is not JSON serializable
INFO:root:💾 Saved 500 records in 1.11s (452 rec/s) | 9 15min, 245 hourly, 246 daily | Queue: 4
ERROR:cache_service:Error setting OHLC batch: Object of type datetime is not JSON serializable
INFO:root:💾 Saved 368 records in 0.95s (389 rec/s) | 8 15min, 180 hourly, 180 daily | Queue: 4
ERROR:cache_service:Error setting OHLC batch: Object of type datetime is not JSON serializable
INFO:root:💾 Saved 500 records in 1.17s (427 rec/s) | 21 15min, 240 hourly, 239 daily | Queue: 3
ERROR:cache_service:Error setting OHLC batch: Object of type datetime is not JSON serializable
INFO:root:💾 Saved 500 records in 1.06s (472 rec/s) | 13 15min, 243 hourly, 244 daily | Queue: 3
ERROR:cache_service:Error setting OHLC batch: Object of type datetime is not JSON serializable
INFO:root:💾 Saved 500 records in 1.09s (459 rec/s) | 17 15min, 242 hourly, 241 daily | Queue: 3
ERROR:cache_service:Error setting OHLC batch: Object of type datetime is not JSON serializable
INFO:root:💾 Saved 500 records in 1.32s (378 rec/s) | 15 15min, 242 hourly, 243 daily | Queue: 3
ERROR:cache_service:Error setting OHLC batch: Object of type datetime is not JSON serializable
INFO:root:💾 Saved 500 records in 2.52s (198 rec/s) | 15 15min, 243 hourly, 242 daily | Queue: 3
ERROR:cache_service:Error setting OHLC batch: Object of type datetime is not JSON serializable
INFO:root:💾 Saved 500 records in 5.54s (90 rec/s) | 17 15min, 241 hourly, 242 daily | Queue: 3
ERROR:cache_service:Error setting OHLC batch: Object of type datetime is not JSON serializable
INFO:root:💾 Saved 500 records in 4.27s (117 rec/s) | 6 15min, 247 hourly, 247 daily | Queue: 3
INFO:root:📊 STATUS: 5,822,413 received | 5,779,679 processed | 42734 buffered | 2350 active | ProcQ: 0 | DBQ: 3 | 586,655 saved | Failed: 0 | Vol: TEXINFRA:3,924, DPWIRES:3,182
ERROR:cache_service:Error setting OHLC batch: Object of type datetime is not JSON serializable
INFO:root:💾 Saved 500 records in 5.09s (98 rec/s) | 11 15min, 245 hourly, 244 daily | Queue: 3
INFO:root:⏰ Interval update (60s): 05:26:32 UTC
INFO:root:📤 Queued 47982 ticks from 2370 instruments | Processing queue: 1
ERROR:cache_service:Error setting OHLC batch: Object of type datetime is not JSON serializable
INFO:root:💾 Saved 500 records in 5.15s (97 rec/s) | 9 15min, 245 hourly, 246 daily | Queue: 4
ERROR:cache_service:Error setting OHLC batch: Object of type datetime is not JSON serializable
INFO:root:💾 Saved 376 records in 5.95s (63 rec/s) | 8 15min, 184 hourly, 184 daily | Queue: 4
ERROR:cache_service:Error setting OHLC batch: Object of type datetime is not JSON serializable
INFO:root:💾 Saved 500 records in 6.18s (81 rec/s) | 21 15min, 240 hourly, 239 daily | Queue: 3
ERROR:cache_service:Error setting OHLC batch: Object of type datetime is not JSON serializable
INFO:root:💾 Saved 500 records in 6.40s (78 rec/s) | 13 15min, 243 hourly, 244 daily | Queue: 3
INFO:root:📊 STATUS: 5,845,250 received | 5,827,661 processed | 17589 buffered | 2154 active | ProcQ: 0 | DBQ: 3 | 589,031 saved | Failed: 0 | Vol: TEXINFRA:3,924, DPWIRES:3,182
ERROR:cache_service:Error setting OHLC batch: Object of type datetime is not JSON serializable
INFO:root:💾 Saved 500 records in 4.11s (122 rec/s) | 17 15min, 242 hourly, 241 daily | Queue: 3
ERROR:cache_service:Error setting OHLC batch: Object of type datetime is not JSON serializable
INFO:root:💾 Saved 500 records in 3.81s (131 rec/s) | 15 15min, 242 hourly, 243 daily | Queue: 3
ERROR:cache_service:Error setting OHLC batch: Object of type datetime is not JSON serializable
INFO:root:💾 Saved 500 records in 3.79s (132 rec/s) | 15 15min, 243 hourly, 242 daily | Queue: 3
ERROR:cache_service:Error setting OHLC batch: Object of type datetime is not JSON serializable
INFO:root:💾 Saved 500 records in 13.25s (38 rec/s) | 17 15min, 241 hourly, 242 daily | Queue: 3
ERROR:cache_service:Error setting OHLC batch: Object of type datetime is not JSON serializable
INFO:root:💾 Saved 500 records in 3.67s (136 rec/s) | 9 15min, 246 hourly, 245 daily | Queue: 3
ERROR:cache_service:Error setting OHLC batch: Object of type datetime is not JSON serializable
INFO:root:💾 Saved 500 records in 3.47s (144 rec/s) | 8 15min, 246 hourly, 246 daily | Queue: 3
INFO:root:📊 STATUS: 5,868,087 received | 5,827,661 processed | 40426 buffered | 2353 active | ProcQ: 0 | DBQ: 3 | 592,031 saved | Failed: 0 | Vol: TEXINFRA:3,924, DPWIRES:3,182
ERROR:cache_service:Error setting OHLC batch: Object of type datetime is not JSON serializable
INFO:root:💾 Saved 500 records in 3.82s (131 rec/s) | 9 15min, 245 hourly, 246 daily | Queue: 3
ERROR:cache_service:Error setting OHLC batch: Object of type datetime is not JSON serializable
INFO:root:💾 Saved 318 records in 1.61s (197 rec/s) | 8 15min, 155 hourly, 155 daily | Queue: 3
INFO:root:⏰ Interval update (60s): 05:27:32 UTC
INFO:root:📤 Queued 45635 ticks from 2377 instruments | Processing queue: 1
ERROR:cache_service:Error setting OHLC batch: Object of type datetime is not JSON serializable
INFO:root:💾 Saved 500 records in 2.52s (199 rec/s) | 21 15min, 240 hourly, 239 daily | Queue: 3
ERROR:cache_service:Error setting OHLC batch: Object of type datetime is not JSON serializable
INFO:root:💾 Saved 500 records in 2.45s (204 rec/s) | 13 15min, 243 hourly, 244 daily | Queue: 3
ERROR:cache_service:Error setting OHLC batch: Object of type datetime is not JSON serializable
INFO:root:💾 Saved 500 records in 2.45s (204 rec/s) | 17 15min, 242 hourly, 241 daily | Queue: 3
ERROR:cache_service:Error setting OHLC batch: Object of type datetime is not JSON serializable
INFO:root:💾 Saved 500 records in 1.62s (309 rec/s) | 14 15min, 243 hourly, 243 daily | Queue: 3
ERROR:cache_service:Error setting OHLC batch: Object of type datetime is not JSON serializable
INFO:root:💾 Saved 500 records in 1.78s (281 rec/s) | 15 15min, 242 hourly, 243 daily | Queue: 3
ERROR:cache_service:Error setting OHLC batch: Object of type datetime is not JSON serializable
INFO:root:💾 Saved 500 records in 1.18s (425 rec/s) | 14 15min, 243 hourly, 243 daily | Queue: 3
ERROR:cache_service:Error setting OHLC batch: Object of type datetime is not JSON serializable
INFO:root:💾 Saved 500 records in 0.40s (1235 rec/s) | 9 15min, 246 hourly, 245 daily | Queue: 3
ERROR:cache_service:Error setting OHLC batch: Object of type datetime is not JSON serializable
INFO:root:💾 Saved 500 records in 0.54s (931 rec/s) | 12 15min, 244 hourly, 244 daily | Queue: 3
ERROR:cache_service:Error setting OHLC batch: Object of type datetime is not JSON serializable
INFO:root:💾 Saved 500 records in 0.38s (1301 rec/s) | 9 15min, 245 hourly, 246 daily | Queue: 3
ERROR:cache_service:Error setting OHLC batch: Object of type datetime is not JSON serializable
INFO:root:💾 Saved 366 records in 0.23s (1585 rec/s) | 8 15min, 179 hourly, 179 daily | Queue: 3
ERROR:cache_service:Error setting OHLC batch: Object of type datetime is not JSON serializable
INFO:root:💾 Saved 500 records in 0.23s (2187 rec/s) | 21 15min, 240 hourly, 239 daily | Queue: 2
ERROR:cache_service:Error setting OHLC batch: Object of type datetime is not JSON serializable
INFO:root:💾 Saved 500 records in 0.23s (2135 rec/s) | 13 15min, 243 hourly, 244 daily | Queue: 2
ERROR:cache_service:Error setting OHLC batch: Object of type datetime is not JSON serializable
INFO:root:💾 Saved 500 records in 0.41s (1226 rec/s) | 17 15min, 242 hourly, 241 daily | Queue: 2
ERROR:cache_service:Error setting OHLC batch: Object of type datetime is not JSON serializable
INFO:root:💾 Saved 500 records in 0.30s (1668 rec/s) | 14 15min, 243 hourly, 243 daily | Queue: 2
ERROR:cache_service:Error setting OHLC batch: Object of type datetime is not JSON serializable
INFO:root:💾 Saved 500 records in 0.25s (2015 rec/s) | 11 15min, 244 hourly, 245 daily | Queue: 2
ERROR:cache_service:Error setting OHLC batch: Object of type datetime is not JSON serializable
INFO:root:💾 Saved 500 records in 0.23s (2181 rec/s) | 18 15min, 241 hourly, 241 daily | Queue: 2
ERROR:cache_service:Error setting OHLC batch: Object of type datetime is not JSON serializable
INFO:root:💾 Saved 500 records in 0.19s (2652 rec/s) | 10 15min, 245 hourly, 245 daily | Queue: 2
ERROR:cache_service:Error setting OHLC batch: Object of type datetime is not JSON serializable
INFO:root:💾 Saved 500 records in 0.16s (3066 rec/s) | 11 15min, 245 hourly, 244 daily | Queue: 2
ERROR:cache_service:Error setting OHLC batch: Object of type datetime is not JSON serializable
INFO:root:💾 Saved 500 records in 0.17s (2987 rec/s) | 9 15min, 245 hourly, 246 daily | Queue: 2
ERROR:cache_service:Error setting OHLC batch: Object of type datetime is not JSON serializable
INFO:root:💾 Saved 494 records in 0.22s (2258 rec/s) | 8 15min, 243 hourly, 243 daily | Queue: 2
ERROR:cache_service:Error setting OHLC batch: Object of type datetime is not JSON serializable
INFO:root:💾 Saved 500 records in 0.17s (2918 rec/s) | 21 15min, 240 hourly, 239 daily | Queue: 1
ERROR:cache_service:Error setting OHLC batch: Object of type datetime is not JSON serializable
INFO:root:💾 Saved 500 records in 0.15s (3263 rec/s) | 13 15min, 243 hourly, 244 daily | Queue: 1
ERROR:cache_service:Error setting OHLC batch: Object of type datetime is not JSON serializable
INFO:root:💾 Saved 500 records in 0.16s (3093 rec/s) | 17 15min, 242 hourly, 241 daily | Queue: 1
ERROR:cache_service:Error setting OHLC batch: Object of type datetime is not JSON serializable
INFO:root:💾 Saved 500 records in 0.17s (2961 rec/s) | 15 15min, 242 hourly, 243 daily | Queue: 1
ERROR:cache_service:Error setting OHLC batch: Object of type datetime is not JSON serializable
INFO:root:💾 Saved 500 records in 0.17s (2950 rec/s) | 15 15min, 243 hourly, 242 daily | Queue: 1
ERROR:cache_service:Error setting OHLC batch: Object of type datetime is not JSON serializable
INFO:root:💾 Saved 500 records in 0.16s (3182 rec/s) | 17 15min, 241 hourly, 242 daily | Queue: 1
ERROR:cache_service:Error setting OHLC batch: Object of type datetime is not JSON serializable
INFO:root:💾 Saved 500 records in 0.12s (4119 rec/s) | 6 15min, 247 hourly, 247 daily | Queue: 1
ERROR:cache_service:Error setting OHLC batch: Object of type datetime is not JSON serializable
INFO:root:💾 Saved 500 records in 0.15s (3264 rec/s) | 11 15min, 245 hourly, 244 daily | Queue: 1
ERROR:cache_service:Error setting OHLC batch: Object of type datetime is not JSON serializable
INFO:root:💾 Saved 500 records in 0.15s (3304 rec/s) | 9 15min, 245 hourly, 246 daily | Queue: 1
ERROR:cache_service:Error setting OHLC batch: Object of type datetime is not JSON serializable
INFO:root:💾 Saved 372 records in 0.11s (3365 rec/s) | 8 15min, 182 hourly, 182 daily | Queue: 1
ERROR:cache_service:Error setting OHLC batch: Object of type datetime is not JSON serializable
INFO:root:💾 Saved 500 records in 0.11s (4642 rec/s) | 21 15min, 240 hourly, 239 daily | Queue: 0
ERROR:cache_service:Error setting OHLC batch: Object of type datetime is not JSON serializable
INFO:root:💾 Saved 500 records in 0.12s (4239 rec/s) | 13 15min, 243 hourly, 244 daily | Queue: 0
ERROR:cache_service:Error setting OHLC batch: Object of type datetime is not JSON serializable
INFO:root:💾 Saved 500 records in 0.09s (5407 rec/s) | 17 15min, 242 hourly, 241 daily | Queue: 0
ERROR:cache_service:Error setting OHLC batch: Object of type datetime is not JSON serializable
INFO:root:💾 Saved 500 records in 0.13s (3849 rec/s) | 15 15min, 242 hourly, 243 daily | Queue: 0
ERROR:cache_service:Error setting OHLC batch: Object of type datetime is not JSON serializable
INFO:root:💾 Saved 500 records in 0.12s (4260 rec/s) | 15 15min, 243 hourly, 242 daily | Queue: 0
ERROR:cache_service:Error setting OHLC batch: Object of type datetime is not JSON serializable
INFO:root:💾 Saved 500 records in 0.12s (4249 rec/s) | 13 15min, 243 hourly, 244 daily | Queue: 0
ERROR:cache_service:Error setting OHLC batch: Object of type datetime is not JSON serializable
INFO:root:💾 Saved 500 records in 0.13s (3997 rec/s) | 10 15min, 245 hourly, 245 daily | Queue: 0
ERROR:cache_service:Error setting OHLC batch: Object of type datetime is not JSON serializable
INFO:root:💾 Saved 500 records in 0.14s (3537 rec/s) | 11 15min, 245 hourly, 244 daily | Queue: 0
ERROR:cache_service:Error setting OHLC batch: Object of type datetime is not JSON serializable
INFO:root:💾 Saved 500 records in 0.15s (3358 rec/s) | 9 15min, 245 hourly, 246 daily | Queue: 0
ERROR:cache_service:Error setting OHLC batch: Object of type datetime is not JSON serializable
INFO:root:💾 Saved 386 records in 0.11s (3395 rec/s) | 8 15min, 189 hourly, 189 daily | Queue: 0
INFO:root:📊 STATUS: 5,891,078 received | 5,873,296 processed | 17782 buffered | 2120 active | ProcQ: 0 | DBQ: 0 | 612,467 saved | Failed: 0 | Vol: TEXINFRA:3,924, DPWIRES:3,182
INFO:root:📊 STATUS: 5,913,753 received | 5,873,296 processed | 40457 buffered | 2342 active | ProcQ: 0 | DBQ: 0 | 612,467 saved | Failed: 0 | Vol: TEXINFRA:3,924, DPWIRES:3,182
INFO:root:⏰ Interval update (60s): 05:28:32 UTC
INFO:root:📤 Queued 45747 ticks from 2375 instruments | Processing queue: 1
ERROR:cache_service:Error setting OHLC batch: Object of type datetime is not JSON serializable
INFO:root:💾 Saved 500 records in 0.25s (1999 rec/s) | 21 15min, 240 hourly, 239 daily | Queue: 0
ERROR:cache_service:Error setting OHLC batch: Object of type datetime is not JSON serializable
INFO:root:💾 Saved 500 records in 0.14s (3691 rec/s) | 13 15min, 243 hourly, 244 daily | Queue: 0
ERROR:cache_service:Error setting OHLC batch: Object of type datetime is not JSON serializable
INFO:root:💾 Saved 500 records in 0.11s (4653 rec/s) | 17 15min, 242 hourly, 241 daily | Queue: 0
ERROR:cache_service:Error setting OHLC batch: Object of type datetime is not JSON serializable
INFO:root:💾 Saved 500 records in 0.09s (5671 rec/s) | 15 15min, 242 hourly, 243 daily | Queue: 0
ERROR:cache_service:Error setting OHLC batch: Object of type datetime is not JSON serializable
INFO:root:💾 Saved 500 records in 0.11s (4653 rec/s) | 15 15min, 243 hourly, 242 daily | Queue: 0
ERROR:cache_service:Error setting OHLC batch: Object of type datetime is not JSON serializable
INFO:root:💾 Saved 500 records in 0.10s (5141 rec/s) | 13 15min, 243 hourly, 244 daily | Queue: 0
ERROR:cache_service:Error setting OHLC batch: Object of type datetime is not JSON serializable
INFO:root:💾 Saved 500 records in 0.10s (5243 rec/s) | 10 15min, 245 hourly, 245 daily | Queue: 0
ERROR:cache_service:Error setting OHLC batch: Object of type datetime is not JSON serializable
INFO:root:💾 Saved 500 records in 0.10s (4855 rec/s) | 11 15min, 245 hourly, 244 daily | Queue: 0
ERROR:cache_service:Error setting OHLC batch: Object of type datetime is not JSON serializable
INFO:root:💾 Saved 500 records in 0.09s (5652 rec/s) | 9 15min, 245 hourly, 246 daily | Queue: 0
ERROR:cache_service:Error setting OHLC batch: Object of type datetime is not JSON serializable
INFO:root:💾 Saved 382 records in 0.05s (7005 rec/s) | 8 15min, 187 hourly, 187 daily | Queue: 0
INFO:root:📊 STATUS: 5,938,614 received | 5,919,043 processed | 19571 buffered | 2049 active | ProcQ: 0 | DBQ: 0 | 617,349 saved | Failed: 0 | Vol: TEXINFRA:3,924, DPWIRES:3,182
INFO:root:📊 STATUS: 5,963,010 received | 5,919,043 processed | 43967 buffered | 2324 active | ProcQ: 0 | DBQ: 0 | 617,349 saved | Failed: 0 | Vol: TEXINFRA:3,924, DPWIRES:3,182
INFO:root:⏰ Interval update (60s): 05:29:32 UTC
INFO:root:📤 Queued 49211 ticks from 2350 instruments | Processing queue: 1
ERROR:cache_service:Error setting OHLC batch: Object of type datetime is not JSON serializable
INFO:root:💾 Saved 500 records in 0.08s (6185 rec/s) | 21 15min, 240 hourly, 239 daily | Queue: 0
ERROR:cache_service:Error setting OHLC batch: Object of type datetime is not JSON serializable
INFO:root:💾 Saved 500 records in 0.10s (5259 rec/s) | 13 15min, 243 hourly, 244 daily | Queue: 0
ERROR:cache_service:Error setting OHLC batch: Object of type datetime is not JSON serializable
INFO:root:💾 Saved 500 records in 0.09s (5404 rec/s) | 17 15min, 242 hourly, 241 daily | Queue: 0
ERROR:cache_service:Error setting OHLC batch: Object of type datetime is not JSON serializable
INFO:root:💾 Saved 500 records in 0.12s (4273 rec/s) | 15 15min, 242 hourly, 243 daily | Queue: 0
ERROR:cache_service:Error setting OHLC batch: Object of type datetime is not JSON serializable
INFO:root:💾 Saved 500 records in 0.10s (4825 rec/s) | 15 15min, 243 hourly, 242 daily | Queue: 0
ERROR:cache_service:Error setting OHLC batch: Object of type datetime is not JSON serializable
INFO:root:💾 Saved 500 records in 0.09s (5314 rec/s) | 16 15min, 242 hourly, 242 daily | Queue: 0
ERROR:cache_service:Error setting OHLC batch: Object of type datetime is not JSON serializable
INFO:root:💾 Saved 500 records in 0.09s (5337 rec/s) | 7 15min, 246 hourly, 247 daily | Queue: 0
ERROR:cache_service:Error setting OHLC batch: Object of type datetime is not JSON serializable
INFO:root:💾 Saved 500 records in 0.08s (6162 rec/s) | 11 15min, 245 hourly, 244 daily | Queue: 0
ERROR:cache_service:Error setting OHLC batch: Object of type datetime is not JSON serializable
INFO:root:💾 Saved 500 records in 0.06s (7877 rec/s) | 9 15min, 245 hourly, 246 daily | Queue: 0
ERROR:cache_service:Error setting OHLC batch: Object of type datetime is not JSON serializable
INFO:root:💾 Saved 332 records in 0.05s (6179 rec/s) | 8 15min, 162 hourly, 162 daily | Queue: 0
INFO:root:📊 STATUS: 5,986,451 received | 5,968,254 processed | 18197 buffered | 2100 active | ProcQ: 0 | DBQ: 0 | 622,181 saved | Failed: 0 | Vol: TEXINFRA:3,924, DPWIRES:3,504
INFO:root:📊 STATUS: 6,009,673 received | 5,968,254 processed | 41419 buffered | 2327 active | ProcQ: 0 | DBQ: 0 | 622,181 saved | Failed: 0 | Vol: TEXINFRA:3,924, DPWIRES:3,504
INFO:root:⏰ Interval update (60s): 05:30:33 UTC
INFO:root:📤 Queued 46216 ticks from 2351 instruments | Processing queue: 1
ERROR:cache_service:Error setting OHLC batch: Object of type datetime is not JSON serializable
INFO:root:💾 Saved 500 records in 0.05s (9294 rec/s) | 21 15min, 240 hourly, 239 daily | Queue: 0
ERROR:cache_service:Error setting OHLC batch: Object of type datetime is not JSON serializable
INFO:root:💾 Saved 500 records in 0.09s (5384 rec/s) | 13 15min, 243 hourly, 244 daily | Queue: 0
ERROR:cache_service:Error setting OHLC batch: Object of type datetime is not JSON serializable
INFO:root:💾 Saved 500 records in 0.07s (7134 rec/s) | 17 15min, 242 hourly, 241 daily | Queue: 0
ERROR:cache_service:Error setting OHLC batch: Object of type datetime is not JSON serializable
INFO:root:💾 Saved 500 records in 0.06s (8435 rec/s) | 15 15min, 242 hourly, 243 daily | Queue: 0
ERROR:cache_service:Error setting OHLC batch: Object of type datetime is not JSON serializable
INFO:root:💾 Saved 500 records in 0.06s (8642 rec/s) | 15 15min, 243 hourly, 242 daily | Queue: 0
ERROR:cache_service:Error setting OHLC batch: Object of type datetime is not JSON serializable
INFO:root:💾 Saved 500 records in 0.05s (10771 rec/s) | 13 15min, 243 hourly, 244 daily | Queue: 0
ERROR:cache_service:Error setting OHLC batch: Object of type datetime is not JSON serializable
INFO:root:💾 Saved 500 records in 0.07s (6941 rec/s) | 10 15min, 245 hourly, 245 daily | Queue: 0
ERROR:cache_service:Error setting OHLC batch: Object of type datetime is not JSON serializable
INFO:root:💾 Saved 500 records in 0.07s (7474 rec/s) | 11 15min, 245 hourly, 244 daily | Queue: 0
ERROR:cache_service:Error setting OHLC batch: Object of type datetime is not JSON serializable
INFO:root:💾 Saved 500 records in 0.08s (6559 rec/s) | 9 15min, 245 hourly, 246 daily | Queue: 0
ERROR:cache_service:Error setting OHLC batch: Object of type datetime is not JSON serializable
INFO:root:💾 Saved 334 records in 0.04s (8657 rec/s) | 8 15min, 163 hourly, 163 daily | Queue: 0
INFO:root:📊 STATUS: 6,032,630 received | 6,014,470 processed | 18160 buffered | 2110 active | ProcQ: 0 | DBQ: 0 | 627,015 saved | Failed: 0 | Vol: TEXINFRA:3,924, DPWIRES:3,504
INFO:root:📊 STATUS: 6,055,912 received | 6,014,470 processed | 41442 buffered | 2334 active | ProcQ: 0 | DBQ: 0 | 627,015 saved | Failed: 0 | Vol: TEXINFRA:3,924, DPWIRES:3,504
INFO:root:⏰ Interval update (60s): 05:31:33 UTC
INFO:root:📤 Queued 46098 ticks from 2358 instruments | Processing queue: 1
ERROR:cache_service:Error setting OHLC batch: Object of type datetime is not JSON serializable
INFO:root:💾 Saved 500 records in 2.08s (240 rec/s) | 21 15min, 240 hourly, 239 daily | Queue: 0
ERROR:cache_service:Error setting OHLC batch: Object of type datetime is not JSON serializable
INFO:root:💾 Saved 500 records in 1.68s (297 rec/s) | 13 15min, 243 hourly, 244 daily | Queue: 0
ERROR:cache_service:Error setting OHLC batch: Object of type datetime is not JSON serializable
INFO:root:💾 Saved 500 records in 1.29s (387 rec/s) | 17 15min, 242 hourly, 241 daily | Queue: 0
ERROR:cache_service:Error setting OHLC batch: Object of type datetime is not JSON serializable
INFO:root:💾 Saved 500 records in 1.19s (420 rec/s) | 15 15min, 242 hourly, 243 daily | Queue: 0
ERROR:cache_service:Error setting OHLC batch: Object of type datetime is not JSON serializable
INFO:root:💾 Saved 500 records in 1.16s (431 rec/s) | 15 15min, 243 hourly, 242 daily | Queue: 0
ERROR:cache_service:Error setting OHLC batch: Object of type datetime is not JSON serializable
INFO:root:💾 Saved 500 records in 1.27s (393 rec/s) | 14 15min, 243 hourly, 243 daily | Queue: 0
ERROR:cache_service:Error setting OHLC batch: Object of type datetime is not JSON serializable
INFO:root:💾 Saved 500 records in 0.89s (564 rec/s) | 9 15min, 245 hourly, 246 daily | Queue: 0
ERROR:cache_service:Error setting OHLC batch: Object of type datetime is not JSON serializable
INFO:root:💾 Saved 500 records in 0.79s (633 rec/s) | 11 15min, 245 hourly, 244 daily | Queue: 0
ERROR:cache_service:Error setting OHLC batch: Object of type datetime is not JSON serializable
INFO:root:💾 Saved 500 records in 0.73s (689 rec/s) | 9 15min, 245 hourly, 246 daily | Queue: 0
ERROR:cache_service:Error setting OHLC batch: Object of type datetime is not JSON serializable
INFO:root:💾 Saved 348 records in 0.54s (643 rec/s) | 8 15min, 170 hourly, 170 daily | Queue: 0
INFO:root:📊 STATUS: 6,080,821 received | 6,060,568 processed | 20253 buffered | 2014 active | ProcQ: 0 | DBQ: 0 | 631,863 saved | Failed: 0 | Vol: TEXINFRA:5,563, DPWIRES:3,504
INFO:root:📊 STATUS: 6,105,023 received | 6,060,568 processed | 44455 buffered | 2322 active | ProcQ: 0 | DBQ: 0 | 631,863 saved | Failed: 0 | Vol: TEXINFRA:5,563, DPWIRES:3,504
INFO:root:⏰ Interval update (60s): 05:32:33 UTC
INFO:root:📤 Queued 49130 ticks from 2349 instruments | Processing queue: 1
ERROR:cache_service:Error setting OHLC batch: Object of type datetime is not JSON serializable
INFO:root:💾 Saved 500 records in 1.12s (446 rec/s) | 21 15min, 240 hourly, 239 daily | Queue: 0
ERROR:cache_service:Error setting OHLC batch: Object of type datetime is not JSON serializable
INFO:root:💾 Saved 500 records in 0.52s (959 rec/s) | 13 15min, 243 hourly, 244 daily | Queue: 0
ERROR:cache_service:Error setting OHLC batch: Object of type datetime is not JSON serializable
INFO:root:💾 Saved 500 records in 0.47s (1061 rec/s) | 17 15min, 242 hourly, 241 daily | Queue: 0
ERROR:cache_service:Error setting OHLC batch: Object of type datetime is not JSON serializable
INFO:root:💾 Saved 500 records in 0.40s (1241 rec/s) | 15 15min, 242 hourly, 243 daily | Queue: 0
ERROR:cache_service:Error setting OHLC batch: Object of type datetime is not JSON serializable
INFO:root:💾 Saved 500 records in 0.45s (1106 rec/s) | 15 15min, 243 hourly, 242 daily | Queue: 0
ERROR:cache_service:Error setting OHLC batch: Object of type datetime is not JSON serializable
INFO:root:💾 Saved 500 records in 0.42s (1179 rec/s) | 17 15min, 241 hourly, 242 daily | Queue: 0
ERROR:cache_service:Error setting OHLC batch: Object of type datetime is not JSON serializable
INFO:root:💾 Saved 500 records in 0.30s (1682 rec/s) | 9 15min, 246 hourly, 245 daily | Queue: 0
ERROR:cache_service:Error setting OHLC batch: Object of type datetime is not JSON serializable
INFO:root:💾 Saved 500 records in 0.40s (1260 rec/s) | 8 15min, 246 hourly, 246 daily | Queue: 0
ERROR:cache_service:Error setting OHLC batch: Object of type datetime is not JSON serializable
INFO:root:💾 Saved 500 records in 0.28s (1807 rec/s) | 9 15min, 245 hourly, 246 daily | Queue: 0
ERROR:cache_service:Error setting OHLC batch: Object of type datetime is not JSON serializable
INFO:root:💾 Saved 330 records in 0.14s (2347 rec/s) | 8 15min, 161 hourly, 161 daily | Queue: 0
INFO:root:📊 STATUS: 6,128,305 received | 6,109,698 processed | 18607 buffered | 2104 active | ProcQ: 0 | DBQ: 0 | 636,693 saved | Failed: 0 | Vol: TEXINFRA:5,563, DPWIRES:3,525
INFO:root:📊 STATUS: 6,151,454 received | 6,109,698 processed | 41756 buffered | 2332 active | ProcQ: 0 | DBQ: 0 | 636,693 saved | Failed: 0 | Vol: TEXINFRA:5,563, DPWIRES:3,525
INFO:root:⏰ Interval update (60s): 05:33:33 UTC
INFO:root:📤 Queued 46300 ticks from 2356 instruments | Processing queue: 1
ERROR:cache_service:Error setting OHLC batch: Object of type datetime is not JSON serializable
INFO:root:💾 Saved 500 records in 5.99s (84 rec/s) | 21 15min, 240 hourly, 239 daily | Queue: 0
ERROR:cache_service:Error setting OHLC batch: Object of type datetime is not JSON serializable
INFO:root:💾 Saved 500 records in 6.14s (81 rec/s) | 13 15min, 243 hourly, 244 daily | Queue: 0
ERROR:cache_service:Error setting OHLC batch: Object of type datetime is not JSON serializable
INFO:root:💾 Saved 500 records in 5.23s (96 rec/s) | 17 15min, 242 hourly, 241 daily | Queue: 0
ERROR:cache_service:Error setting OHLC batch: Object of type datetime is not JSON serializable
INFO:root:💾 Saved 500 records in 2.23s (224 rec/s) | 15 15min, 242 hourly, 243 daily | Queue: 0
ERROR:cache_service:Error setting OHLC batch: Object of type datetime is not JSON serializable
INFO:root:💾 Saved 500 records in 1.92s (261 rec/s) | 15 15min, 243 hourly, 242 daily | Queue: 0
ERROR:cache_service:Error setting OHLC batch: Object of type datetime is not JSON serializable
INFO:root:💾 Saved 500 records in 1.61s (311 rec/s) | 17 15min, 241 hourly, 242 daily | Queue: 0
INFO:root:📊 STATUS: 6,174,557 received | 6,155,998 processed | 18559 buffered | 2091 active | ProcQ: 0 | DBQ: 0 | 639,693 saved | Failed: 0 | Vol: TEXINFRA:5,563, DPWIRES:3,525
ERROR:cache_service:Error setting OHLC batch: Object of type datetime is not JSON serializable
INFO:root:💾 Saved 500 records in 2.02s (248 rec/s) | 6 15min, 247 hourly, 247 daily | Queue: 0
ERROR:cache_service:Error setting OHLC batch: Object of type datetime is not JSON serializable
INFO:root:💾 Saved 500 records in 1.90s (264 rec/s) | 11 15min, 245 hourly, 244 daily | Queue: 0
ERROR:cache_service:Error setting OHLC batch: Object of type datetime is not JSON serializable
INFO:root:💾 Saved 500 records in 1.99s (251 rec/s) | 9 15min, 245 hourly, 246 daily | Queue: 0
ERROR:cache_service:Error setting OHLC batch: Object of type datetime is not JSON serializable
INFO:root:💾 Saved 344 records in 2.45s (141 rec/s) | 8 15min, 168 hourly, 168 daily | Queue: 0
INFO:root:📊 STATUS: 6,197,390 received | 6,155,998 processed | 41392 buffered | 2298 active | ProcQ: 0 | DBQ: 0 | 641,537 saved | Failed: 0 | Vol: TEXINFRA:5,563, DPWIRES:3,525
INFO:root:⏰ Interval update (60s): 05:34:33 UTC
INFO:root:📤 Queued 45432 ticks from 2314 instruments | Processing queue: 1
INFO:root:📊 STATUS: 6,221,583 received | 6,201,430 processed | 20153 buffered | 2095 active | ProcQ: 0 | DBQ: 0 | 641,537 saved | Failed: 0 | Vol: TEXINFRA:5,563, DPWIRES:3,545
INFO:root:📊 STATUS: 6,245,437 received | 6,201,430 processed | 44007 buffered | 2332 active | ProcQ: 0 | DBQ: 0 | 641,537 saved | Failed: 0 | Vol: TEXINFRA:5,563, DPWIRES:3,545
INFO:root:⏰ Interval update (60s): 05:35:33 UTC
INFO:root:📤 Queued 48429 ticks from 2352 instruments | Processing queue: 1
ERROR:cache_service:Error setting OHLC batch: Object of type datetime is not JSON serializable
INFO:root:💾 Saved 500 records in 63.20s (8 rec/s) | 21 15min, 240 hourly, 239 daily | Queue: 1
INFO:root:📊 STATUS: 6,268,076 received | 6,249,859 processed | 18217 buffered | 2078 active | ProcQ: 0 | DBQ: 1 | 642,037 saved | Failed: 0 | Vol: TEXINFRA:5,563, DPWIRES:3,545
ERROR:cache_service:Error setting OHLC batch: Object of type datetime is not JSON serializable
INFO:root:💾 Saved 500 records in 33.47s (15 rec/s) | 13 15min, 243 hourly, 244 daily | Queue: 1
INFO:root:📊 STATUS: 6,291,031 received | 6,249,859 processed | 41172 buffered | 2344 active | ProcQ: 0 | DBQ: 1 | 642,537 saved | Failed: 0 | Vol: TEXINFRA:5,563, DPWIRES:3,545
INFO:root:⏰ Interval update (60s): 05:36:33 UTC
INFO:root:📤 Queued 45683 ticks from 2368 instruments | Processing queue: 1
ERROR:cache_service:Error setting OHLC batch: Object of type datetime is not JSON serializable
INFO:root:💾 Saved 500 records in 41.11s (12 rec/s) | 17 15min, 242 hourly, 241 daily | Queue: 2
INFO:root:📊 STATUS: 6,314,007 received | 6,295,542 processed | 18465 buffered | 2094 active | ProcQ: 0 | DBQ: 2 | 643,037 saved | Failed: 0 | Vol: TEXINFRA:5,563, DPWIRES:3,555
ERROR:cache_service:Error setting OHLC batch: Object of type datetime is not JSON serializable
INFO:root:💾 Saved 500 records in 16.13s (31 rec/s) | 15 15min, 242 hourly, 243 daily | Queue: 2
INFO:root:📊 STATUS: 6,337,035 received | 6,295,542 processed | 41493 buffered | 2309 active | ProcQ: 0 | DBQ: 2 | 643,537 saved | Failed: 0 | Vol: TEXINFRA:5,563, DPWIRES:3,555
INFO:root:⏰ Interval update (60s): 05:37:34 UTC
INFO:root:📤 Queued 46172 ticks from 2338 instruments | Processing queue: 1
ERROR:cache_service:Error setting OHLC batch: Object of type datetime is not JSON serializable
INFO:root:💾 Saved 500 records in 28.26s (18 rec/s) | 19 15min, 241 hourly, 240 daily | Queue: 3
ERROR:cache_service:Error setting OHLC batch: Object of type datetime is not JSON serializable
INFO:root:💾 Saved 500 records in 16.01s (31 rec/s) | 13 15min, 243 hourly, 244 daily | Queue: 3
ERROR:cache_service:Error setting OHLC batch: Object of type datetime is not JSON serializable
INFO:root:💾 Saved 500 records in 5.60s (89 rec/s) | 9 15min, 246 hourly, 245 daily | Queue: 3
INFO:root:📊 STATUS: 6,361,501 received | 6,341,714 processed | 19787 buffered | 2095 active | ProcQ: 0 | DBQ: 3 | 645,037 saved | Failed: 0 | Vol: TEXINFRA:5,563, DPWIRES:3,555
INFO:root:📊 STATUS: 6,386,064 received | 6,341,714 processed | 44350 buffered | 2328 active | ProcQ: 0 | DBQ: 3 | 645,037 saved | Failed: 0 | Vol: TEXINFRA:5,563, DPWIRES:3,555
INFO:root:⏰ Interval update (60s): 05:38:34 UTC
INFO:root:📤 Queued 48595 ticks from 2344 instruments | Processing queue: 1
INFO:root:📊 STATUS: 6,409,001 received | 6,390,309 processed | 18692 buffered | 2138 active | ProcQ: 0 | DBQ: 4 | 645,037 saved | Failed: 0 | Vol: TEXINFRA:5,563, DPWIRES:3,555
ERROR:cache_service:Error setting OHLC batch: Object of type datetime is not JSON serializable
INFO:root:💾 Saved 500 records in 76.08s (7 rec/s) | 11 15min, 244 hourly, 245 daily | Queue: 4
INFO:root:📊 STATUS: 6,431,835 received | 6,390,309 processed | 41526 buffered | 2412 active | ProcQ: 0 | DBQ: 4 | 645,537 saved | Failed: 0 | Vol: TEXINFRA:5,563, DPWIRES:3,555
INFO:root:⏰ Interval update (60s): 05:39:34 UTC
INFO:root:📤 Queued 45891 ticks from 2436 instruments | Processing queue: 1
INFO:root:📊 STATUS: 6,454,533 received | 6,436,200 processed | 18333 buffered | 2118 active | ProcQ: 0 | DBQ: 5 | 645,537 saved | Failed: 0 | Vol: TEXINFRA:5,563, DPWIRES:3,555
INFO:root:📊 STATUS: 6,477,261 received | 6,436,200 processed | 41061 buffered | 2318 active | ProcQ: 0 | DBQ: 5 | 645,537 saved | Failed: 0 | Vol: TEXINFRA:5,563, DPWIRES:3,555
INFO:root:⏰ Interval update (60s): 05:40:34 UTC
INFO:root:📤 Queued 45358 ticks from 2340 instruments | Processing queue: 1
ERROR:cache_service:Error setting OHLC batch: Object of type datetime is not JSON serializable
INFO:root:💾 Saved 500 records in 92.33s (5 rec/s) | 10 15min, 245 hourly, 245 daily | Queue: 6
INFO:root:📊 STATUS: 6,502,721 received | 6,481,558 processed | 21163 buffered | 2113 active | ProcQ: 0 | DBQ: 6 | 646,037 saved | Failed: 0 | Vol: TEXINFRA:5,563, DPWIRES:3,555
ERROR:cache_service:Error setting OHLC batch: Object of type datetime is not JSON serializable
INFO:root:💾 Saved 260 records in 16.38s (16 rec/s) | 4 15min, 128 hourly, 128 daily | Queue: 6
ERROR:cache_service:Error setting OHLC batch: Object of type datetime is not JSON serializable
INFO:root:💾 Saved 500 records in 14.88s (34 rec/s) | 21 15min, 240 hourly, 239 daily | Queue: 5
INFO:root:📊 STATUS: 6,526,743 received | 6,481,558 processed | 45185 buffered | 2326 active | ProcQ: 0 | DBQ: 5 | 646,797 saved | Failed: 0 | Vol: TEXINFRA:5,563, DPWIRES:3,555
INFO:root:⏰ Interval update (60s): 05:41:34 UTC
INFO:root:📤 Queued 48973 ticks from 2347 instruments | Processing queue: 1
INFO:root:📊 STATUS: 6,549,636 received | 6,530,531 processed | 19105 buffered | 2079 active | ProcQ: 0 | DBQ: 6 | 646,797 saved | Failed: 0 | Vol: TEXINFRA:5,563, DPWIRES:3,555
INFO:root:📊 STATUS: 6,572,970 received | 6,530,531 processed | 42439 buffered | 2340 active | ProcQ: 0 | DBQ: 6 | 646,797 saved | Failed: 0 | Vol: TEXINFRA:5,563, DPWIRES:3,555
INFO:root:⏰ Interval update (60s): 05:42:35 UTC
INFO:root:📤 Queued 46162 ticks from 2351 instruments | Processing queue: 1
INFO:root:📊 STATUS: 6,595,547 received | 6,576,693 processed | 18854 buffered | 2095 active | ProcQ: 0 | DBQ: 7 | 646,797 saved | Failed: 0 | Vol: TEXINFRA:6,593, DPWIRES:3,555
ERROR:cache_service:Error setting OHLC batch: Object of type datetime is not JSON serializable
INFO:root:💾 Saved 500 records in 108.49s (5 rec/s) | 13 15min, 243 hourly, 244 daily | Queue: 7
ERROR:cache_service:Error setting OHLC batch: Object of type datetime is not JSON serializable
INFO:root:💾 Saved 500 records in 23.07s (22 rec/s) | 17 15min, 242 hourly, 241 daily | Queue: 7
INFO:root:📊 STATUS: 6,618,170 received | 6,576,693 processed | 41477 buffered | 2320 active | ProcQ: 0 | DBQ: 7 | 647,797 saved | Failed: 0 | Vol: TEXINFRA:6,593, DPWIRES:3,555
ERROR:cache_service:Error setting OHLC batch: Object of type datetime is not JSON serializable
INFO:root:💾 Saved 500 records in 4.79s (104 rec/s) | 15 15min, 242 hourly, 243 daily | Queue: 7
INFO:root:⏰ Interval update (60s): 05:43:35 UTC
INFO:root:📤 Queued 45288 ticks from 2337 instruments | Processing queue: 1
ERROR:cache_service:Error setting OHLC batch: Object of type datetime is not JSON serializable
INFO:root:💾 Saved 500 records in 5.11s (98 rec/s) | 15 15min, 243 hourly, 242 daily | Queue: 8
ERROR:cache_service:Error setting OHLC batch: Object of type datetime is not JSON serializable
INFO:root:💾 Saved 500 records in 4.58s (109 rec/s) | 17 15min, 241 hourly, 242 daily | Queue: 8
ERROR:cache_service:Error setting OHLC batch: Object of type datetime is not JSON serializable
INFO:root:💾 Saved 500 records in 4.22s (119 rec/s) | 9 15min, 246 hourly, 245 daily | Queue: 8
ERROR:cache_service:Error setting OHLC batch: Object of type datetime is not JSON serializable
INFO:root:💾 Saved 500 records in 4.53s (110 rec/s) | 8 15min, 246 hourly, 246 daily | Queue: 8
INFO:root:📊 STATUS: 6,642,817 received | 6,621,981 processed | 20836 buffered | 2113 active | ProcQ: 0 | DBQ: 8 | 650,297 saved | Failed: 0 | Vol: TEXINFRA:6,693, DPWIRES:3,555
ERROR:cache_service:Error setting OHLC batch: Object of type datetime is not JSON serializable
INFO:root:💾 Saved 500 records in 10.07s (50 rec/s) | 9 15min, 245 hourly, 246 daily | Queue: 8
INFO:root:📊 STATUS: 6,667,113 received | 6,621,981 processed | 45132 buffered | 2329 active | ProcQ: 0 | DBQ: 8 | 650,797 saved | Failed: 0 | Vol: TEXINFRA:6,693, DPWIRES:3,555
ERROR:cache_service:Error setting OHLC batch: Object of type datetime is not JSON serializable
INFO:root:💾 Saved 336 records in 31.77s (11 rec/s) | 8 15min, 164 hourly, 164 daily | Queue: 8
INFO:root:⏰ Interval update (60s): 05:44:35 UTC
INFO:root:📤 Queued 48442 ticks from 2343 instruments | Processing queue: 1
ERROR:cache_service:Error setting OHLC batch: Object of type datetime is not JSON serializable
INFO:root:💾 Saved 500 records in 10.31s (49 rec/s) | 21 15min, 240 hourly, 239 daily | Queue: 8
ERROR:cache_service:Error setting OHLC batch: Object of type datetime is not JSON serializable
INFO:root:💾 Saved 500 records in 4.20s (119 rec/s) | 13 15min, 243 hourly, 244 daily | Queue: 8
ERROR:cache_service:Error setting OHLC batch: Object of type datetime is not JSON serializable
INFO:root:💾 Saved 500 records in 3.84s (130 rec/s) | 17 15min, 242 hourly, 241 daily | Queue: 8
ERROR:cache_service:Error setting OHLC batch: Object of type datetime is not JSON serializable
INFO:root:💾 Saved 500 records in 3.28s (152 rec/s) | 15 15min, 242 hourly, 243 daily | Queue: 8
ERROR:cache_service:Error setting OHLC batch: Object of type datetime is not JSON serializable
INFO:root:💾 Saved 500 records in 3.20s (156 rec/s) | 15 15min, 243 hourly, 242 daily | Queue: 8
INFO:root:📊 STATUS: 6,689,602 received | 6,670,423 processed | 19179 buffered | 2082 active | ProcQ: 0 | DBQ: 8 | 653,633 saved | Failed: 0 | Vol: TEXINFRA:7,693, DPWIRES:3,555
ERROR:cache_service:Error setting OHLC batch: Object of type datetime is not JSON serializable
INFO:root:💾 Saved 500 records in 3.10s (161 rec/s) | 17 15min, 241 hourly, 242 daily | Queue: 8
ERROR:cache_service:Error setting OHLC batch: Object of type datetime is not JSON serializable
INFO:root:💾 Saved 500 records in 2.59s (193 rec/s) | 6 15min, 247 hourly, 247 daily | Queue: 8
ERROR:cache_service:Error setting OHLC batch: Object of type datetime is not JSON serializable
INFO:root:💾 Saved 500 records in 2.57s (195 rec/s) | 11 15min, 245 hourly, 244 daily | Queue: 8
ERROR:cache_service:Error setting OHLC batch: Object of type datetime is not JSON serializable
INFO:root:💾 Saved 500 records in 2.65s (189 rec/s) | 9 15min, 245 hourly, 246 daily | Queue: 8
ERROR:cache_service:Error setting OHLC batch: Object of type datetime is not JSON serializable
INFO:root:💾 Saved 368 records in 1.89s (195 rec/s) | 8 15min, 180 hourly, 180 daily | Queue: 8
ERROR:cache_service:Error setting OHLC batch: Object of type datetime is not JSON serializable
INFO:root:💾 Saved 500 records in 1.22s (411 rec/s) | 21 15min, 240 hourly, 239 daily | Queue: 7
ERROR:cache_service:Error setting OHLC batch: Object of type datetime is not JSON serializable
INFO:root:💾 Saved 500 records in 0.77s (649 rec/s) | 13 15min, 243 hourly, 244 daily | Queue: 7
ERROR:cache_service:Error setting OHLC batch: Object of type datetime is not JSON serializable
INFO:root:💾 Saved 500 records in 0.48s (1032 rec/s) | 17 15min, 242 hourly, 241 daily | Queue: 7
ERROR:cache_service:Error setting OHLC batch: Object of type datetime is not JSON serializable
INFO:root:💾 Saved 500 records in 0.43s (1163 rec/s) | 14 15min, 243 hourly, 243 daily | Queue: 7
ERROR:cache_service:Error setting OHLC batch: Object of type datetime is not JSON serializable
INFO:root:💾 Saved 500 records in 0.36s (1397 rec/s) | 15 15min, 242 hourly, 243 daily | Queue: 7
ERROR:cache_service:Error setting OHLC batch: Object of type datetime is not JSON serializable
INFO:root:💾 Saved 500 records in 0.32s (1583 rec/s) | 17 15min, 242 hourly, 241 daily | Queue: 7
ERROR:cache_service:Error setting OHLC batch: Object of type datetime is not JSON serializable
INFO:root:💾 Saved 500 records in 0.33s (1531 rec/s) | 9 15min, 245 hourly, 246 daily | Queue: 7
ERROR:cache_service:Error setting OHLC batch: Object of type datetime is not JSON serializable
INFO:root:💾 Saved 500 records in 0.80s (621 rec/s) | 12 15min, 244 hourly, 244 daily | Queue: 7
ERROR:cache_service:Error setting OHLC batch: Object of type datetime is not JSON serializable
INFO:root:💾 Saved 500 records in 0.81s (621 rec/s) | 9 15min, 246 hourly, 245 daily | Queue: 7
ERROR:cache_service:Error setting OHLC batch: Object of type datetime is not JSON serializable
INFO:root:💾 Saved 308 records in 0.40s (766 rec/s) | 5 15min, 151 hourly, 152 daily | Queue: 7
ERROR:cache_service:Error setting OHLC batch: Object of type datetime is not JSON serializable
INFO:root:💾 Saved 500 records in 1.00s (500 rec/s) | 21 15min, 240 hourly, 239 daily | Queue: 6
ERROR:cache_service:Error setting OHLC batch: Object of type datetime is not JSON serializable
INFO:root:💾 Saved 500 records in 1.31s (380 rec/s) | 13 15min, 243 hourly, 244 daily | Queue: 6
ERROR:cache_service:Error setting OHLC batch: Object of type datetime is not JSON serializable
INFO:root:💾 Saved 500 records in 1.48s (337 rec/s) | 17 15min, 242 hourly, 241 daily | Queue: 6
ERROR:cache_service:Error setting OHLC batch: Object of type datetime is not JSON serializable
INFO:root:💾 Saved 500 records in 2.51s (199 rec/s) | 15 15min, 242 hourly, 243 daily | Queue: 6
ERROR:cache_service:Error setting OHLC batch: Object of type datetime is not JSON serializable
INFO:root:💾 Saved 500 records in 3.60s (139 rec/s) | 15 15min, 243 hourly, 242 daily | Queue: 6
INFO:root:📊 STATUS: 6,712,609 received | 6,670,423 processed | 42186 buffered | 2339 active | ProcQ: 0 | DBQ: 6 | 663,309 saved | Failed: 0 | Vol: TEXINFRA:7,693, DPWIRES:3,555
ERROR:cache_service:Error setting OHLC batch: Object of type datetime is not JSON serializable
INFO:root:💾 Saved 500 records in 3.52s (142 rec/s) | 17 15min, 241 hourly, 242 daily | Queue: 6
ERROR:cache_service:Error setting OHLC batch: Object of type datetime is not JSON serializable
INFO:root:💾 Saved 500 records in 2.73s (183 rec/s) | 9 15min, 246 hourly, 245 daily | Queue: 6
INFO:root:⏰ Interval update (60s): 05:45:35 UTC
INFO:root:📤 Queued 45940 ticks from 2358 instruments | Processing queue: 1
ERROR:cache_service:Error setting OHLC batch: Object of type datetime is not JSON serializable
INFO:root:💾 Saved 500 records in 8.15s (61 rec/s) | 9 15min, 245 hourly, 246 daily | Queue: 7
ERROR:cache_service:Error setting OHLC batch: Object of type datetime is not JSON serializable
INFO:root:💾 Saved 500 records in 17.46s (29 rec/s) | 8 15min, 246 hourly, 246 daily | Queue: 7
INFO:root:📊 STATUS: 6,735,758 received | 6,716,363 processed | 19395 buffered | 2086 active | ProcQ: 0 | DBQ: 7 | 665,309 saved | Failed: 0 | Vol: TEXINFRA:7,693, DPWIRES:3,555
ERROR:cache_service:Error setting OHLC batch: Object of type datetime is not JSON serializable
INFO:root:💾 Saved 320 records in 13.64s (23 rec/s) | 8 15min, 156 hourly, 156 daily | Queue: 7
ERROR:cache_service:Error setting OHLC batch: Object of type datetime is not JSON serializable
INFO:root:💾 Saved 500 records in 13.59s (37 rec/s) | 21 15min, 240 hourly, 239 daily | Queue: 6
INFO:root:📊 STATUS: 6,758,968 received | 6,716,363 processed | 42605 buffered | 2291 active | ProcQ: 0 | DBQ: 6 | 666,129 saved | Failed: 0 | Vol: TEXINFRA:7,693, DPWIRES:3,555
ERROR:cache_service:Error setting OHLC batch: Object of type datetime is not JSON serializable
INFO:root:💾 Saved 500 records in 6.37s (78 rec/s) | 13 15min, 243 hourly, 244 daily | Queue: 6
INFO:root:⏰ Interval update (60s): 05:46:35 UTC
INFO:root:📤 Queued 46070 ticks from 2329 instruments | Processing queue: 1
ERROR:cache_service:Error setting OHLC batch: Object of type datetime is not JSON serializable
INFO:root:💾 Saved 500 records in 4.38s (114 rec/s) | 17 15min, 242 hourly, 241 daily | Queue: 7
ERROR:cache_service:Error setting OHLC batch: Object of type datetime is not JSON serializable
INFO:root:💾 Saved 500 records in 4.23s (118 rec/s) | 13 15min, 243 hourly, 244 daily | Queue: 7
ERROR:cache_service:Error setting OHLC batch: Object of type datetime is not JSON serializable
INFO:root:💾 Saved 500 records in 4.46s (112 rec/s) | 13 15min, 244 hourly, 243 daily | Queue: 7
ERROR:cache_service:Error setting OHLC batch: Object of type datetime is not JSON serializable
INFO:root:💾 Saved 500 records in 3.24s (154 rec/s) | 17 15min, 241 hourly, 242 daily | Queue: 7
ERROR:cache_service:Error setting OHLC batch: Object of type datetime is not JSON serializable
INFO:root:💾 Saved 500 records in 3.08s (162 rec/s) | 10 15min, 245 hourly, 245 daily | Queue: 7
ERROR:cache_service:Error setting OHLC batch: Object of type datetime is not JSON serializable
INFO:root:💾 Saved 500 records in 2.93s (171 rec/s) | 11 15min, 245 hourly, 244 daily | Queue: 7
ERROR:cache_service:Error setting OHLC batch: Object of type datetime is not JSON serializable
INFO:root:💾 Saved 500 records in 2.90s (173 rec/s) | 9 15min, 245 hourly, 246 daily | Queue: 7
ERROR:cache_service:Error setting OHLC batch: Object of type datetime is not JSON serializable
INFO:root:💾 Saved 500 records in 2.87s (174 rec/s) | 8 15min, 246 hourly, 246 daily | Queue: 7
ERROR:cache_service:Error setting OHLC batch: Object of type datetime is not JSON serializable
INFO:root:💾 Saved 4 records in 0.04s (112 rec/s) | 0 15min, 2 hourly, 2 daily | Queue: 7
INFO:root:📊 STATUS: 6,783,816 received | 6,762,433 processed | 21383 buffered | 2098 active | ProcQ: 0 | DBQ: 6 | 670,633 saved | Failed: 0 | Vol: TEXINFRA:7,693, DPWIRES:3,555
ERROR:cache_service:Error setting OHLC batch: Object of type datetime is not JSON serializable
INFO:root:💾 Saved 500 records in 2.12s (236 rec/s) | 21 15min, 240 hourly, 239 daily | Queue: 6
ERROR:cache_service:Error setting OHLC batch: Object of type datetime is not JSON serializable
INFO:root:💾 Saved 500 records in 1.24s (403 rec/s) | 13 15min, 243 hourly, 244 daily | Queue: 6
ERROR:cache_service:Error setting OHLC batch: Object of type datetime is not JSON serializable
INFO:root:💾 Saved 500 records in 1.12s (447 rec/s) | 17 15min, 242 hourly, 241 daily | Queue: 6
ERROR:cache_service:Error setting OHLC batch: Object of type datetime is not JSON serializable
INFO:root:💾 Saved 500 records in 0.49s (1021 rec/s) | 14 15min, 243 hourly, 243 daily | Queue: 6
ERROR:cache_service:Error setting OHLC batch: Object of type datetime is not JSON serializable
INFO:root:💾 Saved 500 records in 0.38s (1331 rec/s) | 15 15min, 242 hourly, 243 daily | Queue: 6
ERROR:cache_service:Error setting OHLC batch: Object of type datetime is not JSON serializable
INFO:root:💾 Saved 500 records in 0.38s (1310 rec/s) | 17 15min, 242 hourly, 241 daily | Queue: 6
ERROR:cache_service:Error setting OHLC batch: Object of type datetime is not JSON serializable
INFO:root:💾 Saved 500 records in 0.27s (1878 rec/s) | 7 15min, 246 hourly, 247 daily | Queue: 6
ERROR:cache_service:Error setting OHLC batch: Object of type datetime is not JSON serializable
INFO:root:💾 Saved 500 records in 0.34s (1491 rec/s) | 12 15min, 244 hourly, 244 daily | Queue: 6
ERROR:cache_service:Error setting OHLC batch: Object of type datetime is not JSON serializable
INFO:root:💾 Saved 500 records in 0.21s (2339 rec/s) | 11 15min, 245 hourly, 244 daily | Queue: 6
ERROR:cache_service:Error setting OHLC batch: Object of type datetime is not JSON serializable
INFO:root:💾 Saved 312 records in 0.18s (1775 rec/s) | 5 15min, 153 hourly, 154 daily | Queue: 6
ERROR:cache_service:Error setting OHLC batch: Object of type datetime is not JSON serializable
INFO:root:💾 Saved 500 records in 0.28s (1759 rec/s) | 21 15min, 240 hourly, 239 daily | Queue: 5
ERROR:cache_service:Error setting OHLC batch: Object of type datetime is not JSON serializable
INFO:root:💾 Saved 500 records in 0.18s (2710 rec/s) | 13 15min, 243 hourly, 244 daily | Queue: 5
ERROR:cache_service:Error setting OHLC batch: Object of type datetime is not JSON serializable
INFO:root:💾 Saved 500 records in 0.15s (3316 rec/s) | 17 15min, 242 hourly, 241 daily | Queue: 5
ERROR:cache_service:Error setting OHLC batch: Object of type datetime is not JSON serializable
INFO:root:💾 Saved 500 records in 0.18s (2742 rec/s) | 15 15min, 242 hourly, 243 daily | Queue: 5
ERROR:cache_service:Error setting OHLC batch: Object of type datetime is not JSON serializable
INFO:root:💾 Saved 500 records in 0.14s (3627 rec/s) | 15 15min, 243 hourly, 242 daily | Queue: 5
ERROR:cache_service:Error setting OHLC batch: Object of type datetime is not JSON serializable
INFO:root:💾 Saved 500 records in 0.12s (4136 rec/s) | 14 15min, 243 hourly, 243 daily | Queue: 5
ERROR:cache_service:Error setting OHLC batch: Object of type datetime is not JSON serializable
INFO:root:💾 Saved 500 records in 0.16s (3173 rec/s) | 9 15min, 245 hourly, 246 daily | Queue: 5
ERROR:cache_service:Error setting OHLC batch: Object of type datetime is not JSON serializable
INFO:root:💾 Saved 500 records in 0.12s (4136 rec/s) | 11 15min, 245 hourly, 244 daily | Queue: 5
ERROR:cache_service:Error setting OHLC batch: Object of type datetime is not JSON serializable
INFO:root:💾 Saved 500 records in 0.16s (3045 rec/s) | 9 15min, 245 hourly, 246 daily | Queue: 5
ERROR:cache_service:Error setting OHLC batch: Object of type datetime is not JSON serializable
INFO:root:💾 Saved 326 records in 0.09s (3814 rec/s) | 8 15min, 159 hourly, 159 daily | Queue: 5
ERROR:cache_service:Error setting OHLC batch: Object of type datetime is not JSON serializable
INFO:root:💾 Saved 500 records in 0.11s (4412 rec/s) | 21 15min, 240 hourly, 239 daily | Queue: 4
ERROR:cache_service:Error setting OHLC batch: Object of type datetime is not JSON serializable
INFO:root:💾 Saved 500 records in 0.10s (4898 rec/s) | 13 15min, 243 hourly, 244 daily | Queue: 4
ERROR:cache_service:Error setting OHLC batch: Object of type datetime is not JSON serializable
INFO:root:💾 Saved 500 records in 0.10s (5072 rec/s) | 17 15min, 242 hourly, 241 daily | Queue: 4
ERROR:cache_service:Error setting OHLC batch: Object of type datetime is not JSON serializable
INFO:root:💾 Saved 500 records in 0.11s (4669 rec/s) | 15 15min, 242 hourly, 243 daily | Queue: 4
ERROR:cache_service:Error setting OHLC batch: Object of type datetime is not JSON serializable
INFO:root:💾 Saved 500 records in 0.12s (4086 rec/s) | 15 15min, 243 hourly, 242 daily | Queue: 4
ERROR:cache_service:Error setting OHLC batch: Object of type datetime is not JSON serializable
INFO:root:💾 Saved 500 records in 0.11s (4446 rec/s) | 17 15min, 241 hourly, 242 daily | Queue: 4
ERROR:cache_service:Error setting OHLC batch: Object of type datetime is not JSON serializable
INFO:root:💾 Saved 500 records in 0.12s (4252 rec/s) | 6 15min, 247 hourly, 247 daily | Queue: 4
ERROR:cache_service:Error setting OHLC batch: Object of type datetime is not JSON serializable
INFO:root:💾 Saved 500 records in 0.10s (4958 rec/s) | 11 15min, 245 hourly, 244 daily | Queue: 4
ERROR:cache_service:Error setting OHLC batch: Object of type datetime is not JSON serializable
INFO:root:💾 Saved 500 records in 0.10s (4792 rec/s) | 9 15min, 245 hourly, 246 daily | Queue: 4
ERROR:cache_service:Error setting OHLC batch: Object of type datetime is not JSON serializable
INFO:root:💾 Saved 334 records in 0.07s (4885 rec/s) | 8 15min, 163 hourly, 163 daily | Queue: 4
ERROR:cache_service:Error setting OHLC batch: Object of type datetime is not JSON serializable
INFO:root:💾 Saved 500 records in 0.11s (4612 rec/s) | 21 15min, 240 hourly, 239 daily | Queue: 3
ERROR:cache_service:Error setting OHLC batch: Object of type datetime is not JSON serializable
INFO:root:💾 Saved 500 records in 0.09s (5610 rec/s) | 13 15min, 243 hourly, 244 daily | Queue: 3
ERROR:cache_service:Error setting OHLC batch: Object of type datetime is not JSON serializable
INFO:root:💾 Saved 500 records in 0.07s (6898 rec/s) | 17 15min, 242 hourly, 241 daily | Queue: 3
ERROR:cache_service:Error setting OHLC batch: Object of type datetime is not JSON serializable
INFO:root:💾 Saved 500 records in 0.09s (5578 rec/s) | 15 15min, 242 hourly, 243 daily | Queue: 3
ERROR:cache_service:Error setting OHLC batch: Object of type datetime is not JSON serializable
INFO:root:💾 Saved 500 records in 0.08s (5892 rec/s) | 15 15min, 243 hourly, 242 daily | Queue: 3
ERROR:cache_service:Error setting OHLC batch: Object of type datetime is not JSON serializable
INFO:root:💾 Saved 500 records in 0.10s (4981 rec/s) | 17 15min, 241 hourly, 242 daily | Queue: 3
ERROR:cache_service:Error setting OHLC batch: Object of type datetime is not JSON serializable
INFO:root:💾 Saved 500 records in 0.11s (4508 rec/s) | 9 15min, 246 hourly, 245 daily | Queue: 3
ERROR:cache_service:Error setting OHLC batch: Object of type datetime is not JSON serializable
INFO:root:💾 Saved 500 records in 0.15s (3369 rec/s) | 8 15min, 246 hourly, 246 daily | Queue: 3
ERROR:cache_service:Error setting OHLC batch: Object of type datetime is not JSON serializable
INFO:root:💾 Saved 500 records in 0.12s (4199 rec/s) | 9 15min, 245 hourly, 246 daily | Queue: 3
ERROR:cache_service:Error setting OHLC batch: Object of type datetime is not JSON serializable
INFO:root:💾 Saved 306 records in 0.04s (8510 rec/s) | 8 15min, 149 hourly, 149 daily | Queue: 3
ERROR:cache_service:Error setting OHLC batch: Object of type datetime is not JSON serializable
INFO:root:💾 Saved 500 records in 0.08s (5930 rec/s) | 21 15min, 240 hourly, 239 daily | Queue: 2
ERROR:cache_service:Error setting OHLC batch: Object of type datetime is not JSON serializable
INFO:root:💾 Saved 500 records in 0.06s (8352 rec/s) | 13 15min, 243 hourly, 244 daily | Queue: 2
ERROR:cache_service:Error setting OHLC batch: Object of type datetime is not JSON serializable
INFO:root:💾 Saved 500 records in 0.10s (5132 rec/s) | 17 15min, 242 hourly, 241 daily | Queue: 2
ERROR:cache_service:Error setting OHLC batch: Object of type datetime is not JSON serializable
INFO:root:💾 Saved 500 records in 0.08s (6306 rec/s) | 15 15min, 242 hourly, 243 daily | Queue: 2
ERROR:cache_service:Error setting OHLC batch: Object of type datetime is not JSON serializable
INFO:root:💾 Saved 500 records in 0.08s (5898 rec/s) | 15 15min, 243 hourly, 242 daily | Queue: 2
ERROR:cache_service:Error setting OHLC batch: Object of type datetime is not JSON serializable
INFO:root:💾 Saved 500 records in 0.08s (6638 rec/s) | 17 15min, 241 hourly, 242 daily | Queue: 2
ERROR:cache_service:Error setting OHLC batch: Object of type datetime is not JSON serializable
INFO:root:💾 Saved 500 records in 0.14s (3596 rec/s) | 9 15min, 246 hourly, 245 daily | Queue: 2
ERROR:cache_service:Error setting OHLC batch: Object of type datetime is not JSON serializable
INFO:root:💾 Saved 500 records in 0.09s (5646 rec/s) | 8 15min, 246 hourly, 246 daily | Queue: 2
ERROR:cache_service:Error setting OHLC batch: Object of type datetime is not JSON serializable
INFO:root:💾 Saved 500 records in 0.11s (4519 rec/s) | 9 15min, 245 hourly, 246 daily | Queue: 2
ERROR:cache_service:Error setting OHLC batch: Object of type datetime is not JSON serializable
INFO:root:💾 Saved 318 records in 0.04s (7070 rec/s) | 8 15min, 155 hourly, 155 daily | Queue: 2
ERROR:cache_service:Error setting OHLC batch: Object of type datetime is not JSON serializable
INFO:root:💾 Saved 500 records in 0.11s (4689 rec/s) | 21 15min, 240 hourly, 239 daily | Queue: 1
ERROR:cache_service:Error setting OHLC batch: Object of type datetime is not JSON serializable
INFO:root:💾 Saved 500 records in 0.05s (9604 rec/s) | 18 15min, 241 hourly, 241 daily | Queue: 1
ERROR:cache_service:Error setting OHLC batch: Object of type datetime is not JSON serializable
INFO:root:💾 Saved 500 records in 0.08s (6549 rec/s) | 12 15min, 244 hourly, 244 daily | Queue: 1
ERROR:cache_service:Error setting OHLC batch: Object of type datetime is not JSON serializable
INFO:root:💾 Saved 500 records in 0.07s (6830 rec/s) | 15 15min, 242 hourly, 243 daily | Queue: 1
ERROR:cache_service:Error setting OHLC batch: Object of type datetime is not JSON serializable
INFO:root:💾 Saved 500 records in 0.06s (8393 rec/s) | 17 15min, 242 hourly, 241 daily | Queue: 1
ERROR:cache_service:Error setting OHLC batch: Object of type datetime is not JSON serializable
INFO:root:💾 Saved 500 records in 0.07s (7102 rec/s) | 15 15min, 242 hourly, 243 daily | Queue: 1
ERROR:cache_service:Error setting OHLC batch: Object of type datetime is not JSON serializable
INFO:root:💾 Saved 500 records in 0.08s (6131 rec/s) | 8 15min, 246 hourly, 246 daily | Queue: 1
ERROR:cache_service:Error setting OHLC batch: Object of type datetime is not JSON serializable
INFO:root:💾 Saved 500 records in 0.06s (8460 rec/s) | 9 15min, 246 hourly, 245 daily | Queue: 1
ERROR:cache_service:Error setting OHLC batch: Object of type datetime is not JSON serializable
INFO:root:💾 Saved 500 records in 0.08s (6112 rec/s) | 9 15min, 245 hourly, 246 daily | Queue: 1
ERROR:cache_service:Error setting OHLC batch: Object of type datetime is not JSON serializable
INFO:root:💾 Saved 348 records in 0.07s (5130 rec/s) | 8 15min, 170 hourly, 170 daily | Queue: 1
ERROR:cache_service:Error setting OHLC batch: Object of type datetime is not JSON serializable
INFO:root:💾 Saved 500 records in 0.09s (5522 rec/s) | 21 15min, 240 hourly, 239 daily | Queue: 0
ERROR:cache_service:Error setting OHLC batch: Object of type datetime is not JSON serializable
INFO:root:💾 Saved 500 records in 0.10s (4899 rec/s) | 13 15min, 243 hourly, 244 daily | Queue: 0
ERROR:cache_service:Error setting OHLC batch: Object of type datetime is not JSON serializable
INFO:root:💾 Saved 500 records in 0.06s (8844 rec/s) | 17 15min, 242 hourly, 241 daily | Queue: 0
ERROR:cache_service:Error setting OHLC batch: Object of type datetime is not JSON serializable
INFO:root:💾 Saved 500 records in 0.07s (7477 rec/s) | 15 15min, 242 hourly, 243 daily | Queue: 0
ERROR:cache_service:Error setting OHLC batch: Object of type datetime is not JSON serializable
INFO:root:💾 Saved 500 records in 0.07s (7641 rec/s) | 15 15min, 243 hourly, 242 daily | Queue: 0
ERROR:cache_service:Error setting OHLC batch: Object of type datetime is not JSON serializable
INFO:root:💾 Saved 500 records in 0.06s (8447 rec/s) | 17 15min, 241 hourly, 242 daily | Queue: 0
ERROR:cache_service:Error setting OHLC batch: Object of type datetime is not JSON serializable
INFO:root:💾 Saved 500 records in 0.06s (8098 rec/s) | 9 15min, 246 hourly, 245 daily | Queue: 0
ERROR:cache_service:Error setting OHLC batch: Object of type datetime is not JSON serializable
INFO:root:💾 Saved 500 records in 0.08s (5944 rec/s) | 11 15min, 244 hourly, 245 daily | Queue: 0
ERROR:cache_service:Error setting OHLC batch: Object of type datetime is not JSON serializable
INFO:root:💾 Saved 500 records in 0.08s (6000 rec/s) | 10 15min, 245 hourly, 245 daily | Queue: 0
ERROR:cache_service:Error setting OHLC batch: Object of type datetime is not JSON serializable
INFO:root:💾 Saved 290 records in 0.05s (5607 rec/s) | 4 15min, 143 hourly, 143 daily | Queue: 0
INFO:root:📊 STATUS: 6,808,159 received | 6,762,433 processed | 45726 buffered | 2322 active | ProcQ: 0 | DBQ: 0 | 704,367 saved | Failed: 0 | Vol: TEXINFRA:7,693, DPWIRES:3,555
INFO:root:⏰ Interval update (60s): 05:47:36 UTC
INFO:root:📤 Queued 48860 ticks from 2337 instruments | Processing queue: 1
ERROR:cache_service:Error setting OHLC batch: Object of type datetime is not JSON serializable
INFO:root:💾 Saved 500 records in 0.12s (4214 rec/s) | 21 15min, 240 hourly, 239 daily | Queue: 0
ERROR:cache_service:Error setting OHLC batch: Object of type datetime is not JSON serializable
INFO:root:💾 Saved 500 records in 0.05s (9635 rec/s) | 13 15min, 243 hourly, 244 daily | Queue: 0
ERROR:cache_service:Error setting OHLC batch: Object of type datetime is not JSON serializable
INFO:root:💾 Saved 500 records in 0.07s (7611 rec/s) | 17 15min, 242 hourly, 241 daily | Queue: 0
ERROR:cache_service:Error setting OHLC batch: Object of type datetime is not JSON serializable
INFO:root:💾 Saved 500 records in 0.08s (5975 rec/s) | 14 15min, 243 hourly, 243 daily | Queue: 0
ERROR:cache_service:Error setting OHLC batch: Object of type datetime is not JSON serializable
INFO:root:💾 Saved 500 records in 0.06s (7841 rec/s) | 15 15min, 242 hourly, 243 daily | Queue: 0
ERROR:cache_service:Error setting OHLC batch: Object of type datetime is not JSON serializable
INFO:root:💾 Saved 500 records in 0.06s (7831 rec/s) | 17 15min, 242 hourly, 241 daily | Queue: 0
ERROR:cache_service:Error setting OHLC batch: Object of type datetime is not JSON serializable
INFO:root:💾 Saved 500 records in 0.05s (10893 rec/s) | 9 15min, 245 hourly, 246 daily | Queue: 0
ERROR:cache_service:Error setting OHLC batch: Object of type datetime is not JSON serializable
INFO:root:💾 Saved 500 records in 0.04s (11523 rec/s) | 12 15min, 244 hourly, 244 daily | Queue: 0
ERROR:cache_service:Error setting OHLC batch: Object of type datetime is not JSON serializable
INFO:root:💾 Saved 500 records in 0.06s (8094 rec/s) | 7 15min, 247 hourly, 246 daily | Queue: 0
ERROR:cache_service:Error setting OHLC batch: Object of type datetime is not JSON serializable
INFO:root:💾 Saved 306 records in 0.05s (6253 rec/s) | 7 15min, 149 hourly, 150 daily | Queue: 0
INFO:root:📊 STATUS: 6,831,313 received | 6,811,293 processed | 20020 buffered | 2134 active | ProcQ: 0 | DBQ: 0 | 709,173 saved | Failed: 0 | Vol: TEXINFRA:7,693, DPWIRES:3,555
INFO:root:📊 STATUS: 6,855,245 received | 6,811,293 processed | 43952 buffered | 2463 active | ProcQ: 0 | DBQ: 0 | 709,173 saved | Failed: 0 | Vol: TEXINFRA:7,693, DPWIRES:3,555
INFO:root:⏰ Interval update (60s): 05:48:36 UTC
INFO:root:📤 Queued 47353 ticks from 2489 instruments | Processing queue: 1
ERROR:cache_service:Error setting OHLC batch: Object of type datetime is not JSON serializable
INFO:root:💾 Saved 500 records in 0.07s (6987 rec/s) | 21 15min, 240 hourly, 239 daily | Queue: 0
ERROR:cache_service:Error setting OHLC batch: Object of type datetime is not JSON serializable
INFO:root:💾 Saved 500 records in 0.06s (8158 rec/s) | 13 15min, 243 hourly, 244 daily | Queue: 0
ERROR:cache_service:Error setting OHLC batch: Object of type datetime is not JSON serializable
INFO:root:💾 Saved 500 records in 0.05s (9182 rec/s) | 14 15min, 243 hourly, 243 daily | Queue: 0
ERROR:cache_service:Error setting OHLC batch: Object of type datetime is not JSON serializable
INFO:root:💾 Saved 500 records in 0.06s (7997 rec/s) | 13 15min, 244 hourly, 243 daily | Queue: 0
ERROR:cache_service:Error setting OHLC batch: Object of type datetime is not JSON serializable
INFO:root:💾 Saved 500 records in 0.06s (8479 rec/s) | 15 15min, 242 hourly, 243 daily | Queue: 0
ERROR:cache_service:Error setting OHLC batch: Object of type datetime is not JSON serializable
INFO:root:💾 Saved 500 records in 0.07s (7536 rec/s) | 18 15min, 241 hourly, 241 daily | Queue: 0
ERROR:cache_service:Error setting OHLC batch: Object of type datetime is not JSON serializable
INFO:root:💾 Saved 500 records in 0.07s (7450 rec/s) | 7 15min, 247 hourly, 246 daily | Queue: 0
ERROR:cache_service:Error setting OHLC batch: Object of type datetime is not JSON serializable
INFO:root:💾 Saved 500 records in 0.07s (7366 rec/s) | 11 15min, 244 hourly, 245 daily | Queue: 0
ERROR:cache_service:Error setting OHLC batch: Object of type datetime is not JSON serializable
INFO:root:💾 Saved 500 records in 0.05s (10082 rec/s) | 9 15min, 246 hourly, 245 daily | Queue: 0
ERROR:cache_service:Error setting OHLC batch: Object of type datetime is not JSON serializable
INFO:root:💾 Saved 500 records in 0.08s (6659 rec/s) | 11 15min, 244 hourly, 245 daily | Queue: 0
ERROR:cache_service:Error setting OHLC batch: Object of type datetime is not JSON serializable
INFO:root:💾 Saved 110 records in 0.03s (4226 rec/s) | 0 15min, 55 hourly, 55 daily | Queue: 0
INFO:root:📊 STATUS: 6,878,815 received | 6,858,646 processed | 20169 buffered | 2225 active | ProcQ: 0 | DBQ: 0 | 714,283 saved | Failed: 0 | Vol: TEXINFRA:7,693, DPWIRES:3,555
INFO:root:📊 STATUS: 6,902,082 received | 6,858,646 processed | 43436 buffered | 2546 active | ProcQ: 0 | DBQ: 0 | 714,283 saved | Failed: 0 | Vol: TEXINFRA:7,693, DPWIRES:3,555
INFO:root:⏰ Interval update (60s): 05:49:36 UTC
INFO:root:📤 Queued 46814 ticks from 2557 instruments | Processing queue: 1
ERROR:cache_service:Error setting OHLC batch: Object of type datetime is not JSON serializable
INFO:root:💾 Saved 500 records in 0.06s (8405 rec/s) | 20 15min, 240 hourly, 240 daily | Queue: 0
ERROR:cache_service:Error setting OHLC batch: Object of type datetime is not JSON serializable
INFO:root:💾 Saved 500 records in 0.07s (7315 rec/s) | 13 15min, 244 hourly, 243 daily | Queue: 0
ERROR:cache_service:Error setting OHLC batch: Object of type datetime is not JSON serializable
INFO:root:💾 Saved 500 records in 0.05s (11081 rec/s) | 14 15min, 243 hourly, 243 daily | Queue: 0
ERROR:cache_service:Error setting OHLC batch: Object of type datetime is not JSON serializable
INFO:root:💾 Saved 500 records in 0.06s (7992 rec/s) | 13 15min, 243 hourly, 244 daily | Queue: 0
ERROR:cache_service:Error setting OHLC batch: Object of type datetime is not JSON serializable
INFO:root:💾 Saved 500 records in 0.05s (9670 rec/s) | 15 15min, 243 hourly, 242 daily | Queue: 0
ERROR:cache_service:Error setting OHLC batch: Object of type datetime is not JSON serializable
INFO:root:💾 Saved 500 records in 0.06s (8753 rec/s) | 13 15min, 243 hourly, 244 daily | Queue: 0
ERROR:cache_service:Error setting OHLC batch: Object of type datetime is not JSON serializable
INFO:root:💾 Saved 500 records in 0.06s (8863 rec/s) | 12 15min, 244 hourly, 244 daily | Queue: 0
ERROR:cache_service:Error setting OHLC batch: Object of type datetime is not JSON serializable
INFO:root:💾 Saved 500 records in 0.06s (8578 rec/s) | 9 15min, 246 hourly, 245 daily | Queue: 0
ERROR:cache_service:Error setting OHLC batch: Object of type datetime is not JSON serializable
INFO:root:💾 Saved 500 records in 0.06s (7912 rec/s) | 8 15min, 246 hourly, 246 daily | Queue: 0
ERROR:cache_service:Error setting OHLC batch: Object of type datetime is not JSON serializable
INFO:root:💾 Saved 500 records in 0.06s (8567 rec/s) | 11 15min, 244 hourly, 245 daily | Queue: 0
ERROR:cache_service:Error setting OHLC batch: Object of type datetime is not JSON serializable
INFO:root:💾 Saved 246 records in 0.05s (4818 rec/s) | 4 15min, 121 hourly, 121 daily | Queue: 0
INFO:root:📊 STATUS: 6,926,552 received | 6,905,460 processed | 21092 buffered | 2033 active | ProcQ: 0 | DBQ: 0 | 719,529 saved | Failed: 0 | Vol: TEXINFRA:7,693, DPWIRES:3,555
INFO:root:📊 STATUS: 6,951,699 received | 6,905,460 processed | 46239 buffered | 2298 active | ProcQ: 0 | DBQ: 0 | 719,529 saved | Failed: 0 | Vol: TEXINFRA:7,693, DPWIRES:3,555
INFO:root:⏰ Interval update (60s): 05:50:36 UTC
INFO:root:📤 Queued 49638 ticks from 2307 instruments | Processing queue: 1
ERROR:cache_service:Error setting OHLC batch: Object of type datetime is not JSON serializable
INFO:root:💾 Saved 500 records in 0.05s (9803 rec/s) | 21 15min, 240 hourly, 239 daily | Queue: 0
ERROR:cache_service:Error setting OHLC batch: Object of type datetime is not JSON serializable
INFO:root:💾 Saved 500 records in 0.06s (8730 rec/s) | 18 15min, 241 hourly, 241 daily | Queue: 0
ERROR:cache_service:Error setting OHLC batch: Object of type datetime is not JSON serializable
INFO:root:💾 Saved 500 records in 0.05s (9306 rec/s) | 12 15min, 244 hourly, 244 daily | Queue: 0
ERROR:cache_service:Error setting OHLC batch: Object of type datetime is not JSON serializable
INFO:root:💾 Saved 500 records in 0.06s (7883 rec/s) | 15 15min, 242 hourly, 243 daily | Queue: 0
ERROR:cache_service:Error setting OHLC batch: Object of type datetime is not JSON serializable
INFO:root:💾 Saved 500 records in 0.05s (10298 rec/s) | 19 15min, 241 hourly, 240 daily | Queue: 0
ERROR:cache_service:Error setting OHLC batch: Object of type datetime is not JSON serializable
INFO:root:💾 Saved 500 records in 0.07s (7346 rec/s) | 13 15min, 243 hourly, 244 daily | Queue: 0
ERROR:cache_service:Error setting OHLC batch: Object of type datetime is not JSON serializable
INFO:root:💾 Saved 500 records in 0.07s (7582 rec/s) | 9 15min, 246 hourly, 245 daily | Queue: 0
ERROR:cache_service:Error setting OHLC batch: Object of type datetime is not JSON serializable
INFO:root:💾 Saved 500 records in 0.07s (7126 rec/s) | 11 15min, 244 hourly, 245 daily | Queue: 0
ERROR:cache_service:Error setting OHLC batch: Object of type datetime is not JSON serializable
INFO:root:💾 Saved 500 records in 0.06s (8178 rec/s) | 10 15min, 245 hourly, 245 daily | Queue: 0
ERROR:cache_service:Error setting OHLC batch: Object of type datetime is not JSON serializable
INFO:root:💾 Saved 246 records in 0.03s (7634 rec/s) | 4 15min, 121 hourly, 121 daily | Queue: 0
INFO:root:📊 STATUS: 6,974,850 received | 6,955,098 processed | 19752 buffered | 2107 active | ProcQ: 0 | DBQ: 0 | 724,275 saved | Failed: 0 | Vol: TEXINFRA:7,743, DPWIRES:3,555
INFO:root:📊 STATUS: 6,998,127 received | 6,955,098 processed | 43029 buffered | 2348 active | ProcQ: 0 | DBQ: 0 | 724,275 saved | Failed: 0 | Vol: TEXINFRA:7,743, DPWIRES:3,555
INFO:root:⏰ Interval update (60s): 05:51:36 UTC
INFO:root:📤 Queued 46526 ticks from 2370 instruments | Processing queue: 1
ERROR:cache_service:Error setting OHLC batch: Object of type datetime is not JSON serializable
INFO:root:💾 Saved 500 records in 0.11s (4474 rec/s) | 21 15min, 240 hourly, 239 daily | Queue: 0
ERROR:cache_service:Error setting OHLC batch: Object of type datetime is not JSON serializable
INFO:root:💾 Saved 500 records in 0.13s (3747 rec/s) | 13 15min, 243 hourly, 244 daily | Queue: 0
ERROR:cache_service:Error setting OHLC batch: Object of type datetime is not JSON serializable
INFO:root:💾 Saved 500 records in 0.12s (4277 rec/s) | 17 15min, 242 hourly, 241 daily | Queue: 0
ERROR:cache_service:Error setting OHLC batch: Object of type datetime is not JSON serializable
INFO:root:💾 Saved 500 records in 0.13s (3953 rec/s) | 14 15min, 243 hourly, 243 daily | Queue: 0
ERROR:cache_service:Error setting OHLC batch: Object of type datetime is not JSON serializable
INFO:root:💾 Saved 500 records in 0.12s (4207 rec/s) | 15 15min, 242 hourly, 243 daily | Queue: 0
ERROR:cache_service:Error setting OHLC batch: Object of type datetime is not JSON serializable
INFO:root:💾 Saved 500 records in 0.10s (4796 rec/s) | 13 15min, 244 hourly, 243 daily | Queue: 0
ERROR:cache_service:Error setting OHLC batch: Object of type datetime is not JSON serializable
INFO:root:💾 Saved 500 records in 0.13s (3894 rec/s) | 10 15min, 245 hourly, 245 daily | Queue: 0
ERROR:cache_service:Error setting OHLC batch: Object of type datetime is not JSON serializable
INFO:root:💾 Saved 500 records in 0.13s (3854 rec/s) | 12 15min, 244 hourly, 244 daily | Queue: 0
ERROR:cache_service:Error setting OHLC batch: Object of type datetime is not JSON serializable
INFO:root:💾 Saved 500 records in 0.12s (4250 rec/s) | 9 15min, 245 hourly, 246 daily | Queue: 0
ERROR:cache_service:Error setting OHLC batch: Object of type datetime is not JSON serializable
INFO:root:💾 Saved 372 records in 0.12s (3202 rec/s) | 8 15min, 182 hourly, 182 daily | Queue: 0
INFO:root:📊 STATUS: 7,021,009 received | 7,001,624 processed | 19385 buffered | 2062 active | ProcQ: 0 | DBQ: 0 | 729,147 saved | Failed: 0 | Vol: TEXINFRA:7,743, DPWIRES:3,555
INFO:root:📊 STATUS: 7,044,967 received | 7,001,624 processed | 43343 buffered | 2341 active | ProcQ: 0 | DBQ: 0 | 729,147 saved | Failed: 0 | Vol: TEXINFRA:7,743, DPWIRES:3,555
INFO:root:⏰ Interval update (60s): 05:52:36 UTC
INFO:root:📤 Queued 46559 ticks from 2365 instruments | Processing queue: 1
ERROR:cache_service:Error setting OHLC batch: Object of type datetime is not JSON serializable
INFO:root:💾 Saved 500 records in 0.05s (9190 rec/s) | 21 15min, 240 hourly, 239 daily | Queue: 0
ERROR:cache_service:Error setting OHLC batch: Object of type datetime is not JSON serializable
INFO:root:💾 Saved 500 records in 0.06s (7741 rec/s) | 15 15min, 242 hourly, 243 daily | Queue: 0
ERROR:cache_service:Error setting OHLC batch: Object of type datetime is not JSON serializable
INFO:root:💾 Saved 500 records in 0.06s (8323 rec/s) | 15 15min, 243 hourly, 242 daily | Queue: 0
ERROR:cache_service:Error setting OHLC batch: Object of type datetime is not JSON serializable
INFO:root:💾 Saved 500 records in 0.06s (8179 rec/s) | 15 15min, 242 hourly, 243 daily | Queue: 0
ERROR:cache_service:Error setting OHLC batch: Object of type datetime is not JSON serializable
INFO:root:💾 Saved 500 records in 0.07s (7632 rec/s) | 15 15min, 243 hourly, 242 daily | Queue: 0
ERROR:cache_service:Error setting OHLC batch: Object of type datetime is not JSON serializable
INFO:root:💾 Saved 500 records in 0.06s (8530 rec/s) | 17 15min, 241 hourly, 242 daily | Queue: 0
ERROR:cache_service:Error setting OHLC batch: Object of type datetime is not JSON serializable
INFO:root:💾 Saved 500 records in 0.06s (8956 rec/s) | 6 15min, 247 hourly, 247 daily | Queue: 0
ERROR:cache_service:Error setting OHLC batch: Object of type datetime is not JSON serializable
INFO:root:💾 Saved 500 records in 0.06s (8634 rec/s) | 11 15min, 245 hourly, 244 daily | Queue: 0
ERROR:cache_service:Error setting OHLC batch: Object of type datetime is not JSON serializable
INFO:root:💾 Saved 500 records in 0.06s (8803 rec/s) | 9 15min, 245 hourly, 246 daily | Queue: 0
ERROR:cache_service:Error setting OHLC batch: Object of type datetime is not JSON serializable
INFO:root:💾 Saved 362 records in 0.04s (8668 rec/s) | 8 15min, 177 hourly, 177 daily | Queue: 0
INFO:root:📊 STATUS: 7,068,778 received | 7,048,183 processed | 20595 buffered | 2097 active | ProcQ: 0 | DBQ: 0 | 734,009 saved | Failed: 0 | Vol: TEXINFRA:8,263, DPWIRES:3,565
INFO:root:📊 STATUS: 7,093,841 received | 7,048,183 processed | 45658 buffered | 2352 active | ProcQ: 0 | DBQ: 0 | 734,009 saved | Failed: 0 | Vol: TEXINFRA:8,263, DPWIRES:3,565
INFO:root:⏰ Interval update (60s): 05:53:37 UTC
INFO:root:📤 Queued 48742 ticks from 2360 instruments | Processing queue: 1
ERROR:cache_service:Error setting OHLC batch: Object of type datetime is not JSON serializable
INFO:root:💾 Saved 500 records in 0.05s (10096 rec/s) | 20 15min, 240 hourly, 240 daily | Queue: 0
ERROR:cache_service:Error setting OHLC batch: Object of type datetime is not JSON serializable
INFO:root:💾 Saved 500 records in 0.07s (7506 rec/s) | 13 15min, 244 hourly, 243 daily | Queue: 0
ERROR:cache_service:Error setting OHLC batch: Object of type datetime is not JSON serializable
INFO:root:💾 Saved 500 records in 0.06s (8045 rec/s) | 17 15min, 241 hourly, 242 daily | Queue: 0
ERROR:cache_service:Error setting OHLC batch: Object of type datetime is not JSON serializable
INFO:root:💾 Saved 500 records in 0.05s (10630 rec/s) | 15 15min, 243 hourly, 242 daily | Queue: 0
ERROR:cache_service:Error setting OHLC batch: Object of type datetime is not JSON serializable
INFO:root:💾 Saved 500 records in 0.04s (11187 rec/s) | 16 15min, 242 hourly, 242 daily | Queue: 0
ERROR:cache_service:Error setting OHLC batch: Object of type datetime is not JSON serializable
INFO:root:💾 Saved 500 records in 0.06s (7735 rec/s) | 17 15min, 241 hourly, 242 daily | Queue: 0
ERROR:cache_service:Error setting OHLC batch: Object of type datetime is not JSON serializable
INFO:root:💾 Saved 500 records in 0.05s (9683 rec/s) | 6 15min, 247 hourly, 247 daily | Queue: 0
ERROR:cache_service:Error setting OHLC batch: Object of type datetime is not JSON serializable
INFO:root:💾 Saved 500 records in 0.04s (11135 rec/s) | 11 15min, 245 hourly, 244 daily | Queue: 0
ERROR:cache_service:Error setting OHLC batch: Object of type datetime is not JSON serializable
INFO:root:💾 Saved 500 records in 0.05s (9657 rec/s) | 9 15min, 245 hourly, 246 daily | Queue: 0
ERROR:cache_service:Error setting OHLC batch: Object of type datetime is not JSON serializable
INFO:root:💾 Saved 352 records in 0.04s (9551 rec/s) | 8 15min, 172 hourly, 172 daily | Queue: 0
INFO:root:📊 STATUS: 7,117,035 received | 7,096,925 processed | 20110 buffered | 2054 active | ProcQ: 0 | DBQ: 0 | 738,861 saved | Failed: 0 | Vol: TEXINFRA:8,263, DPWIRES:3,565
INFO:root:📊 STATUS: 7,140,197 received | 7,096,925 processed | 43272 buffered | 2320 active | ProcQ: 0 | DBQ: 0 | 738,861 saved | Failed: 0 | Vol: TEXINFRA:8,263, DPWIRES:3,565
INFO:root:⏰ Interval update (60s): 05:54:37 UTC
INFO:root:📤 Queued 46555 ticks from 2329 instruments | Processing queue: 1
ERROR:cache_service:Error setting OHLC batch: Object of type datetime is not JSON serializable
INFO:root:💾 Saved 500 records in 0.05s (9158 rec/s) | 21 15min, 240 hourly, 239 daily | Queue: 0
ERROR:cache_service:Error setting OHLC batch: Object of type datetime is not JSON serializable
INFO:root:💾 Saved 500 records in 0.05s (9462 rec/s) | 13 15min, 243 hourly, 244 daily | Queue: 0
ERROR:cache_service:Error setting OHLC batch: Object of type datetime is not JSON serializable
INFO:root:💾 Saved 500 records in 0.06s (8626 rec/s) | 17 15min, 242 hourly, 241 daily | Queue: 0
ERROR:cache_service:Error setting OHLC batch: Object of type datetime is not JSON serializable
INFO:root:💾 Saved 500 records in 0.05s (10136 rec/s) | 14 15min, 243 hourly, 243 daily | Queue: 0
ERROR:cache_service:Error setting OHLC batch: Object of type datetime is not JSON serializable
INFO:root:💾 Saved 500 records in 0.05s (9153 rec/s) | 15 15min, 242 hourly, 243 daily | Queue: 0
ERROR:cache_service:Error setting OHLC batch: Object of type datetime is not JSON serializable
INFO:root:💾 Saved 500 records in 0.05s (10950 rec/s) | 17 15min, 242 hourly, 241 daily | Queue: 0
ERROR:cache_service:Error setting OHLC batch: Object of type datetime is not JSON serializable
INFO:root:💾 Saved 500 records in 0.05s (9891 rec/s) | 9 15min, 245 hourly, 246 daily | Queue: 0
ERROR:cache_service:Error setting OHLC batch: Object of type datetime is not JSON serializable
INFO:root:💾 Saved 500 records in 0.05s (10327 rec/s) | 12 15min, 244 hourly, 244 daily | Queue: 0
ERROR:cache_service:Error setting OHLC batch: Object of type datetime is not JSON serializable
INFO:root:💾 Saved 500 records in 0.04s (11743 rec/s) | 10 15min, 245 hourly, 245 daily | Queue: 0
ERROR:cache_service:Error setting OHLC batch: Object of type datetime is not JSON serializable
INFO:root:💾 Saved 290 records in 0.03s (8769 rec/s) | 4 15min, 143 hourly, 143 daily | Queue: 0
INFO:root:📊 STATUS: 7,162,878 received | 7,143,480 processed | 19398 buffered | 2087 active | ProcQ: 0 | DBQ: 0 | 743,651 saved | Failed: 0 | Vol: TEXINFRA:8,263, DPWIRES:3,565
INFO:root:📊 STATUS: 7,187,109 received | 7,143,480 processed | 43629 buffered | 2333 active | ProcQ: 0 | DBQ: 0 | 743,651 saved | Failed: 0 | Vol: TEXINFRA:8,263, DPWIRES:3,565
INFO:root:⏰ Interval update (60s): 05:55:37 UTC
INFO:root:📤 Queued 46587 ticks from 2361 instruments | Processing queue: 1
ERROR:cache_service:Error setting OHLC batch: Object of type datetime is not JSON serializable
INFO:root:💾 Saved 500 records in 0.04s (11485 rec/s) | 21 15min, 240 hourly, 239 daily | Queue: 0
ERROR:cache_service:Error setting OHLC batch: Object of type datetime is not JSON serializable
INFO:root:💾 Saved 500 records in 0.05s (10516 rec/s) | 13 15min, 243 hourly, 244 daily | Queue: 0
ERROR:cache_service:Error setting OHLC batch: Object of type datetime is not JSON serializable
INFO:root:💾 Saved 500 records in 0.05s (9593 rec/s) | 17 15min, 242 hourly, 241 daily | Queue: 0
ERROR:cache_service:Error setting OHLC batch: Object of type datetime is not JSON serializable
INFO:root:💾 Saved 500 records in 0.06s (8902 rec/s) | 15 15min, 242 hourly, 243 daily | Queue: 0
ERROR:cache_service:Error setting OHLC batch: Object of type datetime is not JSON serializable
INFO:root:💾 Saved 500 records in 0.04s (11678 rec/s) | 15 15min, 243 hourly, 242 daily | Queue: 0
ERROR:cache_service:Error setting OHLC batch: Object of type datetime is not JSON serializable
INFO:root:💾 Saved 500 records in 0.04s (12210 rec/s) | 14 15min, 243 hourly, 243 daily | Queue: 0
ERROR:cache_service:Error setting OHLC batch: Object of type datetime is not JSON serializable
INFO:root:💾 Saved 500 records in 0.06s (8146 rec/s) | 9 15min, 245 hourly, 246 daily | Queue: 0
ERROR:cache_service:Error setting OHLC batch: Object of type datetime is not JSON serializable
INFO:root:💾 Saved 500 records in 0.04s (11938 rec/s) | 11 15min, 245 hourly, 244 daily | Queue: 0
ERROR:cache_service:Error setting OHLC batch: Object of type datetime is not JSON serializable
INFO:root:💾 Saved 500 records in 0.05s (10168 rec/s) | 9 15min, 245 hourly, 246 daily | Queue: 0
ERROR:cache_service:Error setting OHLC batch: Object of type datetime is not JSON serializable
INFO:root:💾 Saved 354 records in 0.04s (9926 rec/s) | 8 15min, 173 hourly, 173 daily | Queue: 0
INFO:root:📊 STATUS: 7,211,311 received | 7,190,067 processed | 21244 buffered | 2133 active | ProcQ: 0 | DBQ: 0 | 748,505 saved | Failed: 0 | Vol: TEXINFRA:8,263, DPWIRES:3,565
INFO:root:📊 STATUS: 7,236,823 received | 7,190,067 processed | 46756 buffered | 2336 active | ProcQ: 0 | DBQ: 0 | 748,505 saved | Failed: 0 | Vol: TEXINFRA:8,263, DPWIRES:3,565
INFO:root:⏰ Interval update (60s): 05:56:37 UTC
INFO:root:📤 Queued 49705 ticks from 2346 instruments | Processing queue: 1
ERROR:cache_service:Error setting OHLC batch: Object of type datetime is not JSON serializable
INFO:root:💾 Saved 500 records in 0.12s (4166 rec/s) | 21 15min, 240 hourly, 239 daily | Queue: 0
ERROR:cache_service:Error setting OHLC batch: Object of type datetime is not JSON serializable
INFO:root:💾 Saved 500 records in 0.12s (4217 rec/s) | 13 15min, 243 hourly, 244 daily | Queue: 0
ERROR:cache_service:Error setting OHLC batch: Object of type datetime is not JSON serializable
INFO:root:💾 Saved 500 records in 0.11s (4535 rec/s) | 17 15min, 242 hourly, 241 daily | Queue: 0
ERROR:cache_service:Error setting OHLC batch: Object of type datetime is not JSON serializable
INFO:root:💾 Saved 500 records in 0.13s (3892 rec/s) | 15 15min, 242 hourly, 243 daily | Queue: 0
ERROR:cache_service:Error setting OHLC batch: Object of type datetime is not JSON serializable
INFO:root:💾 Saved 500 records in 0.13s (3819 rec/s) | 15 15min, 243 hourly, 242 daily | Queue: 0
ERROR:cache_service:Error setting OHLC batch: Object of type datetime is not JSON serializable
INFO:root:💾 Saved 500 records in 0.11s (4460 rec/s) | 17 15min, 241 hourly, 242 daily | Queue: 0
ERROR:cache_service:Error setting OHLC batch: Object of type datetime is not JSON serializable
INFO:root:💾 Saved 500 records in 0.11s (4550 rec/s) | 8 15min, 246 hourly, 246 daily | Queue: 0
ERROR:cache_service:Error setting OHLC batch: Object of type datetime is not JSON serializable
INFO:root:💾 Saved 500 records in 0.11s (4392 rec/s) | 10 15min, 245 hourly, 245 daily | Queue: 0
ERROR:cache_service:Error setting OHLC batch: Object of type datetime is not JSON serializable
INFO:root:💾 Saved 500 records in 0.12s (4000 rec/s) | 8 15min, 246 hourly, 246 daily | Queue: 0
ERROR:cache_service:Error setting OHLC batch: Object of type datetime is not JSON serializable
INFO:root:💾 Saved 324 records in 0.08s (4048 rec/s) | 8 15min, 158 hourly, 158 daily | Queue: 0
INFO:root:📊 STATUS: 7,260,233 received | 7,239,772 processed | 20461 buffered | 2167 active | ProcQ: 0 | DBQ: 0 | 753,329 saved | Failed: 0 | Vol: TEXINFRA:8,263, DPWIRES:3,565
INFO:root:📊 STATUS: 7,283,593 received | 7,239,772 processed | 43821 buffered | 2360 active | ProcQ: 0 | DBQ: 0 | 753,329 saved | Failed: 0 | Vol: TEXINFRA:8,263, DPWIRES:3,565
INFO:root:⏰ Interval update (60s): 05:57:37 UTC
INFO:root:📤 Queued 46662 ticks from 2371 instruments | Processing queue: 1
ERROR:cache_service:Error setting OHLC batch: Object of type datetime is not JSON serializable
INFO:root:💾 Saved 500 records in 0.05s (9692 rec/s) | 21 15min, 240 hourly, 239 daily | Queue: 0
ERROR:cache_service:Error setting OHLC batch: Object of type datetime is not JSON serializable
INFO:root:💾 Saved 500 records in 0.05s (10141 rec/s) | 13 15min, 243 hourly, 244 daily | Queue: 0
ERROR:cache_service:Error setting OHLC batch: Object of type datetime is not JSON serializable
INFO:root:💾 Saved 500 records in 0.05s (10198 rec/s) | 17 15min, 242 hourly, 241 daily | Queue: 0
ERROR:cache_service:Error setting OHLC batch: Object of type datetime is not JSON serializable
INFO:root:💾 Saved 500 records in 0.06s (8851 rec/s) | 14 15min, 243 hourly, 243 daily | Queue: 0
ERROR:cache_service:Error setting OHLC batch: Object of type datetime is not JSON serializable
INFO:root:💾 Saved 500 records in 0.06s (8989 rec/s) | 15 15min, 242 hourly, 243 daily | Queue: 0
ERROR:cache_service:Error setting OHLC batch: Object of type datetime is not JSON serializable
INFO:root:💾 Saved 500 records in 0.05s (9842 rec/s) | 13 15min, 244 hourly, 243 daily | Queue: 0
ERROR:cache_service:Error setting OHLC batch: Object of type datetime is not JSON serializable
INFO:root:💾 Saved 500 records in 0.06s (8528 rec/s) | 10 15min, 245 hourly, 245 daily | Queue: 0
ERROR:cache_service:Error setting OHLC batch: Object of type datetime is not JSON serializable
INFO:root:💾 Saved 500 records in 0.05s (10220 rec/s) | 12 15min, 244 hourly, 244 daily | Queue: 0
ERROR:cache_service:Error setting OHLC batch: Object of type datetime is not JSON serializable
INFO:root:💾 Saved 500 records in 0.05s (9102 rec/s) | 9 15min, 245 hourly, 246 daily | Queue: 0
ERROR:cache_service:Error setting OHLC batch: Object of type datetime is not JSON serializable
INFO:root:💾 Saved 374 records in 0.05s (8144 rec/s) | 8 15min, 183 hourly, 183 daily | Queue: 0
INFO:root:📊 STATUS: 7,306,678 received | 7,286,434 processed | 20244 buffered | 2181 active | ProcQ: 0 | DBQ: 0 | 758,203 saved | Failed: 0 | Vol: TEXINFRA:8,263, DPWIRES:3,565
INFO:root:📊 STATUS: 7,331,182 received | 7,286,434 processed | 44748 buffered | 2359 active | ProcQ: 0 | DBQ: 0 | 758,203 saved | Failed: 0 | Vol: TEXINFRA:8,263, DPWIRES:3,565
INFO:root:⏰ Interval update (60s): 05:58:37 UTC
INFO:root:📤 Queued 47362 ticks from 2372 instruments | Processing queue: 1
ERROR:cache_service:Error setting OHLC batch: Object of type datetime is not JSON serializable
INFO:root:💾 Saved 500 records in 0.06s (8858 rec/s) | 21 15min, 240 hourly, 239 daily | Queue: 0
ERROR:cache_service:Error setting OHLC batch: Object of type datetime is not JSON serializable
INFO:root:💾 Saved 500 records in 0.05s (10776 rec/s) | 13 15min, 243 hourly, 244 daily | Queue: 0
ERROR:cache_service:Error setting OHLC batch: Object of type datetime is not JSON serializable
INFO:root:💾 Saved 500 records in 0.05s (9498 rec/s) | 17 15min, 242 hourly, 241 daily | Queue: 0
ERROR:cache_service:Error setting OHLC batch: Object of type datetime is not JSON serializable
INFO:root:💾 Saved 500 records in 0.06s (8676 rec/s) | 15 15min, 242 hourly, 243 daily | Queue: 0
ERROR:cache_service:Error setting OHLC batch: Object of type datetime is not JSON serializable
INFO:root:💾 Saved 500 records in 0.09s (5690 rec/s) | 15 15min, 243 hourly, 242 daily | Queue: 0
ERROR:cache_service:Error setting OHLC batch: Object of type datetime is not JSON serializable
INFO:root:💾 Saved 500 records in 0.05s (9900 rec/s) | 13 15min, 243 hourly, 244 daily | Queue: 0
ERROR:cache_service:Error setting OHLC batch: Object of type datetime is not JSON serializable
INFO:root:💾 Saved 500 records in 0.05s (10747 rec/s) | 10 15min, 245 hourly, 245 daily | Queue: 0
ERROR:cache_service:Error setting OHLC batch: Object of type datetime is not JSON serializable
INFO:root:💾 Saved 500 records in 0.05s (10283 rec/s) | 11 15min, 245 hourly, 244 daily | Queue: 0
ERROR:cache_service:Error setting OHLC batch: Object of type datetime is not JSON serializable
INFO:root:💾 Saved 500 records in 0.06s (7756 rec/s) | 9 15min, 245 hourly, 246 daily | Queue: 0
ERROR:cache_service:Error setting OHLC batch: Object of type datetime is not JSON serializable
INFO:root:💾 Saved 376 records in 0.04s (10330 rec/s) | 8 15min, 184 hourly, 184 daily | Queue: 0
INFO:root:📊 STATUS: 7,355,711 received | 7,333,796 processed | 21915 buffered | 2208 active | ProcQ: 0 | DBQ: 0 | 763,079 saved | Failed: 0 | Vol: TEXINFRA:8,263, DPWIRES:3,565
INFO:root:📊 STATUS: 7,381,585 received | 7,333,796 processed | 47789 buffered | 2423 active | ProcQ: 0 | DBQ: 0 | 763,079 saved | Failed: 0 | Vol: TEXINFRA:8,263, DPWIRES:3,565
INFO:root:⏰ Interval update (60s): 05:59:37 UTC
INFO:root:📤 Queued 50158 ticks from 2429 instruments | Processing queue: 1
ERROR:cache_service:Error setting OHLC batch: Object of type datetime is not JSON serializable
INFO:root:💾 Saved 500 records in 0.05s (9966 rec/s) | 21 15min, 240 hourly, 239 daily | Queue: 0
ERROR:cache_service:Error setting OHLC batch: Object of type datetime is not JSON serializable
INFO:root:💾 Saved 500 records in 0.05s (10449 rec/s) | 13 15min, 243 hourly, 244 daily | Queue: 0
ERROR:cache_service:Error setting OHLC batch: Object of type datetime is not JSON serializable
INFO:root:💾 Saved 500 records in 0.05s (10857 rec/s) | 17 15min, 242 hourly, 241 daily | Queue: 0
ERROR:cache_service:Error setting OHLC batch: Object of type datetime is not JSON serializable
INFO:root:💾 Saved 500 records in 0.05s (10455 rec/s) | 15 15min, 242 hourly, 243 daily | Queue: 0
ERROR:cache_service:Error setting OHLC batch: Object of type datetime is not JSON serializable
INFO:root:💾 Saved 500 records in 0.05s (9308 rec/s) | 10 15min, 245 hourly, 245 daily | Queue: 0
ERROR:cache_service:Error setting OHLC batch: Object of type datetime is not JSON serializable
INFO:root:💾 Saved 500 records in 0.05s (9675 rec/s) | 18 15min, 241 hourly, 241 daily | Queue: 0
ERROR:cache_service:Error setting OHLC batch: Object of type datetime is not JSON serializable
INFO:root:💾 Saved 500 records in 0.05s (10451 rec/s) | 10 15min, 245 hourly, 245 daily | Queue: 0
ERROR:cache_service:Error setting OHLC batch: Object of type datetime is not JSON serializable
INFO:root:💾 Saved 500 records in 0.05s (10346 rec/s) | 8 15min, 246 hourly, 246 daily | Queue: 0
ERROR:cache_service:Error setting OHLC batch: Object of type datetime is not JSON serializable
INFO:root:💾 Saved 500 records in 0.05s (10945 rec/s) | 12 15min, 244 hourly, 244 daily | Queue: 0
ERROR:cache_service:Error setting OHLC batch: Object of type datetime is not JSON serializable
INFO:root:💾 Saved 490 records in 0.04s (11003 rec/s) | 8 15min, 241 hourly, 241 daily | Queue: 0
INFO:root:🕐 New hour detected (UTC): 2026-04-28 06:00:00+00:00
INFO:root:📤 Queued 17493 ticks from 2148 instruments | Processing queue: 1
ERROR:cache_service:Error setting OHLC batch: Object of type datetime is not JSON serializable
INFO:root:💾 Saved 500 records in 0.12s (4061 rec/s) | 21 15min, 240 hourly, 239 daily | Queue: 0
ERROR:cache_service:Error setting OHLC batch: Object of type datetime is not JSON serializable
INFO:root:💾 Saved 500 records in 0.12s (4255 rec/s) | 18 15min, 241 hourly, 241 daily | Queue: 0
ERROR:cache_service:Error setting OHLC batch: Object of type datetime is not JSON serializable
INFO:root:💾 Saved 500 records in 0.13s (3913 rec/s) | 16 15min, 242 hourly, 242 daily | Queue: 0
ERROR:cache_service:Error setting OHLC batch: Object of type datetime is not JSON serializable
INFO:root:💾 Saved 500 records in 0.14s (3608 rec/s) | 15 15min, 242 hourly, 243 daily | Queue: 0
ERROR:cache_service:Error setting OHLC batch: Object of type datetime is not JSON serializable
INFO:root:💾 Saved 500 records in 0.17s (2941 rec/s) | 18 15min, 241 hourly, 241 daily | Queue: 0
ERROR:cache_service:Error setting OHLC batch: Object of type datetime is not JSON serializable
INFO:root:💾 Saved 500 records in 0.17s (2875 rec/s) | 12 15min, 244 hourly, 244 daily | Queue: 0
ERROR:cache_service:Error setting OHLC batch: Object of type datetime is not JSON serializable
INFO:root:💾 Saved 500 records in 0.11s (4533 rec/s) | 12 15min, 244 hourly, 244 daily | Queue: 0
ERROR:cache_service:Error setting OHLC batch: Object of type datetime is not JSON serializable
INFO:root:💾 Saved 500 records in 0.10s (5169 rec/s) | 12 15min, 244 hourly, 244 daily | Queue: 0
ERROR:cache_service:Error setting OHLC batch: Object of type datetime is not JSON serializable
INFO:root:💾 Saved 428 records in 0.10s (4092 rec/s) | 8 15min, 210 hourly, 210 daily | Queue: 0
INFO:root:📊 STATUS: 7,403,310 received | 7,401,447 processed | 1863 buffered | 1102 active | ProcQ: 0 | DBQ: 0 | 772,497 saved | Failed: 0 | Vol: TEXINFRA:8,263, DPWIRES:3,565
INFO:root:📊 STATUS: 7,428,743 received | 7,401,447 processed | 27296 buffered | 2297 active | ProcQ: 0 | DBQ: 0 | 772,497 saved | Failed: 0 | Vol: TEXINFRA:8,263, DPWIRES:3,565
INFO:root:⏰ Interval update (60s): 06:00:37 UTC
INFO:root:📤 Queued 29654 ticks from 2333 instruments | Processing queue: 1
ERROR:cache_service:Error setting OHLC batch: Object of type datetime is not JSON serializable
INFO:root:💾 Saved 500 records in 0.06s (8192 rec/s) | 21 15min, 240 hourly, 239 daily | Queue: 0
ERROR:cache_service:Error setting OHLC batch: Object of type datetime is not JSON serializable
INFO:root:💾 Saved 500 records in 0.05s (9623 rec/s) | 13 15min, 243 hourly, 244 daily | Queue: 0
ERROR:cache_service:Error setting OHLC batch: Object of type datetime is not JSON serializable
INFO:root:💾 Saved 500 records in 0.06s (8590 rec/s) | 17 15min, 242 hourly, 241 daily | Queue: 0
ERROR:cache_service:Error setting OHLC batch: Object of type datetime is not JSON serializable
INFO:root:💾 Saved 500 records in 0.06s (8608 rec/s) | 15 15min, 242 hourly, 243 daily | Queue: 0
ERROR:cache_service:Error setting OHLC batch: Object of type datetime is not JSON serializable
INFO:root:💾 Saved 500 records in 0.05s (9264 rec/s) | 15 15min, 243 hourly, 242 daily | Queue: 0
ERROR:cache_service:Error setting OHLC batch: Object of type datetime is not JSON serializable
INFO:root:💾 Saved 500 records in 0.06s (8379 rec/s) | 17 15min, 241 hourly, 242 daily | Queue: 0
ERROR:cache_service:Error setting OHLC batch: Object of type datetime is not JSON serializable
INFO:root:💾 Saved 500 records in 0.05s (10827 rec/s) | 9 15min, 246 hourly, 245 daily | Queue: 0
ERROR:cache_service:Error setting OHLC batch: Object of type datetime is not JSON serializable
INFO:root:💾 Saved 500 records in 0.07s (7349 rec/s) | 11 15min, 244 hourly, 245 daily | Queue: 0
ERROR:cache_service:Error setting OHLC batch: Object of type datetime is not JSON serializable
INFO:root:💾 Saved 500 records in 0.05s (10478 rec/s) | 8 15min, 246 hourly, 246 daily | Queue: 0
ERROR:cache_service:Error setting OHLC batch: Object of type datetime is not JSON serializable
INFO:root:💾 Saved 298 records in 0.03s (10162 rec/s) | 6 15min, 146 hourly, 146 daily | Queue: 0
INFO:root:📊 STATUS: 7,452,232 received | 7,431,101 processed | 21131 buffered | 2159 active | ProcQ: 0 | DBQ: 0 | 777,295 saved | Failed: 0 | Vol: TEXINFRA:8,263, DPWIRES:3,565
INFO:root:📊 STATUS: 7,476,066 received | 7,431,101 processed | 44965 buffered | 2367 active | ProcQ: 0 | DBQ: 0 | 777,295 saved | Failed: 0 | Vol: TEXINFRA:8,263, DPWIRES:3,565
INFO:root:⏰ Interval update (60s): 06:01:38 UTC
INFO:root:📤 Queued 46815 ticks from 2371 instruments | Processing queue: 1
ERROR:cache_service:Error setting OHLC batch: Object of type datetime is not JSON serializable
INFO:root:💾 Saved 500 records in 1.14s (437 rec/s) | 21 15min, 240 hourly, 239 daily | Queue: 0
ERROR:cache_service:Error setting OHLC batch: Object of type datetime is not JSON serializable
INFO:root:💾 Saved 500 records in 0.94s (532 rec/s) | 13 15min, 243 hourly, 244 daily | Queue: 0
ERROR:cache_service:Error setting OHLC batch: Object of type datetime is not JSON serializable
INFO:root:💾 Saved 500 records in 0.86s (580 rec/s) | 17 15min, 242 hourly, 241 daily | Queue: 0
ERROR:cache_service:Error setting OHLC batch: Object of type datetime is not JSON serializable
INFO:root:💾 Saved 500 records in 0.84s (597 rec/s) | 15 15min, 242 hourly, 243 daily | Queue: 0
ERROR:cache_service:Error setting OHLC batch: Object of type datetime is not JSON serializable
INFO:root:💾 Saved 500 records in 0.76s (659 rec/s) | 15 15min, 243 hourly, 242 daily | Queue: 0
ERROR:cache_service:Error setting OHLC batch: Object of type datetime is not JSON serializable
INFO:root:💾 Saved 500 records in 0.60s (830 rec/s) | 17 15min, 241 hourly, 242 daily | Queue: 0
ERROR:cache_service:Error setting OHLC batch: Object of type datetime is not JSON serializable
INFO:root:💾 Saved 500 records in 0.59s (852 rec/s) | 6 15min, 247 hourly, 247 daily | Queue: 0
ERROR:cache_service:Error setting OHLC batch: Object of type datetime is not JSON serializable
INFO:root:💾 Saved 500 records in 0.35s (1441 rec/s) | 11 15min, 245 hourly, 244 daily | Queue: 0
ERROR:cache_service:Error setting OHLC batch: Object of type datetime is not JSON serializable
INFO:root:💾 Saved 500 records in 0.43s (1170 rec/s) | 9 15min, 245 hourly, 246 daily | Queue: 0
ERROR:cache_service:Error setting OHLC batch: Object of type datetime is not JSON serializable
INFO:root:💾 Saved 374 records in 0.36s (1026 rec/s) | 8 15min, 183 hourly, 183 daily | Queue: 0
INFO:root:📊 STATUS: 7,499,809 received | 7,477,916 processed | 21893 buffered | 2176 active | ProcQ: 0 | DBQ: 0 | 782,169 saved | Failed: 0 | Vol: TEXINFRA:8,263, DPWIRES:3,565
INFO:root:📊 STATUS: 7,524,372 received | 7,477,916 processed | 46456 buffered | 2392 active | ProcQ: 0 | DBQ: 0 | 782,169 saved | Failed: 0 | Vol: TEXINFRA:8,263, DPWIRES:3,565
INFO:root:⏰ Interval update (60s): 06:02:38 UTC
INFO:root:📤 Queued 48294 ticks from 2395 instruments | Processing queue: 1
ERROR:cache_service:Error setting OHLC batch: Object of type datetime is not JSON serializable
INFO:root:💾 Saved 500 records in 0.88s (566 rec/s) | 21 15min, 240 hourly, 239 daily | Queue: 0
ERROR:cache_service:Error setting OHLC batch: Object of type datetime is not JSON serializable
INFO:root:💾 Saved 500 records in 0.89s (561 rec/s) | 13 15min, 243 hourly, 244 daily | Queue: 0
ERROR:cache_service:Error setting OHLC batch: Object of type datetime is not JSON serializable
INFO:root:💾 Saved 500 records in 1.07s (467 rec/s) | 17 15min, 242 hourly, 241 daily | Queue: 0
ERROR:cache_service:Error setting OHLC batch: Object of type datetime is not JSON serializable
INFO:root:💾 Saved 500 records in 1.22s (409 rec/s) | 15 15min, 242 hourly, 243 daily | Queue: 0
ERROR:cache_service:Error setting OHLC batch: Object of type datetime is not JSON serializable
INFO:root:💾 Saved 500 records in 1.12s (448 rec/s) | 15 15min, 243 hourly, 242 daily | Queue: 0
ERROR:cache_service:Error setting OHLC batch: Object of type datetime is not JSON serializable
INFO:root:💾 Saved 500 records in 1.21s (412 rec/s) | 13 15min, 243 hourly, 244 daily | Queue: 0
ERROR:cache_service:Error setting OHLC batch: Object of type datetime is not JSON serializable
INFO:root:💾 Saved 500 records in 1.23s (408 rec/s) | 10 15min, 245 hourly, 245 daily | Queue: 0
ERROR:cache_service:Error setting OHLC batch: Object of type datetime is not JSON serializable
INFO:root:💾 Saved 500 records in 1.11s (452 rec/s) | 11 15min, 245 hourly, 244 daily | Queue: 0
ERROR:cache_service:Error setting OHLC batch: Object of type datetime is not JSON serializable
INFO:root:💾 Saved 500 records in 0.96s (519 rec/s) | 9 15min, 245 hourly, 246 daily | Queue: 0
ERROR:cache_service:Error setting OHLC batch: Object of type datetime is not JSON serializable
INFO:root:💾 Saved 422 records in 0.81s (520 rec/s) | 8 15min, 207 hourly, 207 daily | Queue: 0
INFO:root:📊 STATUS: 7,547,269 received | 7,526,210 processed | 21059 buffered | 2129 active | ProcQ: 0 | DBQ: 0 | 787,091 saved | Failed: 0 | Vol: TEXINFRA:8,263, DPWIRES:3,565
INFO:root:📊 STATUS: 7,571,075 received | 7,526,210 processed | 44865 buffered | 2358 active | ProcQ: 0 | DBQ: 0 | 787,091 saved | Failed: 0 | Vol: TEXINFRA:8,263, DPWIRES:3,565
INFO:root:⏰ Interval update (60s): 06:03:38 UTC
INFO:root:📤 Queued 46201 ticks from 2367 instruments | Processing queue: 1
ERROR:cache_service:Error setting OHLC batch: Object of type datetime is not JSON serializable
INFO:root:💾 Saved 500 records in 1.19s (420 rec/s) | 21 15min, 240 hourly, 239 daily | Queue: 0
ERROR:cache_service:Error setting OHLC batch: Object of type datetime is not JSON serializable
INFO:root:💾 Saved 500 records in 1.17s (428 rec/s) | 13 15min, 243 hourly, 244 daily | Queue: 0
ERROR:cache_service:Error setting OHLC batch: Object of type datetime is not JSON serializable
INFO:root:💾 Saved 500 records in 1.70s (294 rec/s) | 17 15min, 242 hourly, 241 daily | Queue: 0
ERROR:cache_service:Error setting OHLC batch: Object of type datetime is not JSON serializable
INFO:root:💾 Saved 500 records in 1.36s (366 rec/s) | 15 15min, 242 hourly, 243 daily | Queue: 0
ERROR:cache_service:Error setting OHLC batch: Object of type datetime is not JSON serializable
INFO:root:💾 Saved 500 records in 2.11s (237 rec/s) | 15 15min, 243 hourly, 242 daily | Queue: 0
ERROR:cache_service:Error setting OHLC batch: Object of type datetime is not JSON serializable
INFO:root:💾 Saved 500 records in 3.15s (159 rec/s) | 17 15min, 241 hourly, 242 daily | Queue: 0
ERROR:cache_service:Error setting OHLC batch: Object of type datetime is not JSON serializable
INFO:root:💾 Saved 500 records in 1.84s (272 rec/s) | 6 15min, 247 hourly, 247 daily | Queue: 0
ERROR:cache_service:Error setting OHLC batch: Object of type datetime is not JSON serializable
INFO:root:💾 Saved 500 records in 2.83s (177 rec/s) | 11 15min, 245 hourly, 244 daily | Queue: 0
ERROR:cache_service:Error setting OHLC batch: Object of type datetime is not JSON serializable
INFO:root:💾 Saved 500 records in 2.53s (198 rec/s) | 9 15min, 245 hourly, 246 daily | Queue: 0
ERROR:cache_service:Error setting OHLC batch: Object of type datetime is not JSON serializable
INFO:root:💾 Saved 366 records in 1.64s (223 rec/s) | 8 15min, 179 hourly, 179 daily | Queue: 0
INFO:root:📊 STATUS: 7,594,226 received | 7,572,411 processed | 21815 buffered | 2188 active | ProcQ: 0 | DBQ: 0 | 791,957 saved | Failed: 0 | Vol: TEXINFRA:8,263, DPWIRES:3,565
INFO:root:📊 STATUS: 7,617,656 received | 7,572,411 processed | 45245 buffered | 2347 active | ProcQ: 0 | DBQ: 0 | 791,957 saved | Failed: 0 | Vol: TEXINFRA:8,263, DPWIRES:3,565
INFO:root:⏰ Interval update (60s): 06:04:38 UTC
INFO:root:📤 Queued 46562 ticks from 2362 instruments | Processing queue: 1
INFO:root:📊 STATUS: 7,640,424 received | 7,618,973 processed | 21451 buffered | 2172 active | ProcQ: 0 | DBQ: 0 | 791,957 saved | Failed: 0 | Vol: TEXINFRA:8,263, DPWIRES:3,565
ERROR:cache_service:Error setting OHLC batch: Object of type datetime is not JSON serializable
INFO:root:💾 Saved 500 records in 39.71s (13 rec/s) | 21 15min, 240 hourly, 239 daily | Queue: 0
INFO:root:📊 STATUS: 7,667,151 received | 7,618,973 processed | 48178 buffered | 2367 active | ProcQ: 0 | DBQ: 0 | 792,457 saved | Failed: 0 | Vol: TEXINFRA:8,263, DPWIRES:3,565
INFO:root:⏰ Interval update (60s): 06:05:38 UTC
INFO:root:📤 Queued 49358 ticks from 2370 instruments | Processing queue: 1
INFO:root:📊 STATUS: 7,690,362 received | 7,668,331 processed | 22031 buffered | 2159 active | ProcQ: 0 | DBQ: 1 | 792,457 saved | Failed: 0 | Vol: TEXINFRA:8,263, DPWIRES:3,565
INFO:root:📊 STATUS: 7,713,650 received | 7,668,331 processed | 45319 buffered | 2371 active | ProcQ: 0 | DBQ: 1 | 792,457 saved | Failed: 0 | Vol: TEXINFRA:8,263, DPWIRES:3,565
INFO:root:⏰ Interval update (60s): 06:06:38 UTC
INFO:root:📤 Queued 46526 ticks from 2375 instruments | Processing queue: 1
ERROR:cache_service:Error setting OHLC batch: Object of type datetime is not JSON serializable
INFO:root:💾 Saved 500 records in 99.98s (5 rec/s) | 13 15min, 243 hourly, 244 daily | Queue: 2
INFO:root:📊 STATUS: 7,736,968 received | 7,714,857 processed | 22111 buffered | 2199 active | ProcQ: 0 | DBQ: 2 | 792,957 saved | Failed: 0 | Vol: TEXINFRA:8,263, DPWIRES:3,565
ERROR:cache_service:Error setting OHLC batch: Object of type datetime is not JSON serializable
INFO:root:💾 Saved 500 records in 11.31s (44 rec/s) | 17 15min, 242 hourly, 241 daily | Queue: 2
ERROR:cache_service:Error setting OHLC batch: Object of type datetime is not JSON serializable
INFO:root:💾 Saved 500 records in 13.37s (37 rec/s) | 15 15min, 242 hourly, 243 daily | Queue: 2
INFO:root:📊 STATUS: 7,760,476 received | 7,714,857 processed | 45619 buffered | 2357 active | ProcQ: 0 | DBQ: 2 | 793,957 saved | Failed: 0 | Vol: TEXINFRA:8,263, DPWIRES:3,565
INFO:root:⏰ Interval update (60s): 06:07:38 UTC
INFO:root:📤 Queued 46336 ticks from 2359 instruments | Processing queue: 1
ERROR:cache_service:Error setting OHLC batch: Object of type datetime is not JSON serializable
INFO:root:💾 Saved 500 records in 28.28s (18 rec/s) | 15 15min, 243 hourly, 242 daily | Queue: 3
INFO:root:📊 STATUS: 7,785,520 received | 7,761,193 processed | 24327 buffered | 2195 active | ProcQ: 0 | DBQ: 3 | 794,457 saved | Failed: 0 | Vol: TEXINFRA:8,263, DPWIRES:3,567
INFO:root:📊 STATUS: 7,810,193 received | 7,761,193 processed | 49000 buffered | 2396 active | ProcQ: 0 | DBQ: 3 | 794,457 saved | Failed: 0 | Vol: TEXINFRA:8,263, DPWIRES:3,567
INFO:root:⏰ Interval update (60s): 06:08:38 UTC
INFO:root:📤 Queued 49821 ticks from 2396 instruments | Processing queue: 1
INFO:root:📊 STATUS: 7,833,624 received | 7,811,014 processed | 22610 buffered | 2182 active | ProcQ: 0 | DBQ: 4 | 794,457 saved | Failed: 0 | Vol: TEXINFRA:8,267, DPWIRES:3,567
ERROR:cache_service:Error setting OHLC batch: Object of type datetime is not JSON serializable
INFO:root:💾 Saved 500 records in 94.21s (5 rec/s) | 17 15min, 241 hourly, 242 daily | Queue: 4
INFO:root:📊 STATUS: 7,857,154 received | 7,811,014 processed | 46140 buffered | 2365 active | ProcQ: 0 | DBQ: 4 | 794,957 saved | Failed: 0 | Vol: TEXINFRA:8,267, DPWIRES:3,567
INFO:root:⏰ Interval update (60s): 06:09:39 UTC
INFO:root:📤 Queued 46837 ticks from 2366 instruments | Processing queue: 1
INFO:root:📊 STATUS: 7,879,560 received | 7,857,851 processed | 21709 buffered | 2215 active | ProcQ: 0 | DBQ: 5 | 794,957 saved | Failed: 0 | Vol: TEXINFRA:8,267, DPWIRES:3,567
ERROR:cache_service:Error setting OHLC batch: Object of type datetime is not JSON serializable
INFO:root:💾 Saved 500 records in 49.14s (10 rec/s) | 6 15min, 247 hourly, 247 daily | Queue: 5
ERROR:cache_service:Error setting OHLC batch: Object of type datetime is not JSON serializable
INFO:root:💾 Saved 500 records in 20.92s (24 rec/s) | 11 15min, 245 hourly, 244 daily | Queue: 5
INFO:root:📊 STATUS: 7,903,225 received | 7,857,851 processed | 45374 buffered | 2380 active | ProcQ: 0 | DBQ: 5 | 795,957 saved | Failed: 0 | Vol: TEXINFRA:8,267, DPWIRES:3,567
INFO:root:⏰ Interval update (60s): 06:10:39 UTC
INFO:root:📤 Queued 46135 ticks from 2384 instruments | Processing queue: 1
INFO:root:📊 STATUS: 7,928,195 received | 7,903,986 processed | 24209 buffered | 2213 active | ProcQ: 0 | DBQ: 6 | 795,957 saved | Failed: 0 | Vol: TEXINFRA:8,267, DPWIRES:3,567
ERROR:cache_service:Error setting OHLC batch: Object of type datetime is not JSON serializable
INFO:root:💾 Saved 500 records in 60.77s (8 rec/s) | 9 15min, 245 hourly, 246 daily | Queue: 6
INFO:root:📊 STATUS: 7,952,720 received | 7,903,986 processed | 48734 buffered | 2385 active | ProcQ: 0 | DBQ: 6 | 796,457 saved | Failed: 0 | Vol: TEXINFRA:8,267, DPWIRES:3,567
INFO:root:⏰ Interval update (60s): 06:11:39 UTC
INFO:root:📤 Queued 49239 ticks from 2386 instruments | Processing queue: 1
ERROR:cache_service:Error setting OHLC batch: Object of type datetime is not JSON serializable
INFO:root:💾 Saved 356 records in 8.22s (43 rec/s) | 8 15min, 174 hourly, 174 daily | Queue: 7
ERROR:cache_service:Error setting OHLC batch: Object of type datetime is not JSON serializable
INFO:root:💾 Saved 500 records in 8.33s (60 rec/s) | 21 15min, 240 hourly, 239 daily | Queue: 6
ERROR:cache_service:Error setting OHLC batch: Object of type datetime is not JSON serializable
INFO:root:💾 Saved 500 records in 5.27s (95 rec/s) | 13 15min, 243 hourly, 244 daily | Queue: 6
ERROR:cache_service:Error setting OHLC batch: Object of type datetime is not JSON serializable
INFO:root:💾 Saved 500 records in 5.45s (92 rec/s) | 17 15min, 242 hourly, 241 daily | Queue: 6
INFO:root:📊 STATUS: 7,975,516 received | 7,953,225 processed | 22291 buffered | 2180 active | ProcQ: 0 | DBQ: 6 | 798,313 saved | Failed: 0 | Vol: TEXINFRA:8,267, DPWIRES:3,567
ERROR:cache_service:Error setting OHLC batch: Object of type datetime is not JSON serializable
INFO:root:💾 Saved 500 records in 5.45s (92 rec/s) | 15 15min, 242 hourly, 243 daily | Queue: 6
ERROR:cache_service:Error setting OHLC batch: Object of type datetime is not JSON serializable
INFO:root:💾 Saved 500 records in 5.33s (94 rec/s) | 15 15min, 243 hourly, 242 daily | Queue: 6
ERROR:cache_service:Error setting OHLC batch: Object of type datetime is not JSON serializable
INFO:root:💾 Saved 500 records in 5.49s (91 rec/s) | 17 15min, 241 hourly, 242 daily | Queue: 6
ERROR:cache_service:Error setting OHLC batch: Object of type datetime is not JSON serializable
INFO:root:💾 Saved 500 records in 5.32s (94 rec/s) | 6 15min, 247 hourly, 247 daily | Queue: 6
ERROR:cache_service:Error setting OHLC batch: Object of type datetime is not JSON serializable
INFO:root:💾 Saved 500 records in 4.93s (101 rec/s) | 11 15min, 245 hourly, 244 daily | Queue: 6
INFO:root:📊 STATUS: 7,997,577 received | 7,953,225 processed | 44352 buffered | 2368 active | ProcQ: 0 | DBQ: 6 | 800,813 saved | Failed: 0 | Vol: TEXINFRA:8,267, DPWIRES:3,567
INFO:root:⏰ Interval update (60s): 06:12:39 UTC
INFO:root:📤 Queued 44858 ticks from 2369 instruments | Processing queue: 1
INFO:root:📊 STATUS: 8,020,710 received | 7,998,083 processed | 22627 buffered | 2214 active | ProcQ: 0 | DBQ: 7 | 800,813 saved | Failed: 0 | Vol: TEXINFRA:8,267, DPWIRES:3,567
ERROR:cache_service:Error setting OHLC batch: Object of type datetime is not JSON serializable
INFO:root:💾 Saved 500 records in 54.09s (9 rec/s) | 9 15min, 245 hourly, 246 daily | Queue: 7
INFO:root:📊 STATUS: 8,043,961 received | 7,998,083 processed | 45878 buffered | 2384 active | ProcQ: 0 | DBQ: 7 | 801,313 saved | Failed: 0 | Vol: TEXINFRA:8,267, DPWIRES:3,567
INFO:root:⏰ Interval update (60s): 06:13:39 UTC
INFO:root:📤 Queued 46173 ticks from 2385 instruments | Processing queue: 1
ERROR:cache_service:Error setting OHLC batch: Object of type datetime is not JSON serializable
INFO:root:💾 Saved 372 records in 32.05s (12 rec/s) | 8 15min, 182 hourly, 182 daily | Queue: 8
INFO:root:📊 STATUS: 8,068,483 received | 8,044,256 processed | 24227 buffered | 2120 active | ProcQ: 0 | DBQ: 7 | 801,685 saved | Failed: 0 | Vol: TEXINFRA:8,267, DPWIRES:3,567
ERROR:cache_service:Error setting OHLC batch: Object of type datetime is not JSON serializable
INFO:root:💾 Saved 500 records in 28.90s (17 rec/s) | 21 15min, 240 hourly, 239 daily | Queue: 7
INFO:root:📊 STATUS: 8,093,145 received | 8,044,256 processed | 48889 buffered | 2342 active | ProcQ: 0 | DBQ: 7 | 802,185 saved | Failed: 0 | Vol: TEXINFRA:8,267, DPWIRES:3,567
INFO:root:⏰ Interval update (60s): 06:14:40 UTC
INFO:root:📤 Queued 49097 ticks from 2343 instruments | Processing queue: 1
INFO:root:📊 STATUS: 8,116,245 received | 8,093,353 processed | 22892 buffered | 2163 active | ProcQ: 0 | DBQ: 8 | 802,185 saved | Failed: 0 | Vol: TEXINFRA:8,267, DPWIRES:3,578
ERROR:cache_service:Error setting OHLC batch: Object of type datetime is not JSON serializable
INFO:root:💾 Saved 500 records in 62.34s (8 rec/s) | 13 15min, 243 hourly, 244 daily | Queue: 8
ERROR:cache_service:Error setting OHLC batch: Object of type datetime is not JSON serializable
INFO:root:💾 Saved 500 records in 4.71s (106 rec/s) | 17 15min, 242 hourly, 241 daily | Queue: 8
ERROR:cache_service:Error setting OHLC batch: Object of type datetime is not JSON serializable
INFO:root:💾 Saved 500 records in 4.88s (102 rec/s) | 15 15min, 242 hourly, 243 daily | Queue: 8
INFO:root:📊 STATUS: 8,139,257 received | 8,093,353 processed | 45904 buffered | 2369 active | ProcQ: 0 | DBQ: 8 | 803,685 saved | Failed: 0 | Vol: TEXINFRA:8,267, DPWIRES:3,578
INFO:root:⏰ Interval update (60s): 06:15:40 UTC
INFO:root:📤 Queued 45976 ticks from 2369 instruments | Processing queue: 1
ERROR:cache_service:Error setting OHLC batch: Object of type datetime is not JSON serializable
INFO:root:💾 Saved 500 records in 4.30s (116 rec/s) | 15 15min, 243 hourly, 242 daily | Queue: 9
ERROR:cache_service:Error setting OHLC batch: Object of type datetime is not JSON serializable
INFO:root:💾 Saved 500 records in 3.99s (125 rec/s) | 17 15min, 241 hourly, 242 daily | Queue: 9
ERROR:cache_service:Error setting OHLC batch: Object of type datetime is not JSON serializable
INFO:root:💾 Saved 500 records in 3.98s (126 rec/s) | 6 15min, 247 hourly, 247 daily | Queue: 9
ERROR:cache_service:Error setting OHLC batch: Object of type datetime is not JSON serializable
INFO:root:💾 Saved 500 records in 3.50s (143 rec/s) | 11 15min, 245 hourly, 244 daily | Queue: 9
ERROR:cache_service:Error setting OHLC batch: Object of type datetime is not JSON serializable
INFO:root:💾 Saved 500 records in 3.45s (145 rec/s) | 9 15min, 245 hourly, 246 daily | Queue: 9
ERROR:cache_service:Error setting OHLC batch: Object of type datetime is not JSON serializable
INFO:root:💾 Saved 382 records in 2.79s (137 rec/s) | 8 15min, 187 hourly, 187 daily | Queue: 9
ERROR:cache_service:Error setting OHLC batch: Object of type datetime is not JSON serializable
INFO:root:💾 Saved 500 records in 3.21s (156 rec/s) | 21 15min, 240 hourly, 239 daily | Queue: 8
ERROR:cache_service:Error setting OHLC batch: Object of type datetime is not JSON serializable
INFO:root:💾 Saved 500 records in 2.94s (170 rec/s) | 13 15min, 243 hourly, 244 daily | Queue: 8
ERROR:cache_service:Error setting OHLC batch: Object of type datetime is not JSON serializable
INFO:root:💾 Saved 500 records in 1.77s (282 rec/s) | 17 15min, 242 hourly, 241 daily | Queue: 8
ERROR:cache_service:Error setting OHLC batch: Object of type datetime is not JSON serializable
INFO:root:💾 Saved 500 records in 1.78s (282 rec/s) | 15 15min, 242 hourly, 243 daily | Queue: 8
INFO:root:📊 STATUS: 8,162,194 received | 8,139,329 processed | 22865 buffered | 2223 active | ProcQ: 0 | DBQ: 8 | 808,567 saved | Failed: 0 | Vol: TEXINFRA:8,267, DPWIRES:3,578
ERROR:cache_service:Error setting OHLC batch: Object of type datetime is not JSON serializable
INFO:root:💾 Saved 500 records in 1.63s (306 rec/s) | 15 15min, 243 hourly, 242 daily | Queue: 8
ERROR:cache_service:Error setting OHLC batch: Object of type datetime is not JSON serializable
INFO:root:💾 Saved 500 records in 2.60s (192 rec/s) | 17 15min, 241 hourly, 242 daily | Queue: 8
ERROR:cache_service:Error setting OHLC batch: Object of type datetime is not JSON serializable
INFO:root:💾 Saved 500 records in 2.83s (177 rec/s) | 6 15min, 247 hourly, 247 daily | Queue: 8
ERROR:cache_service:Error setting OHLC batch: Object of type datetime is not JSON serializable
INFO:root:💾 Saved 500 records in 6.29s (79 rec/s) | 11 15min, 245 hourly, 244 daily | Queue: 8
ERROR:cache_service:Error setting OHLC batch: Object of type datetime is not JSON serializable
INFO:root:💾 Saved 500 records in 4.03s (124 rec/s) | 9 15min, 245 hourly, 246 daily | Queue: 8
ERROR:cache_service:Error setting OHLC batch: Object of type datetime is not JSON serializable
INFO:root:💾 Saved 350 records in 2.43s (144 rec/s) | 8 15min, 171 hourly, 171 daily | Queue: 8
ERROR:cache_service:Error setting OHLC batch: Object of type datetime is not JSON serializable
INFO:root:💾 Saved 500 records in 3.01s (166 rec/s) | 21 15min, 240 hourly, 239 daily | Queue: 7
ERROR:cache_service:Error setting OHLC batch: Object of type datetime is not JSON serializable
INFO:root:💾 Saved 500 records in 2.08s (240 rec/s) | 13 15min, 243 hourly, 244 daily | Queue: 7
ERROR:cache_service:Error setting OHLC batch: Object of type datetime is not JSON serializable
INFO:root:💾 Saved 500 records in 1.81s (276 rec/s) | 17 15min, 242 hourly, 241 daily | Queue: 7
ERROR:cache_service:Error setting OHLC batch: Object of type datetime is not JSON serializable
INFO:root:💾 Saved 500 records in 1.69s (295 rec/s) | 15 15min, 242 hourly, 243 daily | Queue: 7
ERROR:cache_service:Error setting OHLC batch: Object of type datetime is not JSON serializable
INFO:root:💾 Saved 500 records in 2.38s (210 rec/s) | 15 15min, 243 hourly, 242 daily | Queue: 7
INFO:root:📊 STATUS: 8,185,150 received | 8,139,329 processed | 45821 buffered | 2375 active | ProcQ: 0 | DBQ: 7 | 813,917 saved | Failed: 0 | Vol: TEXINFRA:8,267, DPWIRES:3,578
INFO:root:⏰ Interval update (60s): 06:16:40 UTC
INFO:root:📤 Queued 46186 ticks from 2378 instruments | Processing queue: 1
ERROR:cache_service:Error setting OHLC batch: Object of type datetime is not JSON serializable
INFO:root:💾 Saved 500 records in 3.85s (130 rec/s) | 13 15min, 243 hourly, 244 daily | Queue: 8
ERROR:cache_service:Error setting OHLC batch: Object of type datetime is not JSON serializable
INFO:root:💾 Saved 500 records in 3.71s (135 rec/s) | 10 15min, 245 hourly, 245 daily | Queue: 8
ERROR:cache_service:Error setting OHLC batch: Object of type datetime is not JSON serializable
INFO:root:💾 Saved 500 records in 4.18s (120 rec/s) | 11 15min, 245 hourly, 244 daily | Queue: 8
ERROR:cache_service:Error setting OHLC batch: Object of type datetime is not JSON serializable
INFO:root:💾 Saved 500 records in 4.26s (117 rec/s) | 9 15min, 245 hourly, 246 daily | Queue: 8
ERROR:cache_service:Error setting OHLC batch: Object of type datetime is not JSON serializable
INFO:root:💾 Saved 424 records in 2.99s (142 rec/s) | 8 15min, 208 hourly, 208 daily | Queue: 8
ERROR:cache_service:Error setting OHLC batch: Object of type datetime is not JSON serializable
INFO:root:💾 Saved 500 records in 2.96s (169 rec/s) | 21 15min, 240 hourly, 239 daily | Queue: 7
ERROR:cache_service:Error setting OHLC batch: Object of type datetime is not JSON serializable
INFO:root:💾 Saved 500 records in 2.24s (223 rec/s) | 13 15min, 243 hourly, 244 daily | Queue: 7
ERROR:cache_service:Error setting OHLC batch: Object of type datetime is not JSON serializable
INFO:root:💾 Saved 500 records in 2.88s (173 rec/s) | 17 15min, 242 hourly, 241 daily | Queue: 7
INFO:root:📊 STATUS: 8,209,804 received | 8,185,515 processed | 24289 buffered | 2114 active | ProcQ: 0 | DBQ: 7 | 817,841 saved | Failed: 0 | Vol: TEXINFRA:8,267, DPWIRES:3,863
ERROR:cache_service:Error setting OHLC batch: Object of type datetime is not JSON serializable
INFO:root:💾 Saved 500 records in 4.42s (113 rec/s) | 15 15min, 242 hourly, 243 daily | Queue: 7
ERROR:cache_service:Error setting OHLC batch: Object of type datetime is not JSON serializable
INFO:root:💾 Saved 500 records in 6.25s (80 rec/s) | 15 15min, 243 hourly, 242 daily | Queue: 7
ERROR:cache_service:Error setting OHLC batch: Object of type datetime is not JSON serializable
INFO:root:💾 Saved 500 records in 3.23s (155 rec/s) | 14 15min, 243 hourly, 243 daily | Queue: 7
ERROR:cache_service:Error setting OHLC batch: Object of type datetime is not JSON serializable
INFO:root:💾 Saved 500 records in 3.08s (163 rec/s) | 9 15min, 245 hourly, 246 daily | Queue: 7
ERROR:cache_service:Error setting OHLC batch: Object of type datetime is not JSON serializable
INFO:root:💾 Saved 500 records in 3.13s (160 rec/s) | 11 15min, 245 hourly, 244 daily | Queue: 7
ERROR:cache_service:Error setting OHLC batch: Object of type datetime is not JSON serializable
INFO:root:💾 Saved 500 records in 2.88s (173 rec/s) | 9 15min, 245 hourly, 246 daily | Queue: 7
ERROR:cache_service:Error setting OHLC batch: Object of type datetime is not JSON serializable
INFO:root:💾 Saved 364 records in 1.42s (256 rec/s) | 8 15min, 178 hourly, 178 daily | Queue: 7
ERROR:cache_service:Error setting OHLC batch: Object of type datetime is not JSON serializable
INFO:root:💾 Saved 500 records in 1.76s (284 rec/s) | 21 15min, 240 hourly, 239 daily | Queue: 6
ERROR:cache_service:Error setting OHLC batch: Object of type datetime is not JSON serializable
INFO:root:💾 Saved 500 records in 1.94s (258 rec/s) | 13 15min, 243 hourly, 244 daily | Queue: 6
ERROR:cache_service:Error setting OHLC batch: Object of type datetime is not JSON serializable
INFO:root:💾 Saved 500 records in 1.41s (355 rec/s) | 17 15min, 242 hourly, 241 daily | Queue: 6
ERROR:cache_service:Error setting OHLC batch: Object of type datetime is not JSON serializable
INFO:root:💾 Saved 500 records in 0.60s (832 rec/s) | 15 15min, 242 hourly, 243 daily | Queue: 6
ERROR:cache_service:Error setting OHLC batch: Object of type datetime is not JSON serializable
INFO:root:💾 Saved 500 records in 0.36s (1378 rec/s) | 15 15min, 243 hourly, 242 daily | Queue: 6
ERROR:cache_service:Error setting OHLC batch: Object of type datetime is not JSON serializable
INFO:root:💾 Saved 500 records in 0.36s (1402 rec/s) | 13 15min, 243 hourly, 244 daily | Queue: 6
ERROR:cache_service:Error setting OHLC batch: Object of type datetime is not JSON serializable
INFO:root:💾 Saved 500 records in 0.33s (1505 rec/s) | 10 15min, 245 hourly, 245 daily | Queue: 6
ERROR:cache_service:Error setting OHLC batch: Object of type datetime is not JSON serializable
INFO:root:💾 Saved 500 records in 0.36s (1370 rec/s) | 11 15min, 245 hourly, 244 daily | Queue: 6
ERROR:cache_service:Error setting OHLC batch: Object of type datetime is not JSON serializable
INFO:root:💾 Saved 500 records in 0.40s (1258 rec/s) | 9 15min, 245 hourly, 246 daily | Queue: 6
ERROR:cache_service:Error setting OHLC batch: Object of type datetime is not JSON serializable
INFO:root:💾 Saved 400 records in 0.32s (1270 rec/s) | 8 15min, 196 hourly, 196 daily | Queue: 6
ERROR:cache_service:Error setting OHLC batch: Object of type datetime is not JSON serializable
INFO:root:💾 Saved 500 records in 0.34s (1459 rec/s) | 21 15min, 240 hourly, 239 daily | Queue: 5
ERROR:cache_service:Error setting OHLC batch: Object of type datetime is not JSON serializable
INFO:root:💾 Saved 500 records in 0.28s (1796 rec/s) | 13 15min, 243 hourly, 244 daily | Queue: 5
ERROR:cache_service:Error setting OHLC batch: Object of type datetime is not JSON serializable
INFO:root:💾 Saved 500 records in 0.25s (1984 rec/s) | 17 15min, 242 hourly, 241 daily | Queue: 5
INFO:root:📊 STATUS: 8,234,325 received | 8,185,515 processed | 48810 buffered | 2302 active | ProcQ: 0 | DBQ: 5 | 827,605 saved | Failed: 0 | Vol: TEXINFRA:8,267, DPWIRES:3,863
ERROR:cache_service:Error setting OHLC batch: Object of type datetime is not JSON serializable
INFO:root:💾 Saved 500 records in 0.29s (1737 rec/s) | 15 15min, 242 hourly, 243 daily | Queue: 5
INFO:root:⏰ Interval update (60s): 06:17:40 UTC
INFO:root:📤 Queued 48951 ticks from 2302 instruments | Processing queue: 1
ERROR:cache_service:Error setting OHLC batch: Object of type datetime is not JSON serializable
INFO:root:💾 Saved 500 records in 0.34s (1472 rec/s) | 15 15min, 243 hourly, 242 daily | Queue: 5
ERROR:cache_service:Error setting OHLC batch: Object of type datetime is not JSON serializable
INFO:root:💾 Saved 500 records in 0.28s (1759 rec/s) | 13 15min, 243 hourly, 244 daily | Queue: 5
ERROR:cache_service:Error setting OHLC batch: Object of type datetime is not JSON serializable
INFO:root:💾 Saved 500 records in 0.27s (1838 rec/s) | 10 15min, 245 hourly, 245 daily | Queue: 6
ERROR:cache_service:Error setting OHLC batch: Object of type datetime is not JSON serializable
INFO:root:💾 Saved 500 records in 0.26s (1892 rec/s) | 11 15min, 245 hourly, 244 daily | Queue: 6
ERROR:cache_service:Error setting OHLC batch: Object of type datetime is not JSON serializable
INFO:root:💾 Saved 500 records in 0.18s (2818 rec/s) | 9 15min, 245 hourly, 246 daily | Queue: 6
ERROR:cache_service:Error setting OHLC batch: Object of type datetime is not JSON serializable
INFO:root:💾 Saved 404 records in 0.16s (2526 rec/s) | 8 15min, 198 hourly, 198 daily | Queue: 6
ERROR:cache_service:Error setting OHLC batch: Object of type datetime is not JSON serializable
INFO:root:💾 Saved 500 records in 0.49s (1025 rec/s) | 21 15min, 240 hourly, 239 daily | Queue: 5
ERROR:cache_service:Error setting OHLC batch: Object of type datetime is not JSON serializable
INFO:root:💾 Saved 500 records in 0.17s (2947 rec/s) | 13 15min, 243 hourly, 244 daily | Queue: 5
ERROR:cache_service:Error setting OHLC batch: Object of type datetime is not JSON serializable
INFO:root:💾 Saved 500 records in 0.16s (3041 rec/s) | 17 15min, 242 hourly, 241 daily | Queue: 5
ERROR:cache_service:Error setting OHLC batch: Object of type datetime is not JSON serializable
INFO:root:💾 Saved 500 records in 0.15s (3300 rec/s) | 15 15min, 242 hourly, 243 daily | Queue: 5
ERROR:cache_service:Error setting OHLC batch: Object of type datetime is not JSON serializable
INFO:root:💾 Saved 500 records in 0.18s (2852 rec/s) | 15 15min, 243 hourly, 242 daily | Queue: 5
ERROR:cache_service:Error setting OHLC batch: Object of type datetime is not JSON serializable
INFO:root:💾 Saved 500 records in 0.19s (2607 rec/s) | 17 15min, 241 hourly, 242 daily | Queue: 5
ERROR:cache_service:Error setting OHLC batch: Object of type datetime is not JSON serializable
INFO:root:💾 Saved 500 records in 0.17s (2912 rec/s) | 6 15min, 247 hourly, 247 daily | Queue: 5
ERROR:cache_service:Error setting OHLC batch: Object of type datetime is not JSON serializable
INFO:root:💾 Saved 500 records in 0.17s (2989 rec/s) | 11 15min, 245 hourly, 244 daily | Queue: 5
ERROR:cache_service:Error setting OHLC batch: Object of type datetime is not JSON serializable
INFO:root:💾 Saved 500 records in 0.15s (3292 rec/s) | 9 15min, 245 hourly, 246 daily | Queue: 5
ERROR:cache_service:Error setting OHLC batch: Object of type datetime is not JSON serializable
INFO:root:💾 Saved 370 records in 0.12s (3032 rec/s) | 8 15min, 181 hourly, 181 daily | Queue: 5
ERROR:cache_service:Error setting OHLC batch: Object of type datetime is not JSON serializable
INFO:root:💾 Saved 500 records in 0.13s (3893 rec/s) | 21 15min, 240 hourly, 239 daily | Queue: 4
ERROR:cache_service:Error setting OHLC batch: Object of type datetime is not JSON serializable
INFO:root:💾 Saved 500 records in 0.16s (3093 rec/s) | 13 15min, 243 hourly, 244 daily | Queue: 4
ERROR:cache_service:Error setting OHLC batch: Object of type datetime is not JSON serializable
INFO:root:💾 Saved 500 records in 0.16s (3144 rec/s) | 17 15min, 242 hourly, 241 daily | Queue: 4
ERROR:cache_service:Error setting OHLC batch: Object of type datetime is not JSON serializable
INFO:root:💾 Saved 500 records in 0.17s (3011 rec/s) | 14 15min, 243 hourly, 243 daily | Queue: 4
ERROR:cache_service:Error setting OHLC batch: Object of type datetime is not JSON serializable
INFO:root:💾 Saved 500 records in 0.19s (2701 rec/s) | 15 15min, 242 hourly, 243 daily | Queue: 4
ERROR:cache_service:Error setting OHLC batch: Object of type datetime is not JSON serializable
INFO:root:💾 Saved 500 records in 0.14s (3554 rec/s) | 17 15min, 242 hourly, 241 daily | Queue: 4
ERROR:cache_service:Error setting OHLC batch: Object of type datetime is not JSON serializable
INFO:root:💾 Saved 500 records in 0.17s (2865 rec/s) | 6 15min, 247 hourly, 247 daily | Queue: 4
ERROR:cache_service:Error setting OHLC batch: Object of type datetime is not JSON serializable
INFO:root:💾 Saved 500 records in 0.20s (2467 rec/s) | 12 15min, 244 hourly, 244 daily | Queue: 4
ERROR:cache_service:Error setting OHLC batch: Object of type datetime is not JSON serializable
INFO:root:💾 Saved 500 records in 0.11s (4390 rec/s) | 9 15min, 245 hourly, 246 daily | Queue: 4
ERROR:cache_service:Error setting OHLC batch: Object of type datetime is not JSON serializable
INFO:root:💾 Saved 402 records in 0.13s (3114 rec/s) | 8 15min, 197 hourly, 197 daily | Queue: 4
ERROR:cache_service:Error setting OHLC batch: Object of type datetime is not JSON serializable
INFO:root:💾 Saved 500 records in 0.13s (3799 rec/s) | 21 15min, 240 hourly, 239 daily | Queue: 3
ERROR:cache_service:Error setting OHLC batch: Object of type datetime is not JSON serializable
INFO:root:💾 Saved 500 records in 0.12s (4183 rec/s) | 13 15min, 243 hourly, 244 daily | Queue: 3
ERROR:cache_service:Error setting OHLC batch: Object of type datetime is not JSON serializable
INFO:root:💾 Saved 500 records in 0.12s (4227 rec/s) | 17 15min, 242 hourly, 241 daily | Queue: 3
ERROR:cache_service:Error setting OHLC batch: Object of type datetime is not JSON serializable
INFO:root:💾 Saved 500 records in 0.11s (4585 rec/s) | 15 15min, 242 hourly, 243 daily | Queue: 3
ERROR:cache_service:Error setting OHLC batch: Object of type datetime is not JSON serializable
INFO:root:💾 Saved 500 records in 0.12s (4212 rec/s) | 19 15min, 241 hourly, 240 daily | Queue: 3
ERROR:cache_service:Error setting OHLC batch: Object of type datetime is not JSON serializable
INFO:root:💾 Saved 500 records in 0.09s (5297 rec/s) | 13 15min, 243 hourly, 244 daily | Queue: 3
ERROR:cache_service:Error setting OHLC batch: Object of type datetime is not JSON serializable
INFO:root:💾 Saved 500 records in 0.09s (5347 rec/s) | 9 15min, 246 hourly, 245 daily | Queue: 3
ERROR:cache_service:Error setting OHLC batch: Object of type datetime is not JSON serializable
INFO:root:💾 Saved 500 records in 0.08s (6021 rec/s) | 9 15min, 245 hourly, 246 daily | Queue: 3
ERROR:cache_service:Error setting OHLC batch: Object of type datetime is not JSON serializable
INFO:root:💾 Saved 500 records in 0.09s (5421 rec/s) | 9 15min, 246 hourly, 245 daily | Queue: 3
ERROR:cache_service:Error setting OHLC batch: Object of type datetime is not JSON serializable
INFO:root:💾 Saved 318 records in 0.04s (7232 rec/s) | 7 15min, 155 hourly, 156 daily | Queue: 3
ERROR:cache_service:Error setting OHLC batch: Object of type datetime is not JSON serializable
INFO:root:💾 Saved 500 records in 0.09s (5608 rec/s) | 21 15min, 240 hourly, 239 daily | Queue: 2
ERROR:cache_service:Error setting OHLC batch: Object of type datetime is not JSON serializable
INFO:root:💾 Saved 500 records in 0.09s (5726 rec/s) | 13 15min, 243 hourly, 244 daily | Queue: 2
ERROR:cache_service:Error setting OHLC batch: Object of type datetime is not JSON serializable
INFO:root:💾 Saved 500 records in 0.06s (7933 rec/s) | 17 15min, 242 hourly, 241 daily | Queue: 2
ERROR:cache_service:Error setting OHLC batch: Object of type datetime is not JSON serializable
INFO:root:💾 Saved 500 records in 0.08s (6234 rec/s) | 15 15min, 242 hourly, 243 daily | Queue: 2
ERROR:cache_service:Error setting OHLC batch: Object of type datetime is not JSON serializable
INFO:root:💾 Saved 500 records in 0.12s (4284 rec/s) | 15 15min, 243 hourly, 242 daily | Queue: 2
ERROR:cache_service:Error setting OHLC batch: Object of type datetime is not JSON serializable
INFO:root:💾 Saved 500 records in 0.09s (5287 rec/s) | 17 15min, 241 hourly, 242 daily | Queue: 2
ERROR:cache_service:Error setting OHLC batch: Object of type datetime is not JSON serializable
INFO:root:💾 Saved 500 records in 0.09s (5344 rec/s) | 6 15min, 247 hourly, 247 daily | Queue: 2
ERROR:cache_service:Error setting OHLC batch: Object of type datetime is not JSON serializable
INFO:root:💾 Saved 500 records in 0.06s (8428 rec/s) | 11 15min, 245 hourly, 244 daily | Queue: 2
ERROR:cache_service:Error setting OHLC batch: Object of type datetime is not JSON serializable
INFO:root:💾 Saved 500 records in 0.08s (6251 rec/s) | 9 15min, 245 hourly, 246 daily | Queue: 2
ERROR:cache_service:Error setting OHLC batch: Object of type datetime is not JSON serializable
INFO:root:💾 Saved 370 records in 0.12s (3129 rec/s) | 8 15min, 181 hourly, 181 daily | Queue: 2
ERROR:cache_service:Error setting OHLC batch: Object of type datetime is not JSON serializable
INFO:root:💾 Saved 500 records in 0.08s (5884 rec/s) | 21 15min, 240 hourly, 239 daily | Queue: 1
ERROR:cache_service:Error setting OHLC batch: Object of type datetime is not JSON serializable
INFO:root:💾 Saved 500 records in 0.10s (4939 rec/s) | 13 15min, 243 hourly, 244 daily | Queue: 1
ERROR:cache_service:Error setting OHLC batch: Object of type datetime is not JSON serializable
INFO:root:💾 Saved 500 records in 0.07s (7572 rec/s) | 17 15min, 242 hourly, 241 daily | Queue: 1
ERROR:cache_service:Error setting OHLC batch: Object of type datetime is not JSON serializable
INFO:root:💾 Saved 500 records in 0.08s (6013 rec/s) | 15 15min, 242 hourly, 243 daily | Queue: 1
ERROR:cache_service:Error setting OHLC batch: Object of type datetime is not JSON serializable
INFO:root:💾 Saved 500 records in 0.07s (7019 rec/s) | 15 15min, 243 hourly, 242 daily | Queue: 1
ERROR:cache_service:Error setting OHLC batch: Object of type datetime is not JSON serializable
INFO:root:💾 Saved 500 records in 0.08s (6049 rec/s) | 17 15min, 241 hourly, 242 daily | Queue: 1
ERROR:cache_service:Error setting OHLC batch: Object of type datetime is not JSON serializable
INFO:root:💾 Saved 500 records in 0.07s (7296 rec/s) | 6 15min, 247 hourly, 247 daily | Queue: 1
ERROR:cache_service:Error setting OHLC batch: Object of type datetime is not JSON serializable
INFO:root:💾 Saved 500 records in 0.07s (7353 rec/s) | 11 15min, 245 hourly, 244 daily | Queue: 1
ERROR:cache_service:Error setting OHLC batch: Object of type datetime is not JSON serializable
INFO:root:💾 Saved 500 records in 0.09s (5881 rec/s) | 9 15min, 245 hourly, 246 daily | Queue: 1
ERROR:cache_service:Error setting OHLC batch: Object of type datetime is not JSON serializable
INFO:root:💾 Saved 388 records in 0.05s (8314 rec/s) | 8 15min, 190 hourly, 190 daily | Queue: 1
ERROR:cache_service:Error setting OHLC batch: Object of type datetime is not JSON serializable
INFO:root:💾 Saved 500 records in 0.10s (5131 rec/s) | 21 15min, 240 hourly, 239 daily | Queue: 0
ERROR:cache_service:Error setting OHLC batch: Object of type datetime is not JSON serializable
INFO:root:💾 Saved 500 records in 0.10s (5132 rec/s) | 13 15min, 243 hourly, 244 daily | Queue: 0
ERROR:cache_service:Error setting OHLC batch: Object of type datetime is not JSON serializable
INFO:root:💾 Saved 500 records in 0.09s (5837 rec/s) | 17 15min, 242 hourly, 241 daily | Queue: 0
ERROR:cache_service:Error setting OHLC batch: Object of type datetime is not JSON serializable
INFO:root:💾 Saved 500 records in 0.06s (7903 rec/s) | 15 15min, 242 hourly, 243 daily | Queue: 0
ERROR:cache_service:Error setting OHLC batch: Object of type datetime is not JSON serializable
INFO:root:💾 Saved 500 records in 0.08s (6617 rec/s) | 19 15min, 241 hourly, 240 daily | Queue: 0
ERROR:cache_service:Error setting OHLC batch: Object of type datetime is not JSON serializable
INFO:root:💾 Saved 500 records in 0.07s (7064 rec/s) | 13 15min, 243 hourly, 244 daily | Queue: 0
ERROR:cache_service:Error setting OHLC batch: Object of type datetime is not JSON serializable
INFO:root:💾 Saved 500 records in 0.07s (6999 rec/s) | 9 15min, 246 hourly, 245 daily | Queue: 0
ERROR:cache_service:Error setting OHLC batch: Object of type datetime is not JSON serializable
INFO:root:💾 Saved 500 records in 0.06s (8991 rec/s) | 11 15min, 244 hourly, 245 daily | Queue: 0
ERROR:cache_service:Error setting OHLC batch: Object of type datetime is not JSON serializable
INFO:root:💾 Saved 500 records in 0.06s (8285 rec/s) | 10 15min, 245 hourly, 245 daily | Queue: 0
ERROR:cache_service:Error setting OHLC batch: Object of type datetime is not JSON serializable
INFO:root:💾 Saved 236 records in 0.04s (5358 rec/s) | 4 15min, 116 hourly, 116 daily | Queue: 0
INFO:root:📊 STATUS: 8,257,331 received | 8,234,466 processed | 22865 buffered | 2200 active | ProcQ: 0 | DBQ: 0 | 860,093 saved | Failed: 0 | Vol: TEXINFRA:8,267, DPWIRES:3,875
INFO:root:📊 STATUS: 8,280,236 received | 8,234,466 processed | 45770 buffered | 2362 active | ProcQ: 0 | DBQ: 0 | 860,093 saved | Failed: 0 | Vol: TEXINFRA:8,267, DPWIRES:3,875
INFO:root:⏰ Interval update (60s): 06:18:40 UTC
INFO:root:📤 Queued 46056 ticks from 2363 instruments | Processing queue: 1
ERROR:cache_service:Error setting OHLC batch: Object of type datetime is not JSON serializable
INFO:root:💾 Saved 500 records in 0.07s (7200 rec/s) | 21 15min, 240 hourly, 239 daily | Queue: 0
ERROR:cache_service:Error setting OHLC batch: Object of type datetime is not JSON serializable
INFO:root:💾 Saved 500 records in 0.06s (8924 rec/s) | 13 15min, 243 hourly, 244 daily | Queue: 0
ERROR:cache_service:Error setting OHLC batch: Object of type datetime is not JSON serializable
INFO:root:💾 Saved 500 records in 0.06s (8097 rec/s) | 17 15min, 242 hourly, 241 daily | Queue: 0
ERROR:cache_service:Error setting OHLC batch: Object of type datetime is not JSON serializable
INFO:root:💾 Saved 500 records in 0.08s (6416 rec/s) | 15 15min, 242 hourly, 243 daily | Queue: 0
ERROR:cache_service:Error setting OHLC batch: Object of type datetime is not JSON serializable
INFO:root:💾 Saved 500 records in 0.06s (9006 rec/s) | 15 15min, 243 hourly, 242 daily | Queue: 0
ERROR:cache_service:Error setting OHLC batch: Object of type datetime is not JSON serializable
INFO:root:💾 Saved 500 records in 0.06s (8752 rec/s) | 16 15min, 242 hourly, 242 daily | Queue: 0
ERROR:cache_service:Error setting OHLC batch: Object of type datetime is not JSON serializable
INFO:root:💾 Saved 500 records in 0.06s (8392 rec/s) | 7 15min, 246 hourly, 247 daily | Queue: 0
ERROR:cache_service:Error setting OHLC batch: Object of type datetime is not JSON serializable
INFO:root:💾 Saved 500 records in 0.05s (10309 rec/s) | 11 15min, 245 hourly, 244 daily | Queue: 0
ERROR:cache_service:Error setting OHLC batch: Object of type datetime is not JSON serializable
INFO:root:💾 Saved 500 records in 0.05s (9350 rec/s) | 9 15min, 245 hourly, 246 daily | Queue: 0
ERROR:cache_service:Error setting OHLC batch: Object of type datetime is not JSON serializable
INFO:root:💾 Saved 358 records in 0.07s (5052 rec/s) | 8 15min, 175 hourly, 175 daily | Queue: 0
INFO:root:📊 STATUS: 8,302,906 received | 8,280,522 processed | 22384 buffered | 2122 active | ProcQ: 0 | DBQ: 0 | 864,951 saved | Failed: 0 | Vol: TEXINFRA:8,267, DPWIRES:3,875
INFO:root:📊 STATUS: 8,325,848 received | 8,280,522 processed | 45326 buffered | 2337 active | ProcQ: 0 | DBQ: 0 | 864,951 saved | Failed: 0 | Vol: TEXINFRA:8,267, DPWIRES:3,875
INFO:root:⏰ Interval update (60s): 06:19:41 UTC
INFO:root:📤 Queued 45676 ticks from 2339 instruments | Processing queue: 1
ERROR:cache_service:Error setting OHLC batch: Object of type datetime is not JSON serializable
INFO:root:💾 Saved 500 records in 0.09s (5430 rec/s) | 21 15min, 240 hourly, 239 daily | Queue: 0
ERROR:cache_service:Error setting OHLC batch: Object of type datetime is not JSON serializable
INFO:root:💾 Saved 500 records in 0.06s (8680 rec/s) | 13 15min, 243 hourly, 244 daily | Queue: 0
ERROR:cache_service:Error setting OHLC batch: Object of type datetime is not JSON serializable
INFO:root:💾 Saved 500 records in 0.05s (10137 rec/s) | 17 15min, 242 hourly, 241 daily | Queue: 0
ERROR:cache_service:Error setting OHLC batch: Object of type datetime is not JSON serializable
INFO:root:💾 Saved 500 records in 0.05s (9644 rec/s) | 15 15min, 242 hourly, 243 daily | Queue: 0
ERROR:cache_service:Error setting OHLC batch: Object of type datetime is not JSON serializable
INFO:root:💾 Saved 500 records in 0.05s (9688 rec/s) | 15 15min, 243 hourly, 242 daily | Queue: 0
ERROR:cache_service:Error setting OHLC batch: Object of type datetime is not JSON serializable
INFO:root:💾 Saved 500 records in 0.18s (2721 rec/s) | 17 15min, 241 hourly, 242 daily | Queue: 0
ERROR:cache_service:Error setting OHLC batch: Object of type datetime is not JSON serializable
INFO:root:💾 Saved 500 records in 0.11s (4466 rec/s) | 9 15min, 246 hourly, 245 daily | Queue: 0
ERROR:cache_service:Error setting OHLC batch: Object of type datetime is not JSON serializable
INFO:root:💾 Saved 500 records in 0.07s (7100 rec/s) | 8 15min, 246 hourly, 246 daily | Queue: 0
ERROR:cache_service:Error setting OHLC batch: Object of type datetime is not JSON serializable
INFO:root:💾 Saved 500 records in 0.08s (6485 rec/s) | 9 15min, 245 hourly, 246 daily | Queue: 0
ERROR:cache_service:Error setting OHLC batch: Object of type datetime is not JSON serializable
INFO:root:💾 Saved 310 records in 0.04s (8702 rec/s) | 8 15min, 151 hourly, 151 daily | Queue: 0
INFO:root:📊 STATUS: 8,348,766 received | 8,326,198 processed | 22568 buffered | 2134 active | ProcQ: 0 | DBQ: 0 | 869,761 saved | Failed: 0 | Vol: TEXINFRA:8,267, DPWIRES:3,875
INFO:root:📊 STATUS: 8,374,390 received | 8,326,198 processed | 48192 buffered | 2347 active | ProcQ: 0 | DBQ: 0 | 869,761 saved | Failed: 0 | Vol: TEXINFRA:8,267, DPWIRES:3,875
INFO:root:⏰ Interval update (60s): 06:20:41 UTC
INFO:root:📤 Queued 48393 ticks from 2349 instruments | Processing queue: 1
ERROR:cache_service:Error setting OHLC batch: Object of type datetime is not JSON serializable
INFO:root:💾 Saved 500 records in 0.05s (10853 rec/s) | 21 15min, 240 hourly, 239 daily | Queue: 0
ERROR:cache_service:Error setting OHLC batch: Object of type datetime is not JSON serializable
INFO:root:💾 Saved 500 records in 0.05s (9720 rec/s) | 13 15min, 243 hourly, 244 daily | Queue: 0
ERROR:cache_service:Error setting OHLC batch: Object of type datetime is not JSON serializable
INFO:root:💾 Saved 500 records in 0.08s (6109 rec/s) | 17 15min, 242 hourly, 241 daily | Queue: 0
ERROR:cache_service:Error setting OHLC batch: Object of type datetime is not JSON serializable
INFO:root:💾 Saved 500 records in 0.05s (9256 rec/s) | 15 15min, 242 hourly, 243 daily | Queue: 0
ERROR:cache_service:Error setting OHLC batch: Object of type datetime is not JSON serializable
INFO:root:💾 Saved 500 records in 0.06s (7785 rec/s) | 15 15min, 243 hourly, 242 daily | Queue: 0
ERROR:cache_service:Error setting OHLC batch: Object of type datetime is not JSON serializable
INFO:root:💾 Saved 500 records in 0.08s (5907 rec/s) | 17 15min, 241 hourly, 242 daily | Queue: 0
ERROR:cache_service:Error setting OHLC batch: Object of type datetime is not JSON serializable
INFO:root:💾 Saved 500 records in 0.15s (3250 rec/s) | 8 15min, 246 hourly, 246 daily | Queue: 0
ERROR:cache_service:Error setting OHLC batch: Object of type datetime is not JSON serializable
INFO:root:💾 Saved 500 records in 0.08s (6046 rec/s) | 9 15min, 246 hourly, 245 daily | Queue: 0
ERROR:cache_service:Error setting OHLC batch: Object of type datetime is not JSON serializable
INFO:root:💾 Saved 500 records in 0.06s (7820 rec/s) | 9 15min, 245 hourly, 246 daily | Queue: 0
ERROR:cache_service:Error setting OHLC batch: Object of type datetime is not JSON serializable
INFO:root:💾 Saved 330 records in 0.05s (7031 rec/s) | 8 15min, 161 hourly, 161 daily | Queue: 0
INFO:root:📊 STATUS: 8,396,976 received | 8,374,591 processed | 22385 buffered | 2153 active | ProcQ: 0 | DBQ: 0 | 874,591 saved | Failed: 0 | Vol: TEXINFRA:8,267, DPWIRES:3,875
INFO:root:📊 STATUS: 8,419,477 received | 8,374,591 processed | 44886 buffered | 2325 active | ProcQ: 0 | DBQ: 0 | 874,591 saved | Failed: 0 | Vol: TEXINFRA:8,267, DPWIRES:3,875
INFO:root:⏰ Interval update (60s): 06:21:41 UTC
INFO:root:📤 Queued 45258 ticks from 2325 instruments | Processing queue: 1
ERROR:cache_service:Error setting OHLC batch: Object of type datetime is not JSON serializable
INFO:root:💾 Saved 500 records in 0.23s (2144 rec/s) | 21 15min, 240 hourly, 239 daily | Queue: 0
ERROR:cache_service:Error setting OHLC batch: Object of type datetime is not JSON serializable
INFO:root:💾 Saved 500 records in 0.18s (2836 rec/s) | 13 15min, 243 hourly, 244 daily | Queue: 0
ERROR:cache_service:Error setting OHLC batch: Object of type datetime is not JSON serializable
INFO:root:💾 Saved 500 records in 0.12s (4273 rec/s) | 17 15min, 242 hourly, 241 daily | Queue: 0
ERROR:cache_service:Error setting OHLC batch: Object of type datetime is not JSON serializable
INFO:root:💾 Saved 500 records in 0.14s (3691 rec/s) | 15 15min, 242 hourly, 243 daily | Queue: 0
ERROR:cache_service:Error setting OHLC batch: Object of type datetime is not JSON serializable
INFO:root:💾 Saved 500 records in 0.13s (3715 rec/s) | 18 15min, 241 hourly, 241 daily | Queue: 0
ERROR:cache_service:Error setting OHLC batch: Object of type datetime is not JSON serializable
INFO:root:💾 Saved 500 records in 0.13s (3789 rec/s) | 14 15min, 243 hourly, 243 daily | Queue: 0
ERROR:cache_service:Error setting OHLC batch: Object of type datetime is not JSON serializable
INFO:root:💾 Saved 500 records in 0.12s (4034 rec/s) | 9 15min, 246 hourly, 245 daily | Queue: 0
ERROR:cache_service:Error setting OHLC batch: Object of type datetime is not JSON serializable
INFO:root:💾 Saved 500 records in 0.12s (4270 rec/s) | 11 15min, 244 hourly, 245 daily | Queue: 0
ERROR:cache_service:Error setting OHLC batch: Object of type datetime is not JSON serializable
INFO:root:💾 Saved 500 records in 0.11s (4415 rec/s) | 10 15min, 245 hourly, 245 daily | Queue: 0
ERROR:cache_service:Error setting OHLC batch: Object of type datetime is not JSON serializable
INFO:root:💾 Saved 282 records in 0.07s (3997 rec/s) | 4 15min, 139 hourly, 139 daily | Queue: 0
INFO:root:📊 STATUS: 8,441,977 received | 8,419,849 processed | 22128 buffered | 2178 active | ProcQ: 0 | DBQ: 0 | 879,373 saved | Failed: 0 | Vol: TEXINFRA:8,277, DPWIRES:3,875
INFO:root:📊 STATUS: 8,464,366 received | 8,419,849 processed | 44517 buffered | 2358 active | ProcQ: 0 | DBQ: 0 | 879,373 saved | Failed: 0 | Vol: TEXINFRA:8,277, DPWIRES:3,875
INFO:root:⏰ Interval update (60s): 06:22:41 UTC
INFO:root:📤 Queued 45006 ticks from 2359 instruments | Processing queue: 1
ERROR:cache_service:Error setting OHLC batch: Object of type datetime is not JSON serializable
INFO:root:💾 Saved 500 records in 0.08s (6444 rec/s) | 21 15min, 240 hourly, 239 daily | Queue: 0
ERROR:cache_service:Error setting OHLC batch: Object of type datetime is not JSON serializable
INFO:root:💾 Saved 500 records in 0.06s (8933 rec/s) | 13 15min, 243 hourly, 244 daily | Queue: 0
ERROR:cache_service:Error setting OHLC batch: Object of type datetime is not JSON serializable
INFO:root:💾 Saved 500 records in 0.06s (7731 rec/s) | 17 15min, 242 hourly, 241 daily | Queue: 0
ERROR:cache_service:Error setting OHLC batch: Object of type datetime is not JSON serializable
INFO:root:💾 Saved 500 records in 0.07s (7307 rec/s) | 15 15min, 242 hourly, 243 daily | Queue: 0
ERROR:cache_service:Error setting OHLC batch: Object of type datetime is not JSON serializable
INFO:root:💾 Saved 500 records in 0.06s (8844 rec/s) | 15 15min, 243 hourly, 242 daily | Queue: 0
ERROR:cache_service:Error setting OHLC batch: Object of type datetime is not JSON serializable
INFO:root:💾 Saved 500 records in 0.05s (9468 rec/s) | 17 15min, 241 hourly, 242 daily | Queue: 0
ERROR:cache_service:Error setting OHLC batch: Object of type datetime is not JSON serializable
INFO:root:💾 Saved 500 records in 0.05s (9319 rec/s) | 8 15min, 246 hourly, 246 daily | Queue: 0
ERROR:cache_service:Error setting OHLC batch: Object of type datetime is not JSON serializable
INFO:root:💾 Saved 500 records in 0.07s (6670 rec/s) | 9 15min, 246 hourly, 245 daily | Queue: 0
ERROR:cache_service:Error setting OHLC batch: Object of type datetime is not JSON serializable
INFO:root:💾 Saved 500 records in 0.07s (7088 rec/s) | 9 15min, 245 hourly, 246 daily | Queue: 0
ERROR:cache_service:Error setting OHLC batch: Object of type datetime is not JSON serializable
INFO:root:💾 Saved 350 records in 0.06s (5429 rec/s) | 8 15min, 171 hourly, 171 daily | Queue: 0
INFO:root:📊 STATUS: 8,488,006 received | 8,464,855 processed | 23151 buffered | 2123 active | ProcQ: 0 | DBQ: 0 | 884,223 saved | Failed: 0 | Vol: TEXINFRA:8,277, DPWIRES:3,875
INFO:root:📊 STATUS: 8,512,898 received | 8,464,855 processed | 48043 buffered | 2327 active | ProcQ: 0 | DBQ: 0 | 884,223 saved | Failed: 0 | Vol: TEXINFRA:8,277, DPWIRES:3,875
INFO:root:⏰ Interval update (60s): 06:23:41 UTC
INFO:root:📤 Queued 48265 ticks from 2328 instruments | Processing queue: 1
ERROR:cache_service:Error setting OHLC batch: Object of type datetime is not JSON serializable
INFO:root:💾 Saved 500 records in 0.06s (8773 rec/s) | 21 15min, 240 hourly, 239 daily | Queue: 0
ERROR:cache_service:Error setting OHLC batch: Object of type datetime is not JSON serializable
INFO:root:💾 Saved 500 records in 0.06s (7776 rec/s) | 13 15min, 243 hourly, 244 daily | Queue: 0
ERROR:cache_service:Error setting OHLC batch: Object of type datetime is not JSON serializable
INFO:root:💾 Saved 500 records in 0.07s (7135 rec/s) | 17 15min, 242 hourly, 241 daily | Queue: 0
ERROR:cache_service:Error setting OHLC batch: Object of type datetime is not JSON serializable
INFO:root:💾 Saved 500 records in 0.06s (8103 rec/s) | 15 15min, 242 hourly, 243 daily | Queue: 0
ERROR:cache_service:Error setting OHLC batch: Object of type datetime is not JSON serializable
INFO:root:💾 Saved 500 records in 0.06s (8181 rec/s) | 15 15min, 243 hourly, 242 daily | Queue: 0
ERROR:cache_service:Error setting OHLC batch: Object of type datetime is not JSON serializable
INFO:root:💾 Saved 500 records in 0.05s (10044 rec/s) | 17 15min, 241 hourly, 242 daily | Queue: 0
ERROR:cache_service:Error setting OHLC batch: Object of type datetime is not JSON serializable
INFO:root:💾 Saved 500 records in 0.06s (8914 rec/s) | 9 15min, 246 hourly, 245 daily | Queue: 0
ERROR:cache_service:Error setting OHLC batch: Object of type datetime is not JSON serializable
INFO:root:💾 Saved 500 records in 0.07s (7356 rec/s) | 11 15min, 244 hourly, 245 daily | Queue: 0
ERROR:cache_service:Error setting OHLC batch: Object of type datetime is not JSON serializable
INFO:root:💾 Saved 500 records in 0.06s (9007 rec/s) | 10 15min, 245 hourly, 245 daily | Queue: 0
ERROR:cache_service:Error setting OHLC batch: Object of type datetime is not JSON serializable
INFO:root:💾 Saved 288 records in 0.04s (7758 rec/s) | 4 15min, 142 hourly, 142 daily | Queue: 0
INFO:root:📊 STATUS: 8,535,573 received | 8,513,120 processed | 22453 buffered | 2127 active | ProcQ: 0 | DBQ: 0 | 889,011 saved | Failed: 0 | Vol: TEXINFRA:8,277, DPWIRES:3,875
INFO:root:📊 STATUS: 8,558,147 received | 8,513,120 processed | 45027 buffered | 2353 active | ProcQ: 0 | DBQ: 0 | 889,011 saved | Failed: 0 | Vol: TEXINFRA:8,277, DPWIRES:3,875
INFO:root:⏰ Interval update (60s): 06:24:41 UTC
INFO:root:📤 Queued 45027 ticks from 2353 instruments | Processing queue: 1
ERROR:cache_service:Error setting OHLC batch: Object of type datetime is not JSON serializable
INFO:root:💾 Saved 500 records in 0.07s (6669 rec/s) | 21 15min, 240 hourly, 239 daily | Queue: 0
ERROR:cache_service:Error setting OHLC batch: Object of type datetime is not JSON serializable
INFO:root:💾 Saved 500 records in 0.06s (7728 rec/s) | 13 15min, 243 hourly, 244 daily | Queue: 0
ERROR:cache_service:Error setting OHLC batch: Object of type datetime is not JSON serializable
INFO:root:💾 Saved 500 records in 0.07s (7611 rec/s) | 17 15min, 242 hourly, 241 daily | Queue: 0
ERROR:cache_service:Error setting OHLC batch: Object of type datetime is not JSON serializable
INFO:root:💾 Saved 500 records in 0.08s (6502 rec/s) | 15 15min, 242 hourly, 243 daily | Queue: 0
ERROR:cache_service:Error setting OHLC batch: Object of type datetime is not JSON serializable
INFO:root:💾 Saved 500 records in 0.08s (6294 rec/s) | 15 15min, 243 hourly, 242 daily | Queue: 0
ERROR:cache_service:Error setting OHLC batch: Object of type datetime is not JSON serializable
INFO:root:💾 Saved 500 records in 0.05s (9144 rec/s) | 17 15min, 241 hourly, 242 daily | Queue: 0
ERROR:cache_service:Error setting OHLC batch: Object of type datetime is not JSON serializable
INFO:root:💾 Saved 500 records in 0.06s (8651 rec/s) | 6 15min, 247 hourly, 247 daily | Queue: 0
ERROR:cache_service:Error setting OHLC batch: Object of type datetime is not JSON serializable
INFO:root:💾 Saved 500 records in 0.05s (10225 rec/s) | 11 15min, 245 hourly, 244 daily | Queue: 0
ERROR:cache_service:Error setting OHLC batch: Object of type datetime is not JSON serializable
INFO:root:💾 Saved 500 records in 0.06s (7902 rec/s) | 9 15min, 245 hourly, 246 daily | Queue: 0
ERROR:cache_service:Error setting OHLC batch: Object of type datetime is not JSON serializable
INFO:root:💾 Saved 338 records in 0.05s (6657 rec/s) | 8 15min, 165 hourly, 165 daily | Queue: 0
INFO:root:📊 STATUS: 8,580,929 received | 8,558,147 processed | 22782 buffered | 2137 active | ProcQ: 0 | DBQ: 0 | 893,849 saved | Failed: 0 | Vol: TEXINFRA:8,439, DPWIRES:3,875
INFO:root:📊 STATUS: 8,604,006 received | 8,558,147 processed | 45859 buffered | 2339 active | ProcQ: 0 | DBQ: 0 | 893,849 saved | Failed: 0 | Vol: TEXINFRA:8,439, DPWIRES:3,875
INFO:root:⏰ Interval update (60s): 06:25:42 UTC
INFO:root:📤 Queued 45859 ticks from 2339 instruments | Processing queue: 1
ERROR:cache_service:Error setting OHLC batch: Object of type datetime is not JSON serializable
INFO:root:💾 Saved 500 records in 0.06s (8521 rec/s) | 21 15min, 240 hourly, 239 daily | Queue: 0
ERROR:cache_service:Error setting OHLC batch: Object of type datetime is not JSON serializable
INFO:root:💾 Saved 500 records in 0.07s (6831 rec/s) | 13 15min, 243 hourly, 244 daily | Queue: 0
ERROR:cache_service:Error setting OHLC batch: Object of type datetime is not JSON serializable
INFO:root:💾 Saved 500 records in 0.07s (7469 rec/s) | 17 15min, 242 hourly, 241 daily | Queue: 0
ERROR:cache_service:Error setting OHLC batch: Object of type datetime is not JSON serializable
INFO:root:💾 Saved 500 records in 0.05s (9896 rec/s) | 15 15min, 242 hourly, 243 daily | Queue: 0
ERROR:cache_service:Error setting OHLC batch: Object of type datetime is not JSON serializable
INFO:root:💾 Saved 500 records in 0.05s (9871 rec/s) | 15 15min, 243 hourly, 242 daily | Queue: 0
ERROR:cache_service:Error setting OHLC batch: Object of type datetime is not JSON serializable
INFO:root:💾 Saved 500 records in 0.05s (9299 rec/s) | 17 15min, 241 hourly, 242 daily | Queue: 0
ERROR:cache_service:Error setting OHLC batch: Object of type datetime is not JSON serializable
INFO:root:💾 Saved 500 records in 0.05s (10551 rec/s) | 9 15min, 246 hourly, 245 daily | Queue: 0
ERROR:cache_service:Error setting OHLC batch: Object of type datetime is not JSON serializable
INFO:root:💾 Saved 500 records in 0.07s (7145 rec/s) | 11 15min, 244 hourly, 245 daily | Queue: 0
ERROR:cache_service:Error setting OHLC batch: Object of type datetime is not JSON serializable
INFO:root:💾 Saved 500 records in 0.07s (7475 rec/s) | 7 15min, 247 hourly, 246 daily | Queue: 0
ERROR:cache_service:Error setting OHLC batch: Object of type datetime is not JSON serializable
INFO:root:💾 Saved 310 records in 0.04s (7236 rec/s) | 7 15min, 151 hourly, 152 daily | Queue: 0
INFO:root:📊 STATUS: 8,628,261 received | 8,604,006 processed | 24255 buffered | 2142 active | ProcQ: 0 | DBQ: 0 | 898,659 saved | Failed: 0 | Vol: TEXINFRA:10,628, DPWIRES:3,875
INFO:root:📊 STATUS: 8,652,577 received | 8,604,006 processed | 48571 buffered | 2318 active | ProcQ: 0 | DBQ: 0 | 898,659 saved | Failed: 0 | Vol: TEXINFRA:10,628, DPWIRES:3,875
INFO:root:⏰ Interval update (60s): 06:26:42 UTC
INFO:root:📤 Queued 48571 ticks from 2318 instruments | Processing queue: 1
ERROR:cache_service:Error setting OHLC batch: Object of type datetime is not JSON serializable
INFO:root:💾 Saved 500 records in 0.14s (3617 rec/s) | 21 15min, 240 hourly, 239 daily | Queue: 0
ERROR:cache_service:Error setting OHLC batch: Object of type datetime is not JSON serializable
INFO:root:💾 Saved 500 records in 0.15s (3363 rec/s) | 13 15min, 243 hourly, 244 daily | Queue: 0
ERROR:cache_service:Error setting OHLC batch: Object of type datetime is not JSON serializable
INFO:root:💾 Saved 500 records in 0.14s (3464 rec/s) | 17 15min, 242 hourly, 241 daily | Queue: 0
ERROR:cache_service:Error setting OHLC batch: Object of type datetime is not JSON serializable
INFO:root:💾 Saved 500 records in 0.13s (3850 rec/s) | 15 15min, 242 hourly, 243 daily | Queue: 0
ERROR:cache_service:Error setting OHLC batch: Object of type datetime is not JSON serializable
INFO:root:💾 Saved 500 records in 0.15s (3284 rec/s) | 15 15min, 243 hourly, 242 daily | Queue: 0
ERROR:cache_service:Error setting OHLC batch: Object of type datetime is not JSON serializable
INFO:root:💾 Saved 500 records in 0.12s (4140 rec/s) | 17 15min, 241 hourly, 242 daily | Queue: 0
ERROR:cache_service:Error setting OHLC batch: Object of type datetime is not JSON serializable
INFO:root:💾 Saved 500 records in 0.12s (4034 rec/s) | 9 15min, 246 hourly, 245 daily | Queue: 0
ERROR:cache_service:Error setting OHLC batch: Object of type datetime is not JSON serializable
INFO:root:💾 Saved 500 records in 0.11s (4538 rec/s) | 11 15min, 244 hourly, 245 daily | Queue: 0
ERROR:cache_service:Error setting OHLC batch: Object of type datetime is not JSON serializable
INFO:root:💾 Saved 500 records in 0.11s (4415 rec/s) | 10 15min, 245 hourly, 245 daily | Queue: 0
ERROR:cache_service:Error setting OHLC batch: Object of type datetime is not JSON serializable
INFO:root:💾 Saved 268 records in 0.07s (3618 rec/s) | 4 15min, 132 hourly, 132 daily | Queue: 0
INFO:root:📊 STATUS: 8,675,580 received | 8,652,577 processed | 23003 buffered | 2128 active | ProcQ: 0 | DBQ: 0 | 903,427 saved | Failed: 0 | Vol: TEXINFRA:10,628, DPWIRES:3,875
INFO:root:⏰ Interval update (60s): 06:27:42 UTC
INFO:root:📤 Queued 46033 ticks from 2354 instruments | Processing queue: 1
INFO:root:📊 STATUS: 8,698,753 received | 8,698,610 processed | 143 buffered | 143 active | ProcQ: 0 | DBQ: 0 | 903,427 saved | Failed: 0 | Vol: TEXINFRA:11,241, DPWIRES:3,875
ERROR:cache_service:Error setting OHLC batch: Object of type datetime is not JSON serializable
INFO:root:💾 Saved 500 records in 0.06s (8608 rec/s) | 21 15min, 240 hourly, 239 daily | Queue: 0
ERROR:cache_service:Error setting OHLC batch: Object of type datetime is not JSON serializable
INFO:root:💾 Saved 500 records in 0.07s (7503 rec/s) | 13 15min, 243 hourly, 244 daily | Queue: 0
ERROR:cache_service:Error setting OHLC batch: Object of type datetime is not JSON serializable
INFO:root:💾 Saved 500 records in 0.06s (8791 rec/s) | 17 15min, 242 hourly, 241 daily | Queue: 0
ERROR:cache_service:Error setting OHLC batch: Object of type datetime is not JSON serializable
INFO:root:💾 Saved 500 records in 0.07s (7365 rec/s) | 14 15min, 243 hourly, 243 daily | Queue: 0
ERROR:cache_service:Error setting OHLC batch: Object of type datetime is not JSON serializable
INFO:root:💾 Saved 500 records in 0.06s (8933 rec/s) | 15 15min, 242 hourly, 243 daily | Queue: 0
ERROR:cache_service:Error setting OHLC batch: Object of type datetime is not JSON serializable
INFO:root:💾 Saved 500 records in 0.05s (10409 rec/s) | 17 15min, 242 hourly, 241 daily | Queue: 0
ERROR:cache_service:Error setting OHLC batch: Object of type datetime is not JSON serializable
INFO:root:💾 Saved 500 records in 0.06s (7904 rec/s) | 6 15min, 247 hourly, 247 daily | Queue: 0
ERROR:cache_service:Error setting OHLC batch: Object of type datetime is not JSON serializable
INFO:root:💾 Saved 500 records in 0.05s (9333 rec/s) | 12 15min, 244 hourly, 244 daily | Queue: 0
ERROR:cache_service:Error setting OHLC batch: Object of type datetime is not JSON serializable
INFO:root:💾 Saved 500 records in 0.07s (6986 rec/s) | 9 15min, 245 hourly, 246 daily | Queue: 0
ERROR:cache_service:Error setting OHLC batch: Object of type datetime is not JSON serializable
INFO:root:💾 Saved 340 records in 0.05s (7540 rec/s) | 8 15min, 166 hourly, 166 daily | Queue: 0
INFO:root:📊 STATUS: 8,721,585 received | 8,698,610 processed | 22975 buffered | 2198 active | ProcQ: 0 | DBQ: 0 | 908,267 saved | Failed: 0 | Vol: TEXINFRA:11,241, DPWIRES:3,875
INFO:root:⏰ Interval update (60s): 06:28:42 UTC
INFO:root:📤 Queued 45726 ticks from 2340 instruments | Processing queue: 1
INFO:root:📊 STATUS: 8,744,409 received | 8,744,336 processed | 73 buffered | 73 active | ProcQ: 0 | DBQ: 0 | 908,267 saved | Failed: 0 | Vol: TEXINFRA:11,241, DPWIRES:3,878
ERROR:cache_service:Error setting OHLC batch: Object of type datetime is not JSON serializable
INFO:root:💾 Saved 500 records in 0.05s (9345 rec/s) | 21 15min, 240 hourly, 239 daily | Queue: 0
ERROR:cache_service:Error setting OHLC batch: Object of type datetime is not JSON serializable
INFO:root:💾 Saved 500 records in 0.05s (9770 rec/s) | 13 15min, 243 hourly, 244 daily | Queue: 0
ERROR:cache_service:Error setting OHLC batch: Object of type datetime is not JSON serializable
INFO:root:💾 Saved 500 records in 0.04s (11437 rec/s) | 17 15min, 242 hourly, 241 daily | Queue: 0
ERROR:cache_service:Error setting OHLC batch: Object of type datetime is not JSON serializable
INFO:root:💾 Saved 500 records in 0.06s (8218 rec/s) | 15 15min, 242 hourly, 243 daily | Queue: 0
ERROR:cache_service:Error setting OHLC batch: Object of type datetime is not JSON serializable
INFO:root:💾 Saved 500 records in 0.05s (10633 rec/s) | 15 15min, 243 hourly, 242 daily | Queue: 0
ERROR:cache_service:Error setting OHLC batch: Object of type datetime is not JSON serializable
INFO:root:💾 Saved 500 records in 0.04s (12889 rec/s) | 17 15min, 241 hourly, 242 daily | Queue: 0
ERROR:cache_service:Error setting OHLC batch: Object of type datetime is not JSON serializable
INFO:root:💾 Saved 500 records in 0.06s (8847 rec/s) | 9 15min, 246 hourly, 245 daily | Queue: 0
ERROR:cache_service:Error setting OHLC batch: Object of type datetime is not JSON serializable
INFO:root:💾 Saved 500 records in 0.05s (10373 rec/s) | 10 15min, 245 hourly, 245 daily | Queue: 0
ERROR:cache_service:Error setting OHLC batch: Object of type datetime is not JSON serializable
INFO:root:💾 Saved 500 records in 0.05s (10568 rec/s) | 11 15min, 244 hourly, 245 daily | Queue: 0
ERROR:cache_service:Error setting OHLC batch: Object of type datetime is not JSON serializable
INFO:root:💾 Saved 312 records in 0.03s (9402 rec/s) | 4 15min, 154 hourly, 154 daily | Queue: 0
INFO:root:📊 STATUS: 8,768,932 received | 8,744,336 processed | 24596 buffered | 2106 active | ProcQ: 0 | DBQ: 0 | 913,079 saved | Failed: 0 | Vol: TEXINFRA:11,241, DPWIRES:3,878
INFO:root:⏰ Interval update (60s): 06:29:43 UTC
INFO:root:📤 Queued 48516 ticks from 2338 instruments | Processing queue: 1
ERROR:cache_service:Error setting OHLC batch: Object of type datetime is not JSON serializable
INFO:root:💾 Saved 500 records in 0.05s (10041 rec/s) | 21 15min, 240 hourly, 239 daily | Queue: 0
INFO:root:📊 STATUS: 8,793,129 received | 8,792,852 processed | 277 buffered | 277 active | ProcQ: 0 | DBQ: 0 | 913,579 saved | Failed: 0 | Vol: TEXINFRA:11,241, DPWIRES:3,878
ERROR:cache_service:Error setting OHLC batch: Object of type datetime is not JSON serializable
INFO:root:💾 Saved 500 records in 0.05s (9646 rec/s) | 13 15min, 243 hourly, 244 daily | Queue: 0
ERROR:cache_service:Error setting OHLC batch: Object of type datetime is not JSON serializable
INFO:root:💾 Saved 500 records in 0.05s (10261 rec/s) | 17 15min, 242 hourly, 241 daily | Queue: 0
ERROR:cache_service:Error setting OHLC batch: Object of type datetime is not JSON serializable
INFO:root:💾 Saved 500 records in 0.04s (11177 rec/s) | 15 15min, 242 hourly, 243 daily | Queue: 0
ERROR:cache_service:Error setting OHLC batch: Object of type datetime is not JSON serializable
INFO:root:💾 Saved 500 records in 0.06s (8760 rec/s) | 18 15min, 241 hourly, 241 daily | Queue: 0
ERROR:cache_service:Error setting OHLC batch: Object of type datetime is not JSON serializable
INFO:root:💾 Saved 500 records in 0.06s (8538 rec/s) | 14 15min, 243 hourly, 243 daily | Queue: 0
ERROR:cache_service:Error setting OHLC batch: Object of type datetime is not JSON serializable
INFO:root:💾 Saved 500 records in 0.05s (10560 rec/s) | 9 15min, 246 hourly, 245 daily | Queue: 0
ERROR:cache_service:Error setting OHLC batch: Object of type datetime is not JSON serializable
INFO:root:💾 Saved 500 records in 0.05s (11014 rec/s) | 11 15min, 244 hourly, 245 daily | Queue: 0
ERROR:cache_service:Error setting OHLC batch: Object of type datetime is not JSON serializable
INFO:root:💾 Saved 500 records in 0.05s (10418 rec/s) | 10 15min, 245 hourly, 245 daily | Queue: 0
ERROR:cache_service:Error setting OHLC batch: Object of type datetime is not JSON serializable
INFO:root:💾 Saved 308 records in 0.05s (6675 rec/s) | 4 15min, 152 hourly, 152 daily | Queue: 0
INFO:root:📊 STATUS: 8,815,434 received | 8,792,852 processed | 22582 buffered | 2217 active | ProcQ: 0 | DBQ: 0 | 917,887 saved | Failed: 0 | Vol: TEXINFRA:11,241, DPWIRES:3,878
INFO:root:⏰ Interval update (60s): 06:30:43 UTC
INFO:root:📤 Queued 45187 ticks from 2353 instruments | Processing queue: 1
ERROR:cache_service:Error setting OHLC batch: Object of type datetime is not JSON serializable
INFO:root:💾 Saved 500 records in 0.06s (8416 rec/s) | 21 15min, 240 hourly, 239 daily | Queue: 0
INFO:root:📊 STATUS: 8,838,507 received | 8,838,039 processed | 468 buffered | 452 active | ProcQ: 0 | DBQ: 0 | 918,387 saved | Failed: 0 | Vol: TEXINFRA:11,241, DPWIRES:3,878
ERROR:cache_service:Error setting OHLC batch: Object of type datetime is not JSON serializable
INFO:root:💾 Saved 500 records in 0.07s (7624 rec/s) | 13 15min, 243 hourly, 244 daily | Queue: 0
ERROR:cache_service:Error setting OHLC batch: Object of type datetime is not JSON serializable
INFO:root:💾 Saved 500 records in 0.12s (4099 rec/s) | 17 15min, 242 hourly, 241 daily | Queue: 0
ERROR:cache_service:Error setting OHLC batch: Object of type datetime is not JSON serializable
INFO:root:💾 Saved 500 records in 0.04s (11246 rec/s) | 15 15min, 242 hourly, 243 daily | Queue: 0
ERROR:cache_service:Error setting OHLC batch: Object of type datetime is not JSON serializable
INFO:root:💾 Saved 500 records in 0.06s (8117 rec/s) | 15 15min, 243 hourly, 242 daily | Queue: 0
ERROR:cache_service:Error setting OHLC batch: Object of type datetime is not JSON serializable
INFO:root:💾 Saved 500 records in 0.05s (10367 rec/s) | 14 15min, 243 hourly, 243 daily | Queue: 0
ERROR:cache_service:Error setting OHLC batch: Object of type datetime is not JSON serializable
INFO:root:💾 Saved 500 records in 0.06s (7931 rec/s) | 9 15min, 245 hourly, 246 daily | Queue: 0
ERROR:cache_service:Error setting OHLC batch: Object of type datetime is not JSON serializable
INFO:root:💾 Saved 500 records in 0.05s (11006 rec/s) | 11 15min, 245 hourly, 244 daily | Queue: 0
ERROR:cache_service:Error setting OHLC batch: Object of type datetime is not JSON serializable
INFO:root:💾 Saved 500 records in 0.11s (4598 rec/s) | 9 15min, 245 hourly, 246 daily | Queue: 0
ERROR:cache_service:Error setting OHLC batch: Object of type datetime is not JSON serializable
INFO:root:💾 Saved 338 records in 0.04s (9493 rec/s) | 8 15min, 165 hourly, 165 daily | Queue: 0
INFO:root:📊 STATUS: 8,861,822 received | 8,838,039 processed | 23783 buffered | 2226 active | ProcQ: 0 | DBQ: 0 | 922,725 saved | Failed: 0 | Vol: TEXINFRA:11,241, DPWIRES:3,878
INFO:root:⏰ Interval update (60s): 06:31:43 UTC
INFO:root:📤 Queued 45943 ticks from 2436 instruments | Processing queue: 1
INFO:root:📊 STATUS: 8,884,399 received | 8,883,982 processed | 417 buffered | 403 active | ProcQ: 0 | DBQ: 0 | 922,725 saved | Failed: 0 | Vol: TEXINFRA:11,530, DPWIRES:3,878
ERROR:cache_service:Error setting OHLC batch: Object of type datetime is not JSON serializable
INFO:root:💾 Saved 500 records in 1.81s (277 rec/s) | 21 15min, 240 hourly, 239 daily | Queue: 0
ERROR:cache_service:Error setting OHLC batch: Object of type datetime is not JSON serializable
INFO:root:💾 Saved 500 records in 1.05s (476 rec/s) | 13 15min, 243 hourly, 244 daily | Queue: 0
ERROR:cache_service:Error setting OHLC batch: Object of type datetime is not JSON serializable
INFO:root:💾 Saved 500 records in 0.85s (591 rec/s) | 17 15min, 242 hourly, 241 daily | Queue: 0
ERROR:cache_service:Error setting OHLC batch: Object of type datetime is not JSON serializable
INFO:root:💾 Saved 500 records in 0.75s (671 rec/s) | 15 15min, 242 hourly, 243 daily | Queue: 0
ERROR:cache_service:Error setting OHLC batch: Object of type datetime is not JSON serializable
INFO:root:💾 Saved 500 records in 0.76s (659 rec/s) | 14 15min, 243 hourly, 243 daily | Queue: 0
ERROR:cache_service:Error setting OHLC batch: Object of type datetime is not JSON serializable
INFO:root:💾 Saved 500 records in 0.64s (777 rec/s) | 14 15min, 243 hourly, 243 daily | Queue: 0
ERROR:cache_service:Error setting OHLC batch: Object of type datetime is not JSON serializable
INFO:root:💾 Saved 500 records in 0.64s (781 rec/s) | 10 15min, 245 hourly, 245 daily | Queue: 0
ERROR:cache_service:Error setting OHLC batch: Object of type datetime is not JSON serializable
INFO:root:💾 Saved 500 records in 0.64s (782 rec/s) | 11 15min, 245 hourly, 244 daily | Queue: 0
ERROR:cache_service:Error setting OHLC batch: Object of type datetime is not JSON serializable
INFO:root:💾 Saved 500 records in 0.48s (1048 rec/s) | 8 15min, 246 hourly, 246 daily | Queue: 0
ERROR:cache_service:Error setting OHLC batch: Object of type datetime is not JSON serializable
INFO:root:💾 Saved 500 records in 0.42s (1202 rec/s) | 9 15min, 245 hourly, 246 daily | Queue: 0
ERROR:cache_service:Error setting OHLC batch: Object of type datetime is not JSON serializable
INFO:root:💾 Saved 4 records in 0.01s (280 rec/s) | 0 15min, 2 hourly, 2 daily | Queue: 0
INFO:root:📊 STATUS: 8,908,064 received | 8,883,982 processed | 24082 buffered | 2204 active | ProcQ: 0 | DBQ: 0 | 927,729 saved | Failed: 0 | Vol: TEXINFRA:11,530, DPWIRES:3,878
INFO:root:⏰ Interval update (60s): 06:32:43 UTC
INFO:root:📤 Queued 48570 ticks from 2372 instruments | Processing queue: 1
INFO:root:📊 STATUS: 8,932,798 received | 8,932,552 processed | 246 buffered | 246 active | ProcQ: 0 | DBQ: 0 | 927,729 saved | Failed: 0 | Vol: TEXINFRA:11,530, DPWIRES:3,878
ERROR:cache_service:Error setting OHLC batch: Object of type datetime is not JSON serializable
INFO:root:💾 Saved 500 records in 1.03s (484 rec/s) | 21 15min, 240 hourly, 239 daily | Queue: 0
ERROR:cache_service:Error setting OHLC batch: Object of type datetime is not JSON serializable
INFO:root:💾 Saved 500 records in 0.51s (983 rec/s) | 13 15min, 243 hourly, 244 daily | Queue: 0
ERROR:cache_service:Error setting OHLC batch: Object of type datetime is not JSON serializable
INFO:root:💾 Saved 500 records in 0.80s (627 rec/s) | 17 15min, 242 hourly, 241 daily | Queue: 0
ERROR:cache_service:Error setting OHLC batch: Object of type datetime is not JSON serializable
INFO:root:💾 Saved 500 records in 0.97s (514 rec/s) | 15 15min, 242 hourly, 243 daily | Queue: 0
ERROR:cache_service:Error setting OHLC batch: Object of type datetime is not JSON serializable
INFO:root:💾 Saved 500 records in 0.99s (507 rec/s) | 15 15min, 243 hourly, 242 daily | Queue: 0
ERROR:cache_service:Error setting OHLC batch: Object of type datetime is not JSON serializable
INFO:root:💾 Saved 500 records in 1.03s (485 rec/s) | 16 15min, 242 hourly, 242 daily | Queue: 0
ERROR:cache_service:Error setting OHLC batch: Object of type datetime is not JSON serializable
INFO:root:💾 Saved 500 records in 1.08s (464 rec/s) | 7 15min, 246 hourly, 247 daily | Queue: 0
ERROR:cache_service:Error setting OHLC batch: Object of type datetime is not JSON serializable
INFO:root:💾 Saved 500 records in 0.96s (521 rec/s) | 11 15min, 245 hourly, 244 daily | Queue: 0
ERROR:cache_service:Error setting OHLC batch: Object of type datetime is not JSON serializable
INFO:root:💾 Saved 500 records in 0.78s (642 rec/s) | 9 15min, 245 hourly, 246 daily | Queue: 0
ERROR:cache_service:Error setting OHLC batch: Object of type datetime is not JSON serializable
INFO:root:💾 Saved 376 records in 0.55s (684 rec/s) | 8 15min, 184 hourly, 184 daily | Queue: 0
INFO:root:📊 STATUS: 8,955,988 received | 8,932,552 processed | 23436 buffered | 2149 active | ProcQ: 0 | DBQ: 0 | 932,605 saved | Failed: 0 | Vol: TEXINFRA:11,530, DPWIRES:3,878
INFO:root:⏰ Interval update (60s): 06:33:43 UTC
INFO:root:📤 Queued 46048 ticks from 2375 instruments | Processing queue: 1
INFO:root:📊 STATUS: 8,979,091 received | 8,978,600 processed | 491 buffered | 367 active | ProcQ: 0 | DBQ: 0 | 932,605 saved | Failed: 0 | Vol: TEXINFRA:11,530, DPWIRES:3,878
ERROR:cache_service:Error setting OHLC batch: Object of type datetime is not JSON serializable
INFO:root:💾 Saved 500 records in 2.79s (179 rec/s) | 21 15min, 240 hourly, 239 daily | Queue: 0
ERROR:cache_service:Error setting OHLC batch: Object of type datetime is not JSON serializable
INFO:root:💾 Saved 500 records in 5.17s (97 rec/s) | 13 15min, 243 hourly, 244 daily | Queue: 0
ERROR:cache_service:Error setting OHLC batch: Object of type datetime is not JSON serializable
INFO:root:💾 Saved 500 records in 3.48s (144 rec/s) | 17 15min, 242 hourly, 241 daily | Queue: 0
ERROR:cache_service:Error setting OHLC batch: Object of type datetime is not JSON serializable
INFO:root:💾 Saved 500 records in 1.66s (302 rec/s) | 14 15min, 243 hourly, 243 daily | Queue: 0
ERROR:cache_service:Error setting OHLC batch: Object of type datetime is not JSON serializable
INFO:root:💾 Saved 500 records in 1.62s (308 rec/s) | 15 15min, 242 hourly, 243 daily | Queue: 0
ERROR:cache_service:Error setting OHLC batch: Object of type datetime is not JSON serializable
INFO:root:💾 Saved 500 records in 2.06s (243 rec/s) | 13 15min, 244 hourly, 243 daily | Queue: 0
ERROR:cache_service:Error setting OHLC batch: Object of type datetime is not JSON serializable
INFO:root:💾 Saved 500 records in 3.45s (145 rec/s) | 10 15min, 245 hourly, 245 daily | Queue: 0
ERROR:cache_service:Error setting OHLC batch: Object of type datetime is not JSON serializable
INFO:root:💾 Saved 500 records in 6.30s (79 rec/s) | 12 15min, 244 hourly, 244 daily | Queue: 0
INFO:root:📊 STATUS: 9,002,297 received | 8,978,600 processed | 23697 buffered | 2134 active | ProcQ: 0 | DBQ: 0 | 936,605 saved | Failed: 0 | Vol: TEXINFRA:11,530, DPWIRES:3,878
INFO:root:⏰ Interval update (60s): 06:34:43 UTC
INFO:root:📤 Queued 46114 ticks from 2318 instruments | Processing queue: 1
INFO:root:📊 STATUS: 9,025,593 received | 9,024,714 processed | 879 buffered | 563 active | ProcQ: 0 | DBQ: 1 | 936,605 saved | Failed: 0 | Vol: TEXINFRA:11,530, DPWIRES:3,878
ERROR:cache_service:Error setting OHLC batch: Object of type datetime is not JSON serializable
INFO:root:💾 Saved 500 records in 53.42s (9 rec/s) | 9 15min, 245 hourly, 246 daily | Queue: 1
INFO:root:📊 STATUS: 9,049,964 received | 9,024,714 processed | 25250 buffered | 2259 active | ProcQ: 0 | DBQ: 1 | 937,105 saved | Failed: 0 | Vol: TEXINFRA:11,530, DPWIRES:3,878
INFO:root:⏰ Interval update (60s): 06:35:43 UTC
INFO:root:📤 Queued 49076 ticks from 2402 instruments | Processing queue: 1
INFO:root:📊 STATUS: 9,074,511 received | 9,073,790 processed | 721 buffered | 513 active | ProcQ: 0 | DBQ: 2 | 937,105 saved | Failed: 0 | Vol: TEXINFRA:11,530, DPWIRES:3,878
ERROR:cache_service:Error setting OHLC batch: Object of type datetime is not JSON serializable
INFO:root:💾 Saved 382 records in 51.04s (7 rec/s) | 8 15min, 187 hourly, 187 daily | Queue: 2
INFO:root:📊 STATUS: 9,097,910 received | 9,073,790 processed | 24120 buffered | 2154 active | ProcQ: 0 | DBQ: 1 | 937,487 saved | Failed: 0 | Vol: TEXINFRA:11,530, DPWIRES:3,878
ERROR:cache_service:Error setting OHLC batch: Object of type datetime is not JSON serializable
INFO:root:💾 Saved 500 records in 41.40s (12 rec/s) | 21 15min, 240 hourly, 239 daily | Queue: 1
INFO:root:⏰ Interval update (60s): 06:36:43 UTC
INFO:root:📤 Queued 45965 ticks from 2333 instruments | Processing queue: 1
INFO:root:📊 STATUS: 9,121,095 received | 9,119,755 processed | 1340 buffered | 799 active | ProcQ: 0 | DBQ: 2 | 937,987 saved | Failed: 0 | Vol: TEXINFRA:11,530, DPWIRES:4,049
ERROR:cache_service:Error setting OHLC batch: Object of type datetime is not JSON serializable
INFO:root:💾 Saved 500 records in 11.86s (42 rec/s) | 13 15min, 243 hourly, 244 daily | Queue: 2
ERROR:cache_service:Error setting OHLC batch: Object of type datetime is not JSON serializable
INFO:root:💾 Saved 500 records in 8.02s (62 rec/s) | 17 15min, 242 hourly, 241 daily | Queue: 2
INFO:root:📊 STATUS: 9,144,532 received | 9,119,755 processed | 24777 buffered | 2130 active | ProcQ: 0 | DBQ: 2 | 938,987 saved | Failed: 0 | Vol: TEXINFRA:11,530, DPWIRES:4,049
INFO:root:⏰ Interval update (60s): 06:37:43 UTC
INFO:root:📤 Queued 46262 ticks from 2351 instruments | Processing queue: 1
INFO:root:📊 STATUS: 9,167,514 received | 9,166,017 processed | 1497 buffered | 844 active | ProcQ: 0 | DBQ: 3 | 938,987 saved | Failed: 0 | Vol: TEXINFRA:11,530, DPWIRES:4,049
INFO:root:📊 STATUS: 9,191,946 received | 9,166,017 processed | 25929 buffered | 2144 active | ProcQ: 0 | DBQ: 3 | 938,987 saved | Failed: 0 | Vol: TEXINFRA:11,530, DPWIRES:4,049
ERROR:cache_service:Error setting OHLC batch: Object of type datetime is not JSON serializable
INFO:root:💾 Saved 500 records in 82.62s (6 rec/s) | 15 15min, 242 hourly, 243 daily | Queue: 3
INFO:root:⏰ Interval update (60s): 06:38:43 UTC
INFO:root:📤 Queued 48986 ticks from 2309 instruments | Processing queue: 1
INFO:root:📊 STATUS: 9,216,729 received | 9,215,003 processed | 1726 buffered | 917 active | ProcQ: 0 | DBQ: 4 | 939,487 saved | Failed: 0 | Vol: TEXINFRA:11,530, DPWIRES:4,049
ERROR:cache_service:Error setting OHLC batch: Object of type datetime is not JSON serializable
INFO:root:💾 Saved 500 records in 33.18s (15 rec/s) | 19 15min, 241 hourly, 240 daily | Queue: 4
INFO:root:📊 STATUS: 9,239,647 received | 9,215,003 processed | 24644 buffered | 2152 active | ProcQ: 0 | DBQ: 4 | 939,987 saved | Failed: 0 | Vol: TEXINFRA:11,530, DPWIRES:4,049
ERROR:cache_service:Error setting OHLC batch: Object of type datetime is not JSON serializable
INFO:root:💾 Saved 500 records in 27.61s (18 rec/s) | 13 15min, 243 hourly, 244 daily | Queue: 4
INFO:root:⏰ Interval update (60s): 06:39:43 UTC
INFO:root:📤 Queued 45678 ticks from 2338 instruments | Processing queue: 1
INFO:root:📊 STATUS: 9,262,658 received | 9,260,681 processed | 1977 buffered | 1061 active | ProcQ: 0 | DBQ: 5 | 940,487 saved | Failed: 0 | Vol: TEXINFRA:11,530, DPWIRES:4,049
INFO:root:📊 STATUS: 9,285,742 received | 9,260,681 processed | 25061 buffered | 2144 active | ProcQ: 0 | DBQ: 5 | 940,487 saved | Failed: 0 | Vol: TEXINFRA:11,530, DPWIRES:4,049
ERROR:cache_service:Error setting OHLC batch: Object of type datetime is not JSON serializable
INFO:root:💾 Saved 500 records in 73.71s (7 rec/s) | 9 15min, 246 hourly, 245 daily | Queue: 5
INFO:root:⏰ Interval update (60s): 06:40:43 UTC
INFO:root:📤 Queued 45713 ticks from 2348 instruments | Processing queue: 1
INFO:root:📊 STATUS: 9,308,742 received | 9,306,394 processed | 2348 buffered | 1129 active | ProcQ: 0 | DBQ: 6 | 940,987 saved | Failed: 0 | Vol: TEXINFRA:11,530, DPWIRES:4,049
INFO:root:📊 STATUS: 9,333,050 received | 9,306,394 processed | 26656 buffered | 2205 active | ProcQ: 0 | DBQ: 6 | 940,987 saved | Failed: 0 | Vol: TEXINFRA:11,530, DPWIRES:4,049
ERROR:cache_service:Error setting OHLC batch: Object of type datetime is not JSON serializable
INFO:root:💾 Saved 500 records in 57.25s (9 rec/s) | 11 15min, 244 hourly, 245 daily | Queue: 6
INFO:root:⏰ Interval update (60s): 06:41:43 UTC
INFO:root:📤 Queued 49040 ticks from 2317 instruments | Processing queue: 1
INFO:root:📊 STATUS: 9,358,095 received | 9,355,434 processed | 2661 buffered | 1200 active | ProcQ: 0 | DBQ: 7 | 941,487 saved | Failed: 0 | Vol: TEXINFRA:11,530, DPWIRES:4,049
INFO:root:📊 STATUS: 9,380,915 received | 9,355,434 processed | 25481 buffered | 2156 active | ProcQ: 0 | DBQ: 7 | 941,487 saved | Failed: 0 | Vol: TEXINFRA:11,530, DPWIRES:4,049
ERROR:cache_service:Error setting OHLC batch: Object of type datetime is not JSON serializable
INFO:root:💾 Saved 500 records in 72.21s (7 rec/s) | 10 15min, 245 hourly, 245 daily | Queue: 7
INFO:root:⏰ Interval update (60s): 06:42:43 UTC
INFO:root:📤 Queued 46126 ticks from 2335 instruments | Processing queue: 1
INFO:root:📊 STATUS: 9,404,727 received | 9,401,560 processed | 3167 buffered | 1370 active | ProcQ: 0 | DBQ: 8 | 941,987 saved | Failed: 0 | Vol: TEXINFRA:11,530, DPWIRES:4,049
INFO:root:📊 STATUS: 9,427,809 received | 9,401,560 processed | 26249 buffered | 2307 active | ProcQ: 0 | DBQ: 8 | 941,987 saved | Failed: 0 | Vol: TEXINFRA:11,530, DPWIRES:4,049
ERROR:cache_service:Error setting OHLC batch: Object of type datetime is not JSON serializable
INFO:root:💾 Saved 268 records in 50.14s (5 rec/s) | 4 15min, 132 hourly, 132 daily | Queue: 8
INFO:root:⏰ Interval update (60s): 06:43:44 UTC
INFO:root:📤 Queued 46700 ticks from 2382 instruments | Processing queue: 1
INFO:root:📊 STATUS: 9,451,651 received | 9,448,260 processed | 3391 buffered | 1443 active | ProcQ: 0 | DBQ: 8 | 942,255 saved | Failed: 0 | Vol: TEXINFRA:11,530, DPWIRES:4,049
INFO:root:📊 STATUS: 9,475,712 received | 9,448,260 processed | 27452 buffered | 2195 active | ProcQ: 0 | DBQ: 8 | 942,255 saved | Failed: 0 | Vol: TEXINFRA:11,530, DPWIRES:4,049
INFO:root:⏰ Interval update (60s): 06:44:44 UTC
INFO:root:📤 Queued 49239 ticks from 2324 instruments | Processing queue: 1
INFO:root:📊 STATUS: 9,500,811 received | 9,497,499 processed | 3312 buffered | 1369 active | ProcQ: 0 | DBQ: 9 | 942,255 saved | Failed: 0 | Vol: TEXINFRA:11,540, DPWIRES:4,049
ERROR:cache_service:Error setting OHLC batch: Object of type datetime is not JSON serializable
INFO:root:💾 Saved 500 records in 100.66s (5 rec/s) | 21 15min, 240 hourly, 239 daily | Queue: 9
INFO:root:📊 STATUS: 9,524,657 received | 9,497,499 processed | 27158 buffered | 2188 active | ProcQ: 0 | DBQ: 9 | 942,755 saved | Failed: 0 | Vol: TEXINFRA:11,540, DPWIRES:4,049
ERROR:cache_service:Error setting OHLC batch: Object of type datetime is not JSON serializable
INFO:root:💾 Saved 500 records in 21.27s (24 rec/s) | 13 15min, 243 hourly, 244 daily | Queue: 9
INFO:root:⏰ Interval update (60s): 06:45:44 UTC
INFO:root:📤 Queued 46641 ticks from 2311 instruments | Processing queue: 1
ERROR:cache_service:Error setting OHLC batch: Object of type datetime is not JSON serializable
INFO:root:💾 Saved 500 records in 9.65s (52 rec/s) | 17 15min, 242 hourly, 241 daily | Queue: 9
INFO:root:📊 STATUS: 9,547,660 received | 9,544,140 processed | 3520 buffered | 1406 active | ProcQ: 0 | DBQ: 10 | 943,755 saved | Failed: 0 | Vol: TEXINFRA:11,540, DPWIRES:4,049
ERROR:cache_service:Error setting OHLC batch: Object of type datetime is not JSON serializable
INFO:root:💾 Saved 500 records in 12.32s (41 rec/s) | 15 15min, 242 hourly, 243 daily | Queue: 10
INFO:root:📊 STATUS: 9,571,436 received | 9,544,140 processed | 27296 buffered | 2140 active | ProcQ: 0 | DBQ: 10 | 944,255 saved | Failed: 0 | Vol: TEXINFRA:11,540, DPWIRES:4,049
INFO:root:⏰ Interval update (60s): 06:46:44 UTC
INFO:root:📤 Queued 47152 ticks from 2270 instruments | Processing queue: 1
ERROR:cache_service:Error setting OHLC batch: Object of type datetime is not JSON serializable
INFO:root:💾 Saved 500 records in 48.27s (10 rec/s) | 15 15min, 243 hourly, 242 daily | Queue: 10
INFO:root:📊 STATUS: 9,594,677 received | 9,591,292 processed | 3385 buffered | 1413 active | ProcQ: 0 | DBQ: 11 | 944,755 saved | Failed: 0 | Vol: TEXINFRA:11,540, DPWIRES:4,049
INFO:root:📊 STATUS: 9,619,587 received | 9,591,292 processed | 28295 buffered | 2147 active | ProcQ: 0 | DBQ: 11 | 944,755 saved | Failed: 0 | Vol: TEXINFRA:11,540, DPWIRES:4,049
INFO:root:⏰ Interval update (60s): 06:47:45 UTC
INFO:root:📤 Queued 49066 ticks from 2289 instruments | Processing queue: 1
INFO:root:📊 STATUS: 9,644,003 received | 9,640,358 processed | 3645 buffered | 1423 active | ProcQ: 0 | DBQ: 12 | 944,755 saved | Failed: 0 | Vol: TEXINFRA:11,540, DPWIRES:4,061
ERROR:cache_service:Error setting OHLC batch: Object of type datetime is not JSON serializable
INFO:root:💾 Saved 500 records in 69.97s (7 rec/s) | 15 15min, 242 hourly, 243 daily | Queue: 12
INFO:root:📊 STATUS: 9,666,782 received | 9,640,358 processed | 26424 buffered | 2123 active | ProcQ: 0 | DBQ: 12 | 945,255 saved | Failed: 0 | Vol: TEXINFRA:11,540, DPWIRES:4,061
INFO:root:⏰ Interval update (60s): 06:48:45 UTC
INFO:root:📤 Queued 45776 ticks from 2268 instruments | Processing queue: 1
INFO:root:📊 STATUS: 9,689,913 received | 9,686,134 processed | 3779 buffered | 1406 active | ProcQ: 0 | DBQ: 13 | 945,255 saved | Failed: 0 | Vol: TEXINFRA:11,540, DPWIRES:4,083
ERROR:cache_service:Error setting OHLC batch: Object of type datetime is not JSON serializable
INFO:root:💾 Saved 500 records in 70.34s (7 rec/s) | 8 15min, 246 hourly, 246 daily | Queue: 13
ERROR:cache_service:Error setting OHLC batch: Object of type datetime is not JSON serializable
INFO:root:💾 Saved 500 records in 4.56s (110 rec/s) | 11 15min, 245 hourly, 244 daily | Queue: 13
ERROR:cache_service:Error setting OHLC batch: Object of type datetime is not JSON serializable
INFO:root:💾 Saved 500 records in 4.00s (125 rec/s) | 9 15min, 245 hourly, 246 daily | Queue: 13
ERROR:cache_service:Error setting OHLC batch: Object of type datetime is not JSON serializable
INFO:root:💾 Saved 436 records in 3.27s (133 rec/s) | 8 15min, 214 hourly, 214 daily | Queue: 13
INFO:root:📊 STATUS: 9,713,153 received | 9,686,134 processed | 27019 buffered | 2192 active | ProcQ: 0 | DBQ: 12 | 947,191 saved | Failed: 0 | Vol: TEXINFRA:11,540, DPWIRES:4,083
ERROR:cache_service:Error setting OHLC batch: Object of type datetime is not JSON serializable
INFO:root:💾 Saved 500 records in 3.41s (147 rec/s) | 21 15min, 240 hourly, 239 daily | Queue: 12
ERROR:cache_service:Error setting OHLC batch: Object of type datetime is not JSON serializable
INFO:root:💾 Saved 500 records in 3.93s (127 rec/s) | 13 15min, 243 hourly, 244 daily | Queue: 12
ERROR:cache_service:Error setting OHLC batch: Object of type datetime is not JSON serializable
INFO:root:💾 Saved 500 records in 10.32s (48 rec/s) | 17 15min, 242 hourly, 241 daily | Queue: 12
ERROR:cache_service:Error setting OHLC batch: Object of type datetime is not JSON serializable
INFO:root:💾 Saved 500 records in 10.11s (49 rec/s) | 15 15min, 242 hourly, 243 daily | Queue: 12
INFO:root:⏰ Interval update (60s): 06:49:45 UTC
INFO:root:📤 Queued 46284 ticks from 2322 instruments | Processing queue: 1
INFO:root:📊 STATUS: 9,736,378 received | 9,732,418 processed | 3960 buffered | 1496 active | ProcQ: 0 | DBQ: 13 | 949,191 saved | Failed: 0 | Vol: TEXINFRA:11,540, DPWIRES:4,083
ERROR:cache_service:Error setting OHLC batch: Object of type datetime is not JSON serializable
INFO:root:💾 Saved 500 records in 10.56s (47 rec/s) | 16 15min, 242 hourly, 242 daily | Queue: 13
ERROR:cache_service:Error setting OHLC batch: Object of type datetime is not JSON serializable
INFO:root:💾 Saved 500 records in 6.00s (83 rec/s) | 16 15min, 242 hourly, 242 daily | Queue: 13
ERROR:cache_service:Error setting OHLC batch: Object of type datetime is not JSON serializable
INFO:root:💾 Saved 500 records in 3.13s (160 rec/s) | 9 15min, 246 hourly, 245 daily | Queue: 13
ERROR:cache_service:Error setting OHLC batch: Object of type datetime is not JSON serializable
INFO:root:💾 Saved 500 records in 3.27s (153 rec/s) | 11 15min, 244 hourly, 245 daily | Queue: 13
ERROR:cache_service:Error setting OHLC batch: Object of type datetime is not JSON serializable
INFO:root:💾 Saved 500 records in 3.38s (148 rec/s) | 10 15min, 245 hourly, 245 daily | Queue: 13
ERROR:cache_service:Error setting OHLC batch: Object of type datetime is not JSON serializable
INFO:root:💾 Saved 298 records in 2.10s (142 rec/s) | 4 15min, 147 hourly, 147 daily | Queue: 13
ERROR:cache_service:Error setting OHLC batch: Object of type datetime is not JSON serializable
INFO:root:💾 Saved 500 records in 3.22s (155 rec/s) | 21 15min, 240 hourly, 239 daily | Queue: 12
ERROR:cache_service:Error setting OHLC batch: Object of type datetime is not JSON serializable
INFO:root:💾 Saved 500 records in 3.10s (162 rec/s) | 13 15min, 243 hourly, 244 daily | Queue: 12
INFO:root:📊 STATUS: 9,761,489 received | 9,732,418 processed | 29071 buffered | 2217 active | ProcQ: 0 | DBQ: 12 | 952,989 saved | Failed: 0 | Vol: TEXINFRA:11,540, DPWIRES:4,083
ERROR:cache_service:Error setting OHLC batch: Object of type datetime is not JSON serializable
INFO:root:💾 Saved 500 records in 3.44s (145 rec/s) | 17 15min, 242 hourly, 241 daily | Queue: 12
ERROR:cache_service:Error setting OHLC batch: Object of type datetime is not JSON serializable
INFO:root:💾 Saved 500 records in 2.78s (180 rec/s) | 15 15min, 242 hourly, 243 daily | Queue: 12
ERROR:cache_service:Error setting OHLC batch: Object of type datetime is not JSON serializable
INFO:root:💾 Saved 500 records in 2.90s (172 rec/s) | 15 15min, 243 hourly, 242 daily | Queue: 12
ERROR:cache_service:Error setting OHLC batch: Object of type datetime is not JSON serializable
INFO:root:💾 Saved 500 records in 1.75s (285 rec/s) | 16 15min, 242 hourly, 242 daily | Queue: 12
ERROR:cache_service:Error setting OHLC batch: Object of type datetime is not JSON serializable
INFO:root:💾 Saved 500 records in 1.64s (305 rec/s) | 7 15min, 246 hourly, 247 daily | Queue: 12
ERROR:cache_service:Error setting OHLC batch: Object of type datetime is not JSON serializable
INFO:root:💾 Saved 500 records in 1.37s (364 rec/s) | 11 15min, 245 hourly, 244 daily | Queue: 12
ERROR:cache_service:Error setting OHLC batch: Object of type datetime is not JSON serializable
INFO:root:💾 Saved 500 records in 1.62s (308 rec/s) | 9 15min, 245 hourly, 246 daily | Queue: 12
ERROR:cache_service:Error setting OHLC batch: Object of type datetime is not JSON serializable
INFO:root:💾 Saved 334 records in 1.32s (254 rec/s) | 8 15min, 163 hourly, 163 daily | Queue: 12
ERROR:cache_service:Error setting OHLC batch: Object of type datetime is not JSON serializable
INFO:root:💾 Saved 500 records in 2.42s (207 rec/s) | 21 15min, 240 hourly, 239 daily | Queue: 11
ERROR:cache_service:Error setting OHLC batch: Object of type datetime is not JSON serializable
INFO:root:💾 Saved 500 records in 3.74s (134 rec/s) | 13 15min, 243 hourly, 244 daily | Queue: 11
INFO:root:⏰ Interval update (60s): 06:50:45 UTC
INFO:root:📤 Queued 49439 ticks from 2334 instruments | Processing queue: 1
ERROR:cache_service:Error setting OHLC batch: Object of type datetime is not JSON serializable
INFO:root:💾 Saved 500 records in 5.77s (87 rec/s) | 17 15min, 242 hourly, 241 daily | Queue: 12
INFO:root:📊 STATUS: 9,785,989 received | 9,781,857 processed | 4132 buffered | 1410 active | ProcQ: 0 | DBQ: 12 | 958,323 saved | Failed: 0 | Vol: TEXINFRA:11,540, DPWIRES:4,083
ERROR:cache_service:Error setting OHLC batch: Object of type datetime is not JSON serializable
INFO:root:💾 Saved 500 records in 4.55s (110 rec/s) | 15 15min, 242 hourly, 243 daily | Queue: 12
ERROR:cache_service:Error setting OHLC batch: Object of type datetime is not JSON serializable
INFO:root:💾 Saved 500 records in 3.90s (128 rec/s) | 19 15min, 241 hourly, 240 daily | Queue: 12
ERROR:cache_service:Error setting OHLC batch: Object of type datetime is not JSON serializable
INFO:root:💾 Saved 500 records in 7.02s (71 rec/s) | 13 15min, 243 hourly, 244 daily | Queue: 12
ERROR:cache_service:Error setting OHLC batch: Object of type datetime is not JSON serializable
INFO:root:💾 Saved 500 records in 5.14s (97 rec/s) | 9 15min, 246 hourly, 245 daily | Queue: 12
ERROR:cache_service:Error setting OHLC batch: Object of type datetime is not JSON serializable
INFO:root:💾 Saved 500 records in 3.86s (129 rec/s) | 11 15min, 244 hourly, 245 daily | Queue: 12
ERROR:cache_service:Error setting OHLC batch: Object of type datetime is not JSON serializable
INFO:root:💾 Saved 500 records in 4.13s (121 rec/s) | 10 15min, 245 hourly, 245 daily | Queue: 12
ERROR:cache_service:Error setting OHLC batch: Object of type datetime is not JSON serializable
INFO:root:💾 Saved 250 records in 2.45s (102 rec/s) | 4 15min, 123 hourly, 123 daily | Queue: 12
INFO:root:📊 STATUS: 9,809,282 received | 9,781,857 processed | 27425 buffered | 2123 active | ProcQ: 0 | DBQ: 11 | 961,573 saved | Failed: 0 | Vol: TEXINFRA:11,540, DPWIRES:4,083
ERROR:cache_service:Error setting OHLC batch: Object of type datetime is not JSON serializable
INFO:root:💾 Saved 500 records in 5.02s (100 rec/s) | 21 15min, 240 hourly, 239 daily | Queue: 11
ERROR:cache_service:Error setting OHLC batch: Object of type datetime is not JSON serializable
INFO:root:💾 Saved 500 records in 5.31s (94 rec/s) | 13 15min, 243 hourly, 244 daily | Queue: 11
ERROR:cache_service:Error setting OHLC batch: Object of type datetime is not JSON serializable
INFO:root:💾 Saved 500 records in 6.29s (79 rec/s) | 17 15min, 242 hourly, 241 daily | Queue: 11
INFO:root:⏰ Interval update (60s): 06:51:45 UTC
INFO:root:📤 Queued 46651 ticks from 2262 instruments | Processing queue: 1
INFO:root:📊 STATUS: 9,832,770 received | 9,828,508 processed | 4262 buffered | 1454 active | ProcQ: 0 | DBQ: 12 | 963,073 saved | Failed: 0 | Vol: TEXINFRA:11,540, DPWIRES:4,083
ERROR:cache_service:Error setting OHLC batch: Object of type datetime is not JSON serializable
INFO:root:💾 Saved 500 records in 40.42s (12 rec/s) | 13 15min, 243 hourly, 244 daily | Queue: 12
INFO:root:📊 STATUS: 9,855,949 received | 9,828,508 processed | 27441 buffered | 2239 active | ProcQ: 0 | DBQ: 12 | 963,573 saved | Failed: 0 | Vol: TEXINFRA:11,540, DPWIRES:4,083
ERROR:cache_service:Error setting OHLC batch: Object of type datetime is not JSON serializable
INFO:root:💾 Saved 500 records in 13.57s (37 rec/s) | 15 15min, 243 hourly, 242 daily | Queue: 12
ERROR:cache_service:Error setting OHLC batch: Object of type datetime is not JSON serializable
INFO:root:💾 Saved 500 records in 4.75s (105 rec/s) | 17 15min, 241 hourly, 242 daily | Queue: 12
ERROR:cache_service:Error setting OHLC batch: Object of type datetime is not JSON serializable
INFO:root:💾 Saved 500 records in 5.14s (97 rec/s) | 7 15min, 247 hourly, 246 daily | Queue: 12
ERROR:cache_service:Error setting OHLC batch: Object of type datetime is not JSON serializable
INFO:root:💾 Saved 500 records in 4.19s (119 rec/s) | 15 15min, 242 hourly, 243 daily | Queue: 12
INFO:root:⏰ Interval update (60s): 06:52:45 UTC
INFO:root:📤 Queued 47220 ticks from 2425 instruments | Processing queue: 1
ERROR:cache_service:Error setting OHLC batch: Object of type datetime is not JSON serializable
INFO:root:💾 Saved 500 records in 4.12s (121 rec/s) | 10 15min, 245 hourly, 245 daily | Queue: 13
ERROR:cache_service:Error setting OHLC batch: Object of type datetime is not JSON serializable
INFO:root:💾 Saved 308 records in 2.10s (147 rec/s) | 4 15min, 152 hourly, 152 daily | Queue: 13
INFO:root:📊 STATUS: 9,880,089 received | 9,875,728 processed | 4361 buffered | 1608 active | ProcQ: 0 | DBQ: 12 | 966,381 saved | Failed: 0 | Vol: TEXINFRA:11,542, DPWIRES:4,084
ERROR:cache_service:Error setting OHLC batch: Object of type datetime is not JSON serializable
INFO:root:💾 Saved 500 records in 3.07s (163 rec/s) | 21 15min, 240 hourly, 239 daily | Queue: 12
ERROR:cache_service:Error setting OHLC batch: Object of type datetime is not JSON serializable
INFO:root:💾 Saved 500 records in 3.15s (159 rec/s) | 13 15min, 243 hourly, 244 daily | Queue: 12
ERROR:cache_service:Error setting OHLC batch: Object of type datetime is not JSON serializable
INFO:root:💾 Saved 500 records in 2.40s (208 rec/s) | 17 15min, 242 hourly, 241 daily | Queue: 12
ERROR:cache_service:Error setting OHLC batch: Object of type datetime is not JSON serializable
INFO:root:💾 Saved 500 records in 2.64s (189 rec/s) | 14 15min, 243 hourly, 243 daily | Queue: 12
ERROR:cache_service:Error setting OHLC batch: Object of type datetime is not JSON serializable
INFO:root:💾 Saved 500 records in 1.16s (432 rec/s) | 15 15min, 242 hourly, 243 daily | Queue: 12
ERROR:cache_service:Error setting OHLC batch: Object of type datetime is not JSON serializable
INFO:root:💾 Saved 500 records in 0.94s (533 rec/s) | 17 15min, 242 hourly, 241 daily | Queue: 12
ERROR:cache_service:Error setting OHLC batch: Object of type datetime is not JSON serializable
INFO:root:💾 Saved 500 records in 0.88s (567 rec/s) | 9 15min, 245 hourly, 246 daily | Queue: 12
ERROR:cache_service:Error setting OHLC batch: Object of type datetime is not JSON serializable
INFO:root:💾 Saved 500 records in 0.81s (616 rec/s) | 9 15min, 246 hourly, 245 daily | Queue: 12
ERROR:cache_service:Error setting OHLC batch: Object of type datetime is not JSON serializable
INFO:root:💾 Saved 500 records in 0.60s (838 rec/s) | 9 15min, 245 hourly, 246 daily | Queue: 12
ERROR:cache_service:Error setting OHLC batch: Object of type datetime is not JSON serializable
INFO:root:💾 Saved 328 records in 0.39s (848 rec/s) | 8 15min, 160 hourly, 160 daily | Queue: 12
ERROR:cache_service:Error setting OHLC batch: Object of type datetime is not JSON serializable
INFO:root:💾 Saved 500 records in 0.43s (1174 rec/s) | 21 15min, 240 hourly, 239 daily | Queue: 11
ERROR:cache_service:Error setting OHLC batch: Object of type datetime is not JSON serializable
INFO:root:💾 Saved 500 records in 0.24s (2122 rec/s) | 13 15min, 243 hourly, 244 daily | Queue: 11
ERROR:cache_service:Error setting OHLC batch: Object of type datetime is not JSON serializable
INFO:root:💾 Saved 500 records in 0.20s (2507 rec/s) | 17 15min, 242 hourly, 241 daily | Queue: 11
ERROR:cache_service:Error setting OHLC batch: Object of type datetime is not JSON serializable
INFO:root:💾 Saved 500 records in 0.25s (2018 rec/s) | 15 15min, 242 hourly, 243 daily | Queue: 11
ERROR:cache_service:Error setting OHLC batch: Object of type datetime is not JSON serializable
INFO:root:💾 Saved 500 records in 0.20s (2513 rec/s) | 17 15min, 242 hourly, 241 daily | Queue: 11
ERROR:cache_service:Error setting OHLC batch: Object of type datetime is not JSON serializable
INFO:root:💾 Saved 500 records in 0.21s (2342 rec/s) | 15 15min, 242 hourly, 243 daily | Queue: 11
ERROR:cache_service:Error setting OHLC batch: Object of type datetime is not JSON serializable
INFO:root:💾 Saved 500 records in 0.23s (2192 rec/s) | 9 15min, 246 hourly, 245 daily | Queue: 11
ERROR:cache_service:Error setting OHLC batch: Object of type datetime is not JSON serializable
INFO:root:💾 Saved 500 records in 0.17s (2888 rec/s) | 11 15min, 244 hourly, 245 daily | Queue: 11
ERROR:cache_service:Error setting OHLC batch: Object of type datetime is not JSON serializable
INFO:root:💾 Saved 500 records in 0.20s (2462 rec/s) | 10 15min, 245 hourly, 245 daily | Queue: 11
ERROR:cache_service:Error setting OHLC batch: Object of type datetime is not JSON serializable
INFO:root:💾 Saved 266 records in 0.12s (2240 rec/s) | 4 15min, 131 hourly, 131 daily | Queue: 11
ERROR:cache_service:Error setting OHLC batch: Object of type datetime is not JSON serializable
INFO:root:💾 Saved 500 records in 0.18s (2834 rec/s) | 21 15min, 240 hourly, 239 daily | Queue: 10
ERROR:cache_service:Error setting OHLC batch: Object of type datetime is not JSON serializable
INFO:root:💾 Saved 500 records in 0.15s (3226 rec/s) | 13 15min, 243 hourly, 244 daily | Queue: 10
ERROR:cache_service:Error setting OHLC batch: Object of type datetime is not JSON serializable
INFO:root:💾 Saved 500 records in 0.12s (4151 rec/s) | 17 15min, 242 hourly, 241 daily | Queue: 10
ERROR:cache_service:Error setting OHLC batch: Object of type datetime is not JSON serializable
INFO:root:💾 Saved 500 records in 0.15s (3394 rec/s) | 15 15min, 242 hourly, 243 daily | Queue: 10
ERROR:cache_service:Error setting OHLC batch: Object of type datetime is not JSON serializable
INFO:root:💾 Saved 500 records in 0.15s (3421 rec/s) | 15 15min, 243 hourly, 242 daily | Queue: 10
ERROR:cache_service:Error setting OHLC batch: Object of type datetime is not JSON serializable
INFO:root:💾 Saved 500 records in 0.14s (3645 rec/s) | 17 15min, 241 hourly, 242 daily | Queue: 10
ERROR:cache_service:Error setting OHLC batch: Object of type datetime is not JSON serializable
INFO:root:💾 Saved 500 records in 0.19s (2657 rec/s) | 8 15min, 246 hourly, 246 daily | Queue: 10
ERROR:cache_service:Error setting OHLC batch: Object of type datetime is not JSON serializable
INFO:root:💾 Saved 500 records in 0.13s (3838 rec/s) | 9 15min, 246 hourly, 245 daily | Queue: 10
ERROR:cache_service:Error setting OHLC batch: Object of type datetime is not JSON serializable
INFO:root:💾 Saved 500 records in 0.16s (3079 rec/s) | 10 15min, 245 hourly, 245 daily | Queue: 10
ERROR:cache_service:Error setting OHLC batch: Object of type datetime is not JSON serializable
INFO:root:💾 Saved 302 records in 0.10s (2972 rec/s) | 7 15min, 147 hourly, 148 daily | Queue: 10
ERROR:cache_service:Error setting OHLC batch: Object of type datetime is not JSON serializable
INFO:root:💾 Saved 500 records in 0.14s (3626 rec/s) | 21 15min, 240 hourly, 239 daily | Queue: 9
ERROR:cache_service:Error setting OHLC batch: Object of type datetime is not JSON serializable
INFO:root:💾 Saved 500 records in 0.12s (4275 rec/s) | 13 15min, 243 hourly, 244 daily | Queue: 9
ERROR:cache_service:Error setting OHLC batch: Object of type datetime is not JSON serializable
INFO:root:💾 Saved 500 records in 0.11s (4713 rec/s) | 17 15min, 242 hourly, 241 daily | Queue: 9
ERROR:cache_service:Error setting OHLC batch: Object of type datetime is not JSON serializable
INFO:root:💾 Saved 500 records in 0.15s (3250 rec/s) | 15 15min, 242 hourly, 243 daily | Queue: 9
ERROR:cache_service:Error setting OHLC batch: Object of type datetime is not JSON serializable
INFO:root:💾 Saved 500 records in 0.14s (3693 rec/s) | 15 15min, 243 hourly, 242 daily | Queue: 9
ERROR:cache_service:Error setting OHLC batch: Object of type datetime is not JSON serializable
INFO:root:💾 Saved 500 records in 0.10s (4840 rec/s) | 13 15min, 243 hourly, 244 daily | Queue: 9
ERROR:cache_service:Error setting OHLC batch: Object of type datetime is not JSON serializable
INFO:root:💾 Saved 500 records in 0.11s (4446 rec/s) | 10 15min, 245 hourly, 245 daily | Queue: 9
ERROR:cache_service:Error setting OHLC batch: Object of type datetime is not JSON serializable
INFO:root:💾 Saved 500 records in 0.17s (2918 rec/s) | 11 15min, 245 hourly, 244 daily | Queue: 9
ERROR:cache_service:Error setting OHLC batch: Object of type datetime is not JSON serializable
INFO:root:💾 Saved 500 records in 0.10s (5219 rec/s) | 9 15min, 245 hourly, 246 daily | Queue: 9
ERROR:cache_service:Error setting OHLC batch: Object of type datetime is not JSON serializable
INFO:root:💾 Saved 396 records in 0.09s (4354 rec/s) | 8 15min, 194 hourly, 194 daily | Queue: 9
ERROR:cache_service:Error setting OHLC batch: Object of type datetime is not JSON serializable
INFO:root:💾 Saved 500 records in 0.59s (854 rec/s) | 21 15min, 240 hourly, 239 daily | Queue: 8
ERROR:cache_service:Error setting OHLC batch: Object of type datetime is not JSON serializable
INFO:root:💾 Saved 500 records in 0.09s (5733 rec/s) | 13 15min, 243 hourly, 244 daily | Queue: 8
ERROR:cache_service:Error setting OHLC batch: Object of type datetime is not JSON serializable
INFO:root:💾 Saved 500 records in 0.08s (6125 rec/s) | 17 15min, 242 hourly, 241 daily | Queue: 8
ERROR:cache_service:Error setting OHLC batch: Object of type datetime is not JSON serializable
INFO:root:💾 Saved 500 records in 0.11s (4596 rec/s) | 15 15min, 242 hourly, 243 daily | Queue: 8
ERROR:cache_service:Error setting OHLC batch: Object of type datetime is not JSON serializable
INFO:root:💾 Saved 500 records in 0.13s (3801 rec/s) | 19 15min, 241 hourly, 240 daily | Queue: 8
ERROR:cache_service:Error setting OHLC batch: Object of type datetime is not JSON serializable
INFO:root:💾 Saved 500 records in 0.13s (3879 rec/s) | 13 15min, 243 hourly, 244 daily | Queue: 8
ERROR:cache_service:Error setting OHLC batch: Object of type datetime is not JSON serializable
INFO:root:💾 Saved 500 records in 0.16s (3132 rec/s) | 9 15min, 246 hourly, 245 daily | Queue: 8
ERROR:cache_service:Error setting OHLC batch: Object of type datetime is not JSON serializable
INFO:root:💾 Saved 500 records in 0.16s (3042 rec/s) | 11 15min, 244 hourly, 245 daily | Queue: 8
ERROR:cache_service:Error setting OHLC batch: Object of type datetime is not JSON serializable
INFO:root:💾 Saved 500 records in 0.09s (5395 rec/s) | 10 15min, 245 hourly, 245 daily | Queue: 8
ERROR:cache_service:Error setting OHLC batch: Object of type datetime is not JSON serializable
INFO:root:💾 Saved 280 records in 0.04s (6610 rec/s) | 4 15min, 138 hourly, 138 daily | Queue: 8
ERROR:cache_service:Error setting OHLC batch: Object of type datetime is not JSON serializable
INFO:root:💾 Saved 500 records in 0.12s (4151 rec/s) | 21 15min, 240 hourly, 239 daily | Queue: 7
ERROR:cache_service:Error setting OHLC batch: Object of type datetime is not JSON serializable
INFO:root:💾 Saved 500 records in 0.08s (6019 rec/s) | 16 15min, 242 hourly, 242 daily | Queue: 7
ERROR:cache_service:Error setting OHLC batch: Object of type datetime is not JSON serializable
INFO:root:💾 Saved 500 records in 0.11s (4640 rec/s) | 14 15min, 243 hourly, 243 daily | Queue: 7
ERROR:cache_service:Error setting OHLC batch: Object of type datetime is not JSON serializable
INFO:root:💾 Saved 500 records in 0.08s (6002 rec/s) | 15 15min, 242 hourly, 243 daily | Queue: 7
ERROR:cache_service:Error setting OHLC batch: Object of type datetime is not JSON serializable
INFO:root:💾 Saved 500 records in 0.20s (2547 rec/s) | 19 15min, 241 hourly, 240 daily | Queue: 7
ERROR:cache_service:Error setting OHLC batch: Object of type datetime is not JSON serializable
INFO:root:💾 Saved 500 records in 0.11s (4570 rec/s) | 13 15min, 243 hourly, 244 daily | Queue: 7
ERROR:cache_service:Error setting OHLC batch: Object of type datetime is not JSON serializable
INFO:root:💾 Saved 500 records in 0.09s (5495 rec/s) | 9 15min, 246 hourly, 245 daily | Queue: 7
ERROR:cache_service:Error setting OHLC batch: Object of type datetime is not JSON serializable
INFO:root:💾 Saved 500 records in 0.10s (4890 rec/s) | 11 15min, 244 hourly, 245 daily | Queue: 7
ERROR:cache_service:Error setting OHLC batch: Object of type datetime is not JSON serializable
INFO:root:💾 Saved 500 records in 0.07s (6961 rec/s) | 10 15min, 245 hourly, 245 daily | Queue: 7
ERROR:cache_service:Error setting OHLC batch: Object of type datetime is not JSON serializable
INFO:root:💾 Saved 254 records in 0.06s (4253 rec/s) | 4 15min, 125 hourly, 125 daily | Queue: 7
ERROR:cache_service:Error setting OHLC batch: Object of type datetime is not JSON serializable
INFO:root:💾 Saved 500 records in 0.10s (4828 rec/s) | 21 15min, 240 hourly, 239 daily | Queue: 6
ERROR:cache_service:Error setting OHLC batch: Object of type datetime is not JSON serializable
INFO:root:💾 Saved 500 records in 0.10s (5191 rec/s) | 13 15min, 243 hourly, 244 daily | Queue: 6
ERROR:cache_service:Error setting OHLC batch: Object of type datetime is not JSON serializable
INFO:root:💾 Saved 500 records in 0.05s (9398 rec/s) | 17 15min, 242 hourly, 241 daily | Queue: 6
ERROR:cache_service:Error setting OHLC batch: Object of type datetime is not JSON serializable
INFO:root:💾 Saved 500 records in 0.09s (5604 rec/s) | 15 15min, 242 hourly, 243 daily | Queue: 6
ERROR:cache_service:Error setting OHLC batch: Object of type datetime is not JSON serializable
INFO:root:💾 Saved 500 records in 0.08s (6528 rec/s) | 18 15min, 241 hourly, 241 daily | Queue: 6
ERROR:cache_service:Error setting OHLC batch: Object of type datetime is not JSON serializable
INFO:root:💾 Saved 500 records in 0.08s (6600 rec/s) | 13 15min, 244 hourly, 243 daily | Queue: 6
ERROR:cache_service:Error setting OHLC batch: Object of type datetime is not JSON serializable
INFO:root:💾 Saved 500 records in 0.06s (8025 rec/s) | 9 15min, 245 hourly, 246 daily | Queue: 6
ERROR:cache_service:Error setting OHLC batch: Object of type datetime is not JSON serializable
INFO:root:💾 Saved 500 records in 0.09s (5313 rec/s) | 11 15min, 245 hourly, 244 daily | Queue: 6
ERROR:cache_service:Error setting OHLC batch: Object of type datetime is not JSON serializable
INFO:root:💾 Saved 500 records in 0.10s (4846 rec/s) | 11 15min, 244 hourly, 245 daily | Queue: 6
ERROR:cache_service:Error setting OHLC batch: Object of type datetime is not JSON serializable
INFO:root:💾 Saved 172 records in 0.03s (6021 rec/s) | 4 15min, 84 hourly, 84 daily | Queue: 6
ERROR:cache_service:Error setting OHLC batch: Object of type datetime is not JSON serializable
INFO:root:💾 Saved 500 records in 0.06s (7936 rec/s) | 21 15min, 240 hourly, 239 daily | Queue: 5
ERROR:cache_service:Error setting OHLC batch: Object of type datetime is not JSON serializable
INFO:root:💾 Saved 500 records in 0.07s (7109 rec/s) | 14 15min, 243 hourly, 243 daily | Queue: 5
ERROR:cache_service:Error setting OHLC batch: Object of type datetime is not JSON serializable
INFO:root:💾 Saved 500 records in 0.07s (7363 rec/s) | 16 15min, 242 hourly, 242 daily | Queue: 5
ERROR:cache_service:Error setting OHLC batch: Object of type datetime is not JSON serializable
INFO:root:💾 Saved 500 records in 0.06s (8923 rec/s) | 15 15min, 242 hourly, 243 daily | Queue: 5
ERROR:cache_service:Error setting OHLC batch: Object of type datetime is not JSON serializable
INFO:root:💾 Saved 500 records in 0.07s (7287 rec/s) | 19 15min, 241 hourly, 240 daily | Queue: 5
ERROR:cache_service:Error setting OHLC batch: Object of type datetime is not JSON serializable
INFO:root:💾 Saved 500 records in 0.07s (6808 rec/s) | 13 15min, 243 hourly, 244 daily | Queue: 5
ERROR:cache_service:Error setting OHLC batch: Object of type datetime is not JSON serializable
INFO:root:💾 Saved 500 records in 0.08s (6439 rec/s) | 9 15min, 246 hourly, 245 daily | Queue: 5
ERROR:cache_service:Error setting OHLC batch: Object of type datetime is not JSON serializable
INFO:root:💾 Saved 500 records in 0.06s (7792 rec/s) | 11 15min, 244 hourly, 245 daily | Queue: 5
ERROR:cache_service:Error setting OHLC batch: Object of type datetime is not JSON serializable
INFO:root:💾 Saved 500 records in 0.07s (7022 rec/s) | 10 15min, 245 hourly, 245 daily | Queue: 5
ERROR:cache_service:Error setting OHLC batch: Object of type datetime is not JSON serializable
INFO:root:💾 Saved 210 records in 0.03s (7483 rec/s) | 4 15min, 103 hourly, 103 daily | Queue: 5
ERROR:cache_service:Error setting OHLC batch: Object of type datetime is not JSON serializable
INFO:root:💾 Saved 500 records in 0.07s (7269 rec/s) | 21 15min, 240 hourly, 239 daily | Queue: 4
ERROR:cache_service:Error setting OHLC batch: Object of type datetime is not JSON serializable
INFO:root:💾 Saved 500 records in 0.06s (8488 rec/s) | 13 15min, 243 hourly, 244 daily | Queue: 4
ERROR:cache_service:Error setting OHLC batch: Object of type datetime is not JSON serializable
INFO:root:💾 Saved 500 records in 0.07s (6739 rec/s) | 17 15min, 242 hourly, 241 daily | Queue: 4
ERROR:cache_service:Error setting OHLC batch: Object of type datetime is not JSON serializable
INFO:root:💾 Saved 500 records in 0.06s (7789 rec/s) | 15 15min, 242 hourly, 243 daily | Queue: 4
ERROR:cache_service:Error setting OHLC batch: Object of type datetime is not JSON serializable
INFO:root:💾 Saved 500 records in 0.06s (8059 rec/s) | 19 15min, 241 hourly, 240 daily | Queue: 4
ERROR:cache_service:Error setting OHLC batch: Object of type datetime is not JSON serializable
INFO:root:💾 Saved 500 records in 0.07s (7351 rec/s) | 13 15min, 243 hourly, 244 daily | Queue: 4
ERROR:cache_service:Error setting OHLC batch: Object of type datetime is not JSON serializable
INFO:root:💾 Saved 500 records in 0.07s (7263 rec/s) | 9 15min, 246 hourly, 245 daily | Queue: 4
ERROR:cache_service:Error setting OHLC batch: Object of type datetime is not JSON serializable
INFO:root:💾 Saved 500 records in 0.04s (11237 rec/s) | 11 15min, 244 hourly, 245 daily | Queue: 4
ERROR:cache_service:Error setting OHLC batch: Object of type datetime is not JSON serializable
INFO:root:💾 Saved 500 records in 0.07s (7283 rec/s) | 10 15min, 245 hourly, 245 daily | Queue: 4
ERROR:cache_service:Error setting OHLC batch: Object of type datetime is not JSON serializable
INFO:root:💾 Saved 168 records in 0.04s (4582 rec/s) | 4 15min, 82 hourly, 82 daily | Queue: 4
ERROR:cache_service:Error setting OHLC batch: Object of type datetime is not JSON serializable
INFO:root:💾 Saved 500 records in 0.07s (7483 rec/s) | 21 15min, 240 hourly, 239 daily | Queue: 3
ERROR:cache_service:Error setting OHLC batch: Object of type datetime is not JSON serializable
INFO:root:💾 Saved 500 records in 0.07s (7296 rec/s) | 13 15min, 243 hourly, 244 daily | Queue: 3
ERROR:cache_service:Error setting OHLC batch: Object of type datetime is not JSON serializable
INFO:root:💾 Saved 500 records in 0.08s (6654 rec/s) | 17 15min, 242 hourly, 241 daily | Queue: 3
ERROR:cache_service:Error setting OHLC batch: Object of type datetime is not JSON serializable
INFO:root:💾 Saved 500 records in 0.07s (7626 rec/s) | 15 15min, 242 hourly, 243 daily | Queue: 3
ERROR:cache_service:Error setting OHLC batch: Object of type datetime is not JSON serializable
INFO:root:💾 Saved 500 records in 0.06s (8237 rec/s) | 15 15min, 243 hourly, 242 daily | Queue: 3
ERROR:cache_service:Error setting OHLC batch: Object of type datetime is not JSON serializable
INFO:root:💾 Saved 500 records in 0.08s (6597 rec/s) | 17 15min, 241 hourly, 242 daily | Queue: 3
ERROR:cache_service:Error setting OHLC batch: Object of type datetime is not JSON serializable
INFO:root:💾 Saved 500 records in 0.05s (10831 rec/s) | 9 15min, 246 hourly, 245 daily | Queue: 3
ERROR:cache_service:Error setting OHLC batch: Object of type datetime is not JSON serializable
INFO:root:💾 Saved 500 records in 0.07s (7355 rec/s) | 11 15min, 244 hourly, 245 daily | Queue: 3
ERROR:cache_service:Error setting OHLC batch: Object of type datetime is not JSON serializable
INFO:root:💾 Saved 500 records in 0.08s (6502 rec/s) | 10 15min, 245 hourly, 245 daily | Queue: 3
ERROR:cache_service:Error setting OHLC batch: Object of type datetime is not JSON serializable
INFO:root:💾 Saved 276 records in 0.03s (8243 rec/s) | 4 15min, 136 hourly, 136 daily | Queue: 3
ERROR:cache_service:Error setting OHLC batch: Object of type datetime is not JSON serializable
INFO:root:💾 Saved 500 records in 0.07s (7041 rec/s) | 21 15min, 240 hourly, 239 daily | Queue: 2
ERROR:cache_service:Error setting OHLC batch: Object of type datetime is not JSON serializable
INFO:root:💾 Saved 500 records in 0.07s (7271 rec/s) | 13 15min, 243 hourly, 244 daily | Queue: 2
ERROR:cache_service:Error setting OHLC batch: Object of type datetime is not JSON serializable
INFO:root:💾 Saved 500 records in 0.08s (6322 rec/s) | 17 15min, 242 hourly, 241 daily | Queue: 2
ERROR:cache_service:Error setting OHLC batch: Object of type datetime is not JSON serializable
INFO:root:💾 Saved 500 records in 0.07s (7100 rec/s) | 15 15min, 242 hourly, 243 daily | Queue: 2
ERROR:cache_service:Error setting OHLC batch: Object of type datetime is not JSON serializable
INFO:root:💾 Saved 500 records in 0.06s (7851 rec/s) | 15 15min, 243 hourly, 242 daily | Queue: 2
ERROR:cache_service:Error setting OHLC batch: Object of type datetime is not JSON serializable
INFO:root:💾 Saved 500 records in 0.05s (10812 rec/s) | 17 15min, 241 hourly, 242 daily | Queue: 2
ERROR:cache_service:Error setting OHLC batch: Object of type datetime is not JSON serializable
INFO:root:💾 Saved 500 records in 0.08s (6627 rec/s) | 9 15min, 246 hourly, 245 daily | Queue: 2
ERROR:cache_service:Error setting OHLC batch: Object of type datetime is not JSON serializable
INFO:root:💾 Saved 500 records in 0.07s (7143 rec/s) | 8 15min, 246 hourly, 246 daily | Queue: 2
ERROR:cache_service:Error setting OHLC batch: Object of type datetime is not JSON serializable
INFO:root:💾 Saved 500 records in 0.05s (9878 rec/s) | 13 15min, 243 hourly, 244 daily | Queue: 2
ERROR:cache_service:Error setting OHLC batch: Object of type datetime is not JSON serializable
INFO:root:💾 Saved 300 records in 0.04s (6914 rec/s) | 4 15min, 148 hourly, 148 daily | Queue: 2
ERROR:cache_service:Error setting OHLC batch: Object of type datetime is not JSON serializable
INFO:root:💾 Saved 500 records in 0.06s (8189 rec/s) | 21 15min, 240 hourly, 239 daily | Queue: 1
ERROR:cache_service:Error setting OHLC batch: Object of type datetime is not JSON serializable
INFO:root:💾 Saved 500 records in 0.05s (9172 rec/s) | 17 15min, 241 hourly, 242 daily | Queue: 1
ERROR:cache_service:Error setting OHLC batch: Object of type datetime is not JSON serializable
INFO:root:💾 Saved 500 records in 0.07s (6725 rec/s) | 13 15min, 244 hourly, 243 daily | Queue: 1
ERROR:cache_service:Error setting OHLC batch: Object of type datetime is not JSON serializable
INFO:root:💾 Saved 500 records in 0.10s (4916 rec/s) | 15 15min, 242 hourly, 243 daily | Queue: 1
ERROR:cache_service:Error setting OHLC batch: Object of type datetime is not JSON serializable
INFO:root:💾 Saved 500 records in 0.06s (8240 rec/s) | 19 15min, 241 hourly, 240 daily | Queue: 1
ERROR:cache_service:Error setting OHLC batch: Object of type datetime is not JSON serializable
INFO:root:💾 Saved 500 records in 0.09s (5387 rec/s) | 13 15min, 243 hourly, 244 daily | Queue: 1
ERROR:cache_service:Error setting OHLC batch: Object of type datetime is not JSON serializable
INFO:root:💾 Saved 500 records in 0.07s (7176 rec/s) | 9 15min, 246 hourly, 245 daily | Queue: 1
ERROR:cache_service:Error setting OHLC batch: Object of type datetime is not JSON serializable
INFO:root:💾 Saved 500 records in 0.06s (8413 rec/s) | 11 15min, 244 hourly, 245 daily | Queue: 1
ERROR:cache_service:Error setting OHLC batch: Object of type datetime is not JSON serializable
INFO:root:💾 Saved 500 records in 0.06s (8998 rec/s) | 12 15min, 244 hourly, 244 daily | Queue: 1
ERROR:cache_service:Error setting OHLC batch: Object of type datetime is not JSON serializable
INFO:root:💾 Saved 156 records in 0.03s (4934 rec/s) | 2 15min, 77 hourly, 77 daily | Queue: 1
ERROR:cache_service:Error setting OHLC batch: Object of type datetime is not JSON serializable
INFO:root:💾 Saved 500 records in 0.07s (7237 rec/s) | 21 15min, 240 hourly, 239 daily | Queue: 0
ERROR:cache_service:Error setting OHLC batch: Object of type datetime is not JSON serializable
INFO:root:💾 Saved 500 records in 0.06s (7753 rec/s) | 13 15min, 243 hourly, 244 daily | Queue: 0
ERROR:cache_service:Error setting OHLC batch: Object of type datetime is not JSON serializable
INFO:root:💾 Saved 500 records in 0.05s (10923 rec/s) | 17 15min, 242 hourly, 241 daily | Queue: 0
ERROR:cache_service:Error setting OHLC batch: Object of type datetime is not JSON serializable
INFO:root:💾 Saved 500 records in 0.07s (6703 rec/s) | 15 15min, 242 hourly, 243 daily | Queue: 0
ERROR:cache_service:Error setting OHLC batch: Object of type datetime is not JSON serializable
INFO:root:💾 Saved 500 records in 0.08s (6203 rec/s) | 10 15min, 245 hourly, 245 daily | Queue: 0
ERROR:cache_service:Error setting OHLC batch: Object of type datetime is not JSON serializable
INFO:root:💾 Saved 500 records in 0.07s (7376 rec/s) | 18 15min, 241 hourly, 241 daily | Queue: 0
ERROR:cache_service:Error setting OHLC batch: Object of type datetime is not JSON serializable
INFO:root:💾 Saved 500 records in 0.07s (7283 rec/s) | 10 15min, 245 hourly, 245 daily | Queue: 0
ERROR:cache_service:Error setting OHLC batch: Object of type datetime is not JSON serializable
INFO:root:💾 Saved 500 records in 0.07s (6928 rec/s) | 11 15min, 245 hourly, 244 daily | Queue: 0
ERROR:cache_service:Error setting OHLC batch: Object of type datetime is not JSON serializable
INFO:root:💾 Saved 500 records in 0.05s (9366 rec/s) | 9 15min, 245 hourly, 246 daily | Queue: 0
ERROR:cache_service:Error setting OHLC batch: Object of type datetime is not JSON serializable
INFO:root:💾 Saved 482 records in 0.05s (10006 rec/s) | 8 15min, 237 hourly, 237 daily | Queue: 0
INFO:root:📊 STATUS: 9,905,180 received | 9,875,728 processed | 29452 buffered | 2438 active | ProcQ: 0 | DBQ: 0 | 1,028,471 saved | Failed: 0 | Vol: TEXINFRA:11,542, DPWIRES:4,084
INFO:root:⏰ Interval update (60s): 06:53:46 UTC
INFO:root:📤 Queued 49925 ticks from 2605 instruments | Processing queue: 1
ERROR:cache_service:Error setting OHLC batch: Object of type datetime is not JSON serializable
INFO:root:💾 Saved 500 records in 0.05s (9304 rec/s) | 21 15min, 240 hourly, 239 daily | Queue: 0
ERROR:cache_service:Error setting OHLC batch: Object of type datetime is not JSON serializable
INFO:root:💾 Saved 500 records in 0.06s (8673 rec/s) | 13 15min, 243 hourly, 244 daily | Queue: 0
ERROR:cache_service:Error setting OHLC batch: Object of type datetime is not JSON serializable
INFO:root:💾 Saved 500 records in 0.06s (7820 rec/s) | 14 15min, 243 hourly, 243 daily | Queue: 0
ERROR:cache_service:Error setting OHLC batch: Object of type datetime is not JSON serializable
INFO:root:💾 Saved 500 records in 0.09s (5447 rec/s) | 13 15min, 244 hourly, 243 daily | Queue: 0
ERROR:cache_service:Error setting OHLC batch: Object of type datetime is not JSON serializable
INFO:root:💾 Saved 500 records in 0.09s (5860 rec/s) | 10 15min, 245 hourly, 245 daily | Queue: 0
ERROR:cache_service:Error setting OHLC batch: Object of type datetime is not JSON serializable
INFO:root:💾 Saved 500 records in 0.06s (8509 rec/s) | 18 15min, 241 hourly, 241 daily | Queue: 0
ERROR:cache_service:Error setting OHLC batch: Object of type datetime is not JSON serializable
INFO:root:💾 Saved 500 records in 0.07s (7461 rec/s) | 12 15min, 244 hourly, 244 daily | Queue: 0
ERROR:cache_service:Error setting OHLC batch: Object of type datetime is not JSON serializable
INFO:root:💾 Saved 500 records in 0.05s (10755 rec/s) | 6 15min, 247 hourly, 247 daily | Queue: 0
ERROR:cache_service:Error setting OHLC batch: Object of type datetime is not JSON serializable
INFO:root:💾 Saved 500 records in 0.04s (11248 rec/s) | 11 15min, 244 hourly, 245 daily | Queue: 0
ERROR:cache_service:Error setting OHLC batch: Object of type datetime is not JSON serializable
INFO:root:💾 Saved 500 records in 0.05s (9743 rec/s) | 10 15min, 245 hourly, 245 daily | Queue: 0
ERROR:cache_service:Error setting OHLC batch: Object of type datetime is not JSON serializable
INFO:root:💾 Saved 342 records in 0.05s (6932 rec/s) | 4 15min, 169 hourly, 169 daily | Queue: 0
INFO:root:📊 STATUS: 9,929,903 received | 9,925,653 processed | 4250 buffered | 1492 active | ProcQ: 0 | DBQ: 0 | 1,033,813 saved | Failed: 0 | Vol: TEXINFRA:11,542, DPWIRES:4,084
INFO:root:📊 STATUS: 9,953,063 received | 9,925,653 processed | 27410 buffered | 2170 active | ProcQ: 0 | DBQ: 0 | 1,033,813 saved | Failed: 0 | Vol: TEXINFRA:11,542, DPWIRES:4,084
INFO:root:⏰ Interval update (60s): 06:54:46 UTC
INFO:root:📤 Queued 46474 ticks from 2302 instruments | Processing queue: 1
ERROR:cache_service:Error setting OHLC batch: Object of type datetime is not JSON serializable
INFO:root:💾 Saved 500 records in 0.07s (7260 rec/s) | 21 15min, 240 hourly, 239 daily | Queue: 0
ERROR:cache_service:Error setting OHLC batch: Object of type datetime is not JSON serializable
INFO:root:💾 Saved 500 records in 0.04s (11437 rec/s) | 16 15min, 242 hourly, 242 daily | Queue: 0
ERROR:cache_service:Error setting OHLC batch: Object of type datetime is not JSON serializable
INFO:root:💾 Saved 500 records in 0.07s (7627 rec/s) | 14 15min, 243 hourly, 243 daily | Queue: 0
ERROR:cache_service:Error setting OHLC batch: Object of type datetime is not JSON serializable
INFO:root:💾 Saved 500 records in 0.05s (9110 rec/s) | 14 15min, 243 hourly, 243 daily | Queue: 0
ERROR:cache_service:Error setting OHLC batch: Object of type datetime is not JSON serializable
INFO:root:💾 Saved 500 records in 0.08s (6399 rec/s) | 19 15min, 240 hourly, 241 daily | Queue: 0
ERROR:cache_service:Error setting OHLC batch: Object of type datetime is not JSON serializable
INFO:root:💾 Saved 500 records in 0.07s (6801 rec/s) | 13 15min, 244 hourly, 243 daily | Queue: 0
ERROR:cache_service:Error setting OHLC batch: Object of type datetime is not JSON serializable
INFO:root:💾 Saved 500 records in 0.05s (10381 rec/s) | 9 15min, 245 hourly, 246 daily | Queue: 0
ERROR:cache_service:Error setting OHLC batch: Object of type datetime is not JSON serializable
INFO:root:💾 Saved 500 records in 0.07s (6728 rec/s) | 12 15min, 244 hourly, 244 daily | Queue: 0
ERROR:cache_service:Error setting OHLC batch: Object of type datetime is not JSON serializable
INFO:root:💾 Saved 500 records in 0.05s (9557 rec/s) | 10 15min, 245 hourly, 245 daily | Queue: 0
ERROR:cache_service:Error setting OHLC batch: Object of type datetime is not JSON serializable
INFO:root:💾 Saved 236 records in 0.03s (9259 rec/s) | 4 15min, 116 hourly, 116 daily | Queue: 0
INFO:root:📊 STATUS: 9,976,409 received | 9,972,127 processed | 4282 buffered | 1608 active | ProcQ: 0 | DBQ: 0 | 1,038,549 saved | Failed: 0 | Vol: TEXINFRA:11,542, DPWIRES:4,087
INFO:root:📊 STATUS: 9,999,472 received | 9,972,127 processed | 27345 buffered | 2213 active | ProcQ: 0 | DBQ: 0 | 1,038,549 saved | Failed: 0 | Vol: TEXINFRA:11,542, DPWIRES:4,087
INFO:root:⏰ Interval update (60s): 06:55:46 UTC
INFO:root:📤 Queued 46360 ticks from 2320 instruments | Processing queue: 1
ERROR:cache_service:Error setting OHLC batch: Object of type datetime is not JSON serializable
INFO:root:💾 Saved 500 records in 0.05s (9299 rec/s) | 21 15min, 240 hourly, 239 daily | Queue: 0
ERROR:cache_service:Error setting OHLC batch: Object of type datetime is not JSON serializable
INFO:root:💾 Saved 500 records in 0.07s (7155 rec/s) | 13 15min, 243 hourly, 244 daily | Queue: 0
ERROR:cache_service:Error setting OHLC batch: Object of type datetime is not JSON serializable
INFO:root:💾 Saved 500 records in 0.05s (9653 rec/s) | 17 15min, 242 hourly, 241 daily | Queue: 0
ERROR:cache_service:Error setting OHLC batch: Object of type datetime is not JSON serializable
INFO:root:💾 Saved 500 records in 0.04s (12949 rec/s) | 15 15min, 242 hourly, 243 daily | Queue: 0
ERROR:cache_service:Error setting OHLC batch: Object of type datetime is not JSON serializable
INFO:root:💾 Saved 500 records in 0.06s (8914 rec/s) | 18 15min, 241 hourly, 241 daily | Queue: 0
ERROR:cache_service:Error setting OHLC batch: Object of type datetime is not JSON serializable
INFO:root:💾 Saved 500 records in 0.04s (12157 rec/s) | 14 15min, 243 hourly, 243 daily | Queue: 0
ERROR:cache_service:Error setting OHLC batch: Object of type datetime is not JSON serializable
INFO:root:💾 Saved 500 records in 0.05s (10110 rec/s) | 9 15min, 246 hourly, 245 daily | Queue: 0
ERROR:cache_service:Error setting OHLC batch: Object of type datetime is not JSON serializable
INFO:root:💾 Saved 500 records in 0.06s (7990 rec/s) | 11 15min, 244 hourly, 245 daily | Queue: 0
ERROR:cache_service:Error setting OHLC batch: Object of type datetime is not JSON serializable
INFO:root:💾 Saved 500 records in 0.05s (10379 rec/s) | 10 15min, 245 hourly, 245 daily | Queue: 0
ERROR:cache_service:Error setting OHLC batch: Object of type datetime is not JSON serializable
INFO:root:💾 Saved 272 records in 0.04s (6611 rec/s) | 4 15min, 134 hourly, 134 daily | Queue: 0
INFO:root:📊 STATUS: 10,023,023 received | 10,018,487 processed | 4536 buffered | 1466 active | ProcQ: 0 | DBQ: 0 | 1,043,321 saved | Failed: 0 | Vol: TEXINFRA:11,542, DPWIRES:4,087
INFO:root:📊 STATUS: 10,047,837 received | 10,018,487 processed | 29350 buffered | 2172 active | ProcQ: 0 | DBQ: 0 | 1,043,321 saved | Failed: 0 | Vol: TEXINFRA:11,542, DPWIRES:4,087
INFO:root:⏰ Interval update (60s): 06:56:46 UTC
INFO:root:📤 Queued 47811 ticks from 2308 instruments | Processing queue: 1
ERROR:cache_service:Error setting OHLC batch: Object of type datetime is not JSON serializable
INFO:root:💾 Saved 500 records in 0.13s (3953 rec/s) | 21 15min, 240 hourly, 239 daily | Queue: 0
ERROR:cache_service:Error setting OHLC batch: Object of type datetime is not JSON serializable
INFO:root:💾 Saved 500 records in 0.12s (4078 rec/s) | 13 15min, 243 hourly, 244 daily | Queue: 0
ERROR:cache_service:Error setting OHLC batch: Object of type datetime is not JSON serializable
INFO:root:💾 Saved 500 records in 0.12s (4054 rec/s) | 17 15min, 242 hourly, 241 daily | Queue: 0
ERROR:cache_service:Error setting OHLC batch: Object of type datetime is not JSON serializable
INFO:root:💾 Saved 500 records in 0.13s (3812 rec/s) | 15 15min, 242 hourly, 243 daily | Queue: 0
ERROR:cache_service:Error setting OHLC batch: Object of type datetime is not JSON serializable
INFO:root:💾 Saved 500 records in 0.11s (4397 rec/s) | 18 15min, 241 hourly, 241 daily | Queue: 0
ERROR:cache_service:Error setting OHLC batch: Object of type datetime is not JSON serializable
INFO:root:💾 Saved 500 records in 0.11s (4732 rec/s) | 14 15min, 243 hourly, 243 daily | Queue: 0
ERROR:cache_service:Error setting OHLC batch: Object of type datetime is not JSON serializable
INFO:root:💾 Saved 500 records in 0.12s (4052 rec/s) | 9 15min, 246 hourly, 245 daily | Queue: 0
ERROR:cache_service:Error setting OHLC batch: Object of type datetime is not JSON serializable
INFO:root:💾 Saved 500 records in 0.12s (4249 rec/s) | 11 15min, 244 hourly, 245 daily | Queue: 0
ERROR:cache_service:Error setting OHLC batch: Object of type datetime is not JSON serializable
INFO:root:💾 Saved 500 records in 0.13s (3790 rec/s) | 10 15min, 245 hourly, 245 daily | Queue: 0
ERROR:cache_service:Error setting OHLC batch: Object of type datetime is not JSON serializable
INFO:root:💾 Saved 248 records in 0.05s (4648 rec/s) | 4 15min, 122 hourly, 122 daily | Queue: 0
INFO:root:📊 STATUS: 10,070,689 received | 10,066,298 processed | 4391 buffered | 1491 active | ProcQ: 0 | DBQ: 0 | 1,048,069 saved | Failed: 0 | Vol: TEXINFRA:11,542, DPWIRES:5,195
INFO:root:📊 STATUS: 10,093,441 received | 10,066,298 processed | 27143 buffered | 2190 active | ProcQ: 0 | DBQ: 0 | 1,048,069 saved | Failed: 0 | Vol: TEXINFRA:11,542, DPWIRES:5,195
INFO:root:⏰ Interval update (60s): 06:57:46 UTC
INFO:root:📤 Queued 45156 ticks from 2307 instruments | Processing queue: 1
ERROR:cache_service:Error setting OHLC batch: Object of type datetime is not JSON serializable
INFO:root:💾 Saved 500 records in 0.05s (10458 rec/s) | 21 15min, 240 hourly, 239 daily | Queue: 0
ERROR:cache_service:Error setting OHLC batch: Object of type datetime is not JSON serializable
INFO:root:💾 Saved 500 records in 0.05s (9613 rec/s) | 13 15min, 243 hourly, 244 daily | Queue: 0
ERROR:cache_service:Error setting OHLC batch: Object of type datetime is not JSON serializable
INFO:root:💾 Saved 500 records in 0.05s (10217 rec/s) | 17 15min, 242 hourly, 241 daily | Queue: 0
ERROR:cache_service:Error setting OHLC batch: Object of type datetime is not JSON serializable
INFO:root:💾 Saved 500 records in 0.05s (9483 rec/s) | 15 15min, 242 hourly, 243 daily | Queue: 0
ERROR:cache_service:Error setting OHLC batch: Object of type datetime is not JSON serializable
INFO:root:💾 Saved 500 records in 0.05s (9924 rec/s) | 15 15min, 243 hourly, 242 daily | Queue: 0
ERROR:cache_service:Error setting OHLC batch: Object of type datetime is not JSON serializable
INFO:root:💾 Saved 500 records in 0.06s (8646 rec/s) | 17 15min, 241 hourly, 242 daily | Queue: 0
ERROR:cache_service:Error setting OHLC batch: Object of type datetime is not JSON serializable
INFO:root:💾 Saved 500 records in 0.05s (10060 rec/s) | 9 15min, 246 hourly, 245 daily | Queue: 0
ERROR:cache_service:Error setting OHLC batch: Object of type datetime is not JSON serializable
INFO:root:💾 Saved 500 records in 0.05s (10051 rec/s) | 11 15min, 244 hourly, 245 daily | Queue: 0
ERROR:cache_service:Error setting OHLC batch: Object of type datetime is not JSON serializable
INFO:root:💾 Saved 500 records in 0.08s (6663 rec/s) | 10 15min, 245 hourly, 245 daily | Queue: 0
ERROR:cache_service:Error setting OHLC batch: Object of type datetime is not JSON serializable
INFO:root:💾 Saved 246 records in 0.03s (8001 rec/s) | 4 15min, 121 hourly, 121 daily | Queue: 0
INFO:root:📊 STATUS: 10,115,796 received | 10,111,454 processed | 4342 buffered | 1495 active | ProcQ: 0 | DBQ: 0 | 1,052,815 saved | Failed: 0 | Vol: TEXINFRA:11,542, DPWIRES:5,231
INFO:root:📊 STATUS: 10,138,330 received | 10,111,454 processed | 26876 buffered | 2193 active | ProcQ: 0 | DBQ: 0 | 1,052,815 saved | Failed: 0 | Vol: TEXINFRA:11,542, DPWIRES:5,231
INFO:root:⏰ Interval update (60s): 06:58:46 UTC
INFO:root:📤 Queued 45450 ticks from 2302 instruments | Processing queue: 1
ERROR:cache_service:Error setting OHLC batch: Object of type datetime is not JSON serializable
INFO:root:💾 Saved 500 records in 0.06s (8107 rec/s) | 21 15min, 240 hourly, 239 daily | Queue: 0
ERROR:cache_service:Error setting OHLC batch: Object of type datetime is not JSON serializable
INFO:root:💾 Saved 500 records in 0.04s (11539 rec/s) | 13 15min, 243 hourly, 244 daily | Queue: 0
ERROR:cache_service:Error setting OHLC batch: Object of type datetime is not JSON serializable
INFO:root:💾 Saved 500 records in 0.05s (10056 rec/s) | 17 15min, 242 hourly, 241 daily | Queue: 0
ERROR:cache_service:Error setting OHLC batch: Object of type datetime is not JSON serializable
INFO:root:💾 Saved 500 records in 0.04s (11991 rec/s) | 15 15min, 242 hourly, 243 daily | Queue: 0
ERROR:cache_service:Error setting OHLC batch: Object of type datetime is not JSON serializable
INFO:root:💾 Saved 500 records in 0.04s (11179 rec/s) | 17 15min, 242 hourly, 241 daily | Queue: 0
ERROR:cache_service:Error setting OHLC batch: Object of type datetime is not JSON serializable
INFO:root:💾 Saved 500 records in 0.05s (9849 rec/s) | 15 15min, 242 hourly, 243 daily | Queue: 0
ERROR:cache_service:Error setting OHLC batch: Object of type datetime is not JSON serializable
INFO:root:💾 Saved 500 records in 0.05s (10512 rec/s) | 9 15min, 246 hourly, 245 daily | Queue: 0
ERROR:cache_service:Error setting OHLC batch: Object of type datetime is not JSON serializable
INFO:root:💾 Saved 500 records in 0.05s (10455 rec/s) | 11 15min, 244 hourly, 245 daily | Queue: 0
ERROR:cache_service:Error setting OHLC batch: Object of type datetime is not JSON serializable
INFO:root:💾 Saved 500 records in 0.05s (9467 rec/s) | 10 15min, 245 hourly, 245 daily | Queue: 0
ERROR:cache_service:Error setting OHLC batch: Object of type datetime is not JSON serializable
INFO:root:💾 Saved 236 records in 0.02s (9481 rec/s) | 4 15min, 116 hourly, 116 daily | Queue: 0
INFO:root:📊 STATUS: 10,161,724 received | 10,156,904 processed | 4820 buffered | 1586 active | ProcQ: 0 | DBQ: 0 | 1,057,551 saved | Failed: 0 | Vol: TEXINFRA:11,542, DPWIRES:5,231
INFO:root:📊 STATUS: 10,185,965 received | 10,156,904 processed | 29061 buffered | 2157 active | ProcQ: 0 | DBQ: 0 | 1,057,551 saved | Failed: 0 | Vol: TEXINFRA:11,542, DPWIRES:5,231
INFO:root:⏰ Interval update (60s): 06:59:46 UTC
INFO:root:📤 Queued 48499 ticks from 2275 instruments | Processing queue: 1
ERROR:cache_service:Error setting OHLC batch: Object of type datetime is not JSON serializable
INFO:root:💾 Saved 500 records in 0.06s (8401 rec/s) | 21 15min, 240 hourly, 239 daily | Queue: 0
ERROR:cache_service:Error setting OHLC batch: Object of type datetime is not JSON serializable
INFO:root:💾 Saved 500 records in 0.05s (9524 rec/s) | 13 15min, 243 hourly, 244 daily | Queue: 0
ERROR:cache_service:Error setting OHLC batch: Object of type datetime is not JSON serializable
INFO:root:💾 Saved 500 records in 0.07s (6680 rec/s) | 17 15min, 242 hourly, 241 daily | Queue: 0
ERROR:cache_service:Error setting OHLC batch: Object of type datetime is not JSON serializable
INFO:root:💾 Saved 500 records in 0.05s (10541 rec/s) | 14 15min, 243 hourly, 243 daily | Queue: 0
ERROR:cache_service:Error setting OHLC batch: Object of type datetime is not JSON serializable
INFO:root:💾 Saved 500 records in 0.06s (8102 rec/s) | 19 15min, 240 hourly, 241 daily | Queue: 0
ERROR:cache_service:Error setting OHLC batch: Object of type datetime is not JSON serializable
INFO:root:💾 Saved 500 records in 0.04s (11892 rec/s) | 13 15min, 244 hourly, 243 daily | Queue: 0
ERROR:cache_service:Error setting OHLC batch: Object of type datetime is not JSON serializable
INFO:root:💾 Saved 500 records in 0.05s (11018 rec/s) | 10 15min, 245 hourly, 245 daily | Queue: 0
ERROR:cache_service:Error setting OHLC batch: Object of type datetime is not JSON serializable
INFO:root:💾 Saved 500 records in 0.05s (9794 rec/s) | 11 15min, 244 hourly, 245 daily | Queue: 0
ERROR:cache_service:Error setting OHLC batch: Object of type datetime is not JSON serializable
INFO:root:💾 Saved 500 records in 0.06s (8704 rec/s) | 10 15min, 245 hourly, 245 daily | Queue: 0
ERROR:cache_service:Error setting OHLC batch: Object of type datetime is not JSON serializable
INFO:root:💾 Saved 182 records in 0.02s (8239 rec/s) | 4 15min, 89 hourly, 89 daily | Queue: 0
INFO:root:📊 STATUS: 10,210,360 received | 10,205,403 processed | 4957 buffered | 1516 active | ProcQ: 0 | DBQ: 0 | 1,062,233 saved | Failed: 0 | Vol: TEXINFRA:11,542, DPWIRES:5,233
INFO:root:🕐 New hour detected (UTC): 2026-04-28 07:00:00+00:00
INFO:root:📤 Queued 10210 ticks from 1760 instruments | Processing queue: 1
ERROR:cache_service:Error setting OHLC batch: Object of type datetime is not JSON serializable
INFO:root:💾 Saved 500 records in 0.23s (2181 rec/s) | 24 15min, 238 hourly, 238 daily | Queue: 0
ERROR:cache_service:Error setting OHLC batch: Object of type datetime is not JSON serializable
INFO:root:💾 Saved 500 records in 0.24s (2126 rec/s) | 20 15min, 240 hourly, 240 daily | Queue: 0
ERROR:cache_service:Error setting OHLC batch: Object of type datetime is not JSON serializable
INFO:root:💾 Saved 500 records in 0.15s (3383 rec/s) | 22 15min, 239 hourly, 239 daily | Queue: 0
ERROR:cache_service:Error setting OHLC batch: Object of type datetime is not JSON serializable
INFO:root:💾 Saved 500 records in 0.16s (3032 rec/s) | 19 15min, 241 hourly, 240 daily | Queue: 0
ERROR:cache_service:Error setting OHLC batch: Object of type datetime is not JSON serializable
INFO:root:💾 Saved 500 records in 0.20s (2526 rec/s) | 16 15min, 242 hourly, 242 daily | Queue: 0
ERROR:cache_service:Error setting OHLC batch: Object of type datetime is not JSON serializable
INFO:root:💾 Saved 500 records in 0.17s (2984 rec/s) | 14 15min, 243 hourly, 243 daily | Queue: 0
ERROR:cache_service:Error setting OHLC batch: Object of type datetime is not JSON serializable
INFO:root:💾 Saved 500 records in 0.14s (3455 rec/s) | 13 15min, 243 hourly, 244 daily | Queue: 0
ERROR:cache_service:Error setting OHLC batch: Object of type datetime is not JSON serializable
INFO:root:💾 Saved 152 records in 0.06s (2481 rec/s) | 4 15min, 74 hourly, 74 daily | Queue: 0
INFO:root:📊 STATUS: 10,233,805 received | 10,215,613 processed | 18192 buffered | 2064 active | ProcQ: 0 | DBQ: 0 | 1,065,885 saved | Failed: 0 | Vol: TEXINFRA:11,542, DPWIRES:5,233
INFO:root:⏰ Interval update (60s): 07:00:46 UTC
INFO:root:📤 Queued 35961 ticks from 2246 instruments | Processing queue: 1
ERROR:cache_service:Error setting OHLC batch: Object of type datetime is not JSON serializable
INFO:root:💾 Saved 500 records in 0.06s (8427 rec/s) | 21 15min, 240 hourly, 239 daily | Queue: 0
ERROR:cache_service:Error setting OHLC batch: Object of type datetime is not JSON serializable
INFO:root:💾 Saved 500 records in 0.06s (8406 rec/s) | 13 15min, 243 hourly, 244 daily | Queue: 0
ERROR:cache_service:Error setting OHLC batch: Object of type datetime is not JSON serializable
INFO:root:💾 Saved 500 records in 0.06s (7843 rec/s) | 17 15min, 242 hourly, 241 daily | Queue: 0
ERROR:cache_service:Error setting OHLC batch: Object of type datetime is not JSON serializable
INFO:root:💾 Saved 500 records in 0.07s (7173 rec/s) | 14 15min, 243 hourly, 243 daily | Queue: 0
ERROR:cache_service:Error setting OHLC batch: Object of type datetime is not JSON serializable
INFO:root:💾 Saved 500 records in 0.05s (10451 rec/s) | 19 15min, 240 hourly, 241 daily | Queue: 0
ERROR:cache_service:Error setting OHLC batch: Object of type datetime is not JSON serializable
INFO:root:💾 Saved 500 records in 0.07s (7126 rec/s) | 13 15min, 244 hourly, 243 daily | Queue: 0
ERROR:cache_service:Error setting OHLC batch: Object of type datetime is not JSON serializable
INFO:root:💾 Saved 500 records in 0.08s (6520 rec/s) | 12 15min, 244 hourly, 244 daily | Queue: 0
ERROR:cache_service:Error setting OHLC batch: Object of type datetime is not JSON serializable
INFO:root:💾 Saved 500 records in 0.07s (7175 rec/s) | 9 15min, 245 hourly, 246 daily | Queue: 0
ERROR:cache_service:Error setting OHLC batch: Object of type datetime is not JSON serializable
INFO:root:💾 Saved 500 records in 0.14s (3542 rec/s) | 14 15min, 243 hourly, 243 daily | Queue: 0
ERROR:cache_service:Error setting OHLC batch: Object of type datetime is not JSON serializable
INFO:root:💾 Saved 124 records in 0.03s (4385 rec/s) | 0 15min, 62 hourly, 62 daily | Queue: 0
INFO:root:📊 STATUS: 10,256,856 received | 10,251,574 processed | 5282 buffered | 1532 active | ProcQ: 0 | DBQ: 0 | 1,070,509 saved | Failed: 0 | Vol: TEXINFRA:11,542, DPWIRES:5,233
INFO:root:📊 STATUS: 10,279,918 received | 10,251,574 processed | 28344 buffered | 2165 active | ProcQ: 0 | DBQ: 0 | 1,070,509 saved | Failed: 0 | Vol: TEXINFRA:11,542, DPWIRES:5,233
INFO:root:⏰ Interval update (60s): 07:01:47 UTC
INFO:root:📤 Queued 46183 ticks from 2296 instruments | Processing queue: 1
ERROR:cache_service:Error setting OHLC batch: Object of type datetime is not JSON serializable
INFO:root:💾 Saved 500 records in 1.62s (308 rec/s) | 21 15min, 240 hourly, 239 daily | Queue: 0
ERROR:cache_service:Error setting OHLC batch: Object of type datetime is not JSON serializable
INFO:root:💾 Saved 500 records in 1.29s (389 rec/s) | 13 15min, 243 hourly, 244 daily | Queue: 0
ERROR:cache_service:Error setting OHLC batch: Object of type datetime is not JSON serializable
INFO:root:💾 Saved 500 records in 1.09s (460 rec/s) | 17 15min, 242 hourly, 241 daily | Queue: 0
ERROR:cache_service:Error setting OHLC batch: Object of type datetime is not JSON serializable
INFO:root:💾 Saved 500 records in 1.02s (492 rec/s) | 15 15min, 242 hourly, 243 daily | Queue: 0
ERROR:cache_service:Error setting OHLC batch: Object of type datetime is not JSON serializable
INFO:root:💾 Saved 500 records in 1.02s (490 rec/s) | 16 15min, 242 hourly, 242 daily | Queue: 0
INFO:root:📊 STATUS: 10,303,001 received | 10,297,757 processed | 5244 buffered | 1646 active | ProcQ: 0 | DBQ: 0 | 1,073,009 saved | Failed: 0 | Vol: TEXINFRA:11,542, DPWIRES:5,233
ERROR:cache_service:Error setting OHLC batch: Object of type datetime is not JSON serializable
INFO:root:💾 Saved 500 records in 0.84s (596 rec/s) | 16 15min, 242 hourly, 242 daily | Queue: 0
ERROR:cache_service:Error setting OHLC batch: Object of type datetime is not JSON serializable
INFO:root:💾 Saved 500 records in 0.85s (591 rec/s) | 9 15min, 246 hourly, 245 daily | Queue: 0
ERROR:cache_service:Error setting OHLC batch: Object of type datetime is not JSON serializable
INFO:root:💾 Saved 500 records in 0.66s (758 rec/s) | 11 15min, 244 hourly, 245 daily | Queue: 0
ERROR:cache_service:Error setting OHLC batch: Object of type datetime is not JSON serializable
INFO:root:💾 Saved 500 records in 0.69s (720 rec/s) | 10 15min, 245 hourly, 245 daily | Queue: 0
ERROR:cache_service:Error setting OHLC batch: Object of type datetime is not JSON serializable
INFO:root:💾 Saved 224 records in 0.26s (850 rec/s) | 4 15min, 110 hourly, 110 daily | Queue: 0
INFO:root:📊 STATUS: 10,327,057 received | 10,297,757 processed | 29300 buffered | 2186 active | ProcQ: 0 | DBQ: 0 | 1,075,233 saved | Failed: 0 | Vol: TEXINFRA:11,542, DPWIRES:5,233
INFO:root:⏰ Interval update (60s): 07:02:47 UTC
INFO:root:📤 Queued 48699 ticks from 2301 instruments | Processing queue: 1
ERROR:cache_service:Error setting OHLC batch: Object of type datetime is not JSON serializable
INFO:root:💾 Saved 500 records in 0.47s (1074 rec/s) | 21 15min, 240 hourly, 239 daily | Queue: 0
ERROR:cache_service:Error setting OHLC batch: Object of type datetime is not JSON serializable
INFO:root:💾 Saved 500 records in 0.39s (1286 rec/s) | 13 15min, 243 hourly, 244 daily | Queue: 0
ERROR:cache_service:Error setting OHLC batch: Object of type datetime is not JSON serializable
INFO:root:💾 Saved 500 records in 0.47s (1065 rec/s) | 17 15min, 242 hourly, 241 daily | Queue: 0
ERROR:cache_service:Error setting OHLC batch: Object of type datetime is not JSON serializable
INFO:root:💾 Saved 500 records in 0.39s (1275 rec/s) | 15 15min, 242 hourly, 243 daily | Queue: 0
ERROR:cache_service:Error setting OHLC batch: Object of type datetime is not JSON serializable
INFO:root:💾 Saved 500 records in 0.51s (988 rec/s) | 15 15min, 243 hourly, 242 daily | Queue: 0
ERROR:cache_service:Error setting OHLC batch: Object of type datetime is not JSON serializable
INFO:root:💾 Saved 500 records in 0.41s (1217 rec/s) | 17 15min, 241 hourly, 242 daily | Queue: 0
ERROR:cache_service:Error setting OHLC batch: Object of type datetime is not JSON serializable
INFO:root:💾 Saved 500 records in 0.36s (1396 rec/s) | 9 15min, 246 hourly, 245 daily | Queue: 0
ERROR:cache_service:Error setting OHLC batch: Object of type datetime is not JSON serializable
INFO:root:💾 Saved 500 records in 0.43s (1151 rec/s) | 11 15min, 244 hourly, 245 daily | Queue: 0
ERROR:cache_service:Error setting OHLC batch: Object of type datetime is not JSON serializable
INFO:root:💾 Saved 500 records in 0.34s (1482 rec/s) | 10 15min, 245 hourly, 245 daily | Queue: 0
ERROR:cache_service:Error setting OHLC batch: Object of type datetime is not JSON serializable
INFO:root:💾 Saved 234 records in 0.17s (1349 rec/s) | 4 15min, 115 hourly, 115 daily | Queue: 0
INFO:root:📊 STATUS: 10,351,641 received | 10,346,456 processed | 5185 buffered | 1608 active | ProcQ: 0 | DBQ: 0 | 1,079,967 saved | Failed: 0 | Vol: TEXINFRA:11,542, DPWIRES:5,233
INFO:root:📊 STATUS: 10,374,754 received | 10,346,456 processed | 28298 buffered | 2208 active | ProcQ: 0 | DBQ: 0 | 1,079,967 saved | Failed: 0 | Vol: TEXINFRA:11,542, DPWIRES:5,233
INFO:root:⏰ Interval update (60s): 07:03:47 UTC
INFO:root:📤 Queued 45752 ticks from 2331 instruments | Processing queue: 1
ERROR:cache_service:Error setting OHLC batch: Object of type datetime is not JSON serializable
INFO:root:💾 Saved 500 records in 2.64s (189 rec/s) | 21 15min, 240 hourly, 239 daily | Queue: 0
ERROR:cache_service:Error setting OHLC batch: Object of type datetime is not JSON serializable
INFO:root:💾 Saved 500 records in 1.89s (265 rec/s) | 13 15min, 243 hourly, 244 daily | Queue: 0
ERROR:cache_service:Error setting OHLC batch: Object of type datetime is not JSON serializable
INFO:root:💾 Saved 500 records in 1.63s (307 rec/s) | 17 15min, 242 hourly, 241 daily | Queue: 0
INFO:root:📊 STATUS: 10,397,583 received | 10,392,208 processed | 5375 buffered | 1577 active | ProcQ: 0 | DBQ: 0 | 1,081,467 saved | Failed: 0 | Vol: TEXINFRA:11,547, DPWIRES:5,233
ERROR:cache_service:Error setting OHLC batch: Object of type datetime is not JSON serializable
INFO:root:💾 Saved 500 records in 1.52s (329 rec/s) | 15 15min, 242 hourly, 243 daily | Queue: 0
ERROR:cache_service:Error setting OHLC batch: Object of type datetime is not JSON serializable
INFO:root:💾 Saved 500 records in 1.63s (307 rec/s) | 15 15min, 243 hourly, 242 daily | Queue: 0
ERROR:cache_service:Error setting OHLC batch: Object of type datetime is not JSON serializable
INFO:root:💾 Saved 500 records in 2.27s (220 rec/s) | 17 15min, 241 hourly, 242 daily | Queue: 0
ERROR:cache_service:Error setting OHLC batch: Object of type datetime is not JSON serializable
INFO:root:💾 Saved 500 records in 4.33s (115 rec/s) | 6 15min, 247 hourly, 247 daily | Queue: 0
ERROR:cache_service:Error setting OHLC batch: Object of type datetime is not JSON serializable
INFO:root:💾 Saved 500 records in 3.31s (151 rec/s) | 14 15min, 243 hourly, 243 daily | Queue: 0
ERROR:cache_service:Error setting OHLC batch: Object of type datetime is not JSON serializable
INFO:root:💾 Saved 500 records in 3.09s (162 rec/s) | 10 15min, 245 hourly, 245 daily | Queue: 0
ERROR:cache_service:Error setting OHLC batch: Object of type datetime is not JSON serializable
INFO:root:💾 Saved 294 records in 2.21s (133 rec/s) | 4 15min, 145 hourly, 145 daily | Queue: 0
INFO:root:📊 STATUS: 10,420,630 received | 10,392,208 processed | 28422 buffered | 2203 active | ProcQ: 0 | DBQ: 0 | 1,084,761 saved | Failed: 0 | Vol: TEXINFRA:11,547, DPWIRES:5,233
INFO:root:⏰ Interval update (60s): 07:04:47 UTC
INFO:root:📤 Queued 46157 ticks from 2343 instruments | Processing queue: 1
INFO:root:📊 STATUS: 10,443,758 received | 10,438,365 processed | 5393 buffered | 1682 active | ProcQ: 0 | DBQ: 0 | 1,084,761 saved | Failed: 0 | Vol: TEXINFRA:11,547, DPWIRES:5,233
INFO:root:📊 STATUS: 10,468,241 received | 10,438,365 processed | 29876 buffered | 2261 active | ProcQ: 0 | DBQ: 0 | 1,084,761 saved | Failed: 0 | Vol: TEXINFRA:11,547, DPWIRES:5,233
ERROR:cache_service:Error setting OHLC batch: Object of type datetime is not JSON serializable
INFO:root:💾 Saved 500 records in 52.47s (10 rec/s) | 21 15min, 240 hourly, 239 daily | Queue: 0
INFO:root:⏰ Interval update (60s): 07:05:47 UTC
INFO:root:📤 Queued 48994 ticks from 2338 instruments | Processing queue: 1
ERROR:cache_service:Error setting OHLC batch: Object of type datetime is not JSON serializable
INFO:root:💾 Saved 500 records in 12.27s (41 rec/s) | 13 15min, 243 hourly, 244 daily | Queue: 1
INFO:root:📊 STATUS: 10,492,997 received | 10,487,359 processed | 5638 buffered | 1641 active | ProcQ: 0 | DBQ: 1 | 1,085,761 saved | Failed: 0 | Vol: TEXINFRA:11,802, DPWIRES:5,233
ERROR:cache_service:Error setting OHLC batch: Object of type datetime is not JSON serializable
INFO:root:💾 Saved 500 records in 15.20s (33 rec/s) | 17 15min, 242 hourly, 241 daily | Queue: 1
ERROR:cache_service:Error setting OHLC batch: Object of type datetime is not JSON serializable
INFO:root:💾 Saved 500 records in 12.76s (39 rec/s) | 15 15min, 242 hourly, 243 daily | Queue: 1
INFO:root:📊 STATUS: 10,516,159 received | 10,487,359 processed | 28800 buffered | 2196 active | ProcQ: 0 | DBQ: 1 | 1,086,761 saved | Failed: 0 | Vol: TEXINFRA:11,802, DPWIRES:5,233
ERROR:cache_service:Error setting OHLC batch: Object of type datetime is not JSON serializable
INFO:root:💾 Saved 500 records in 22.34s (22 rec/s) | 15 15min, 243 hourly, 242 daily | Queue: 1
INFO:root:⏰ Interval update (60s): 07:06:48 UTC
INFO:root:📤 Queued 46539 ticks from 2332 instruments | Processing queue: 1
INFO:root:📊 STATUS: 10,539,640 received | 10,533,898 processed | 5742 buffered | 1664 active | ProcQ: 0 | DBQ: 2 | 1,087,261 saved | Failed: 0 | Vol: TEXINFRA:11,802, DPWIRES:5,233
ERROR:cache_service:Error setting OHLC batch: Object of type datetime is not JSON serializable
INFO:root:💾 Saved 500 records in 25.87s (19 rec/s) | 17 15min, 241 hourly, 242 daily | Queue: 2
ERROR:cache_service:Error setting OHLC batch: Object of type datetime is not JSON serializable
INFO:root:💾 Saved 500 records in 7.90s (63 rec/s) | 9 15min, 246 hourly, 245 daily | Queue: 2
INFO:root:📊 STATUS: 10,562,316 received | 10,533,898 processed | 28418 buffered | 2190 active | ProcQ: 0 | DBQ: 2 | 1,088,261 saved | Failed: 0 | Vol: TEXINFRA:11,802, DPWIRES:5,233
ERROR:cache_service:Error setting OHLC batch: Object of type datetime is not JSON serializable
INFO:root:💾 Saved 500 records in 21.85s (23 rec/s) | 8 15min, 246 hourly, 246 daily | Queue: 2
INFO:root:⏰ Interval update (60s): 07:07:48 UTC
INFO:root:📤 Queued 45256 ticks from 2329 instruments | Processing queue: 1
INFO:root:📊 STATUS: 10,584,940 received | 10,579,154 processed | 5786 buffered | 1522 active | ProcQ: 0 | DBQ: 3 | 1,088,761 saved | Failed: 0 | Vol: TEXINFRA:11,802, DPWIRES:5,233
INFO:root:📊 STATUS: 10,608,168 received | 10,579,154 processed | 29014 buffered | 2191 active | ProcQ: 0 | DBQ: 3 | 1,088,761 saved | Failed: 0 | Vol: TEXINFRA:11,802, DPWIRES:5,233
ERROR:cache_service:Error setting OHLC batch: Object of type datetime is not JSON serializable
INFO:root:💾 Saved 500 records in 50.23s (10 rec/s) | 9 15min, 245 hourly, 246 daily | Queue: 3
ERROR:cache_service:Error setting OHLC batch: Object of type datetime is not JSON serializable
INFO:root:💾 Saved 318 records in 7.84s (41 rec/s) | 8 15min, 155 hourly, 155 daily | Queue: 3
INFO:root:⏰ Interval update (60s): 07:08:48 UTC
INFO:root:📤 Queued 47426 ticks from 2305 instruments | Processing queue: 1
INFO:root:📊 STATUS: 10,632,189 received | 10,626,580 processed | 5609 buffered | 1548 active | ProcQ: 0 | DBQ: 3 | 1,089,579 saved | Failed: 0 | Vol: TEXINFRA:11,802, DPWIRES:5,234
ERROR:cache_service:Error setting OHLC batch: Object of type datetime is not JSON serializable
INFO:root:💾 Saved 500 records in 42.68s (12 rec/s) | 21 15min, 240 hourly, 239 daily | Queue: 3
INFO:root:📊 STATUS: 10,654,941 received | 10,626,580 processed | 28361 buffered | 2208 active | ProcQ: 0 | DBQ: 3 | 1,090,079 saved | Failed: 0 | Vol: TEXINFRA:11,802, DPWIRES:5,234
ERROR:cache_service:Error setting OHLC batch: Object of type datetime is not JSON serializable
INFO:root:💾 Saved 500 records in 12.20s (41 rec/s) | 13 15min, 243 hourly, 244 daily | Queue: 3
ERROR:cache_service:Error setting OHLC batch: Object of type datetime is not JSON serializable
INFO:root:💾 Saved 500 records in 11.00s (45 rec/s) | 17 15min, 242 hourly, 241 daily | Queue: 3
INFO:root:⏰ Interval update (60s): 07:09:48 UTC
INFO:root:📤 Queued 45371 ticks from 2318 instruments | Processing queue: 1
ERROR:cache_service:Error setting OHLC batch: Object of type datetime is not JSON serializable
INFO:root:💾 Saved 500 records in 6.59s (76 rec/s) | 14 15min, 243 hourly, 243 daily | Queue: 4
ERROR:cache_service:Error setting OHLC batch: Object of type datetime is not JSON serializable
INFO:root:💾 Saved 500 records in 3.70s (135 rec/s) | 15 15min, 242 hourly, 243 daily | Queue: 4
INFO:root:📊 STATUS: 10,677,912 received | 10,671,951 processed | 5961 buffered | 1558 active | ProcQ: 0 | DBQ: 4 | 1,092,079 saved | Failed: 0 | Vol: TEXINFRA:11,802, DPWIRES:5,234
ERROR:cache_service:Error setting OHLC batch: Object of type datetime is not JSON serializable
INFO:root:💾 Saved 500 records in 3.92s (128 rec/s) | 17 15min, 242 hourly, 241 daily | Queue: 4
ERROR:cache_service:Error setting OHLC batch: Object of type datetime is not JSON serializable
INFO:root:💾 Saved 500 records in 3.92s (128 rec/s) | 9 15min, 245 hourly, 246 daily | Queue: 4
ERROR:cache_service:Error setting OHLC batch: Object of type datetime is not JSON serializable
INFO:root:💾 Saved 500 records in 3.34s (150 rec/s) | 10 15min, 245 hourly, 245 daily | Queue: 4
ERROR:cache_service:Error setting OHLC batch: Object of type datetime is not JSON serializable
INFO:root:💾 Saved 500 records in 5.77s (87 rec/s) | 8 15min, 246 hourly, 246 daily | Queue: 4
ERROR:cache_service:Error setting OHLC batch: Object of type datetime is not JSON serializable
INFO:root:💾 Saved 308 records in 12.97s (24 rec/s) | 8 15min, 150 hourly, 150 daily | Queue: 4
INFO:root:📊 STATUS: 10,700,994 received | 10,671,951 processed | 29043 buffered | 2134 active | ProcQ: 0 | DBQ: 3 | 1,094,387 saved | Failed: 0 | Vol: TEXINFRA:11,802, DPWIRES:5,234
ERROR:cache_service:Error setting OHLC batch: Object of type datetime is not JSON serializable
INFO:root:💾 Saved 500 records in 8.06s (62 rec/s) | 21 15min, 240 hourly, 239 daily | Queue: 3
ERROR:cache_service:Error setting OHLC batch: Object of type datetime is not JSON serializable
INFO:root:💾 Saved 500 records in 6.14s (81 rec/s) | 13 15min, 243 hourly, 244 daily | Queue: 3
ERROR:cache_service:Error setting OHLC batch: Object of type datetime is not JSON serializable
INFO:root:💾 Saved 500 records in 3.43s (146 rec/s) | 17 15min, 242 hourly, 241 daily | Queue: 3
ERROR:cache_service:Error setting OHLC batch: Object of type datetime is not JSON serializable
INFO:root:💾 Saved 500 records in 2.04s (245 rec/s) | 15 15min, 242 hourly, 243 daily | Queue: 3
ERROR:cache_service:Error setting OHLC batch: Object of type datetime is not JSON serializable
INFO:root:💾 Saved 500 records in 1.75s (286 rec/s) | 15 15min, 243 hourly, 242 daily | Queue: 3
ERROR:cache_service:Error setting OHLC batch: Object of type datetime is not JSON serializable
INFO:root:💾 Saved 500 records in 1.49s (336 rec/s) | 17 15min, 241 hourly, 242 daily | Queue: 3
ERROR:cache_service:Error setting OHLC batch: Object of type datetime is not JSON serializable
INFO:root:💾 Saved 500 records in 1.59s (315 rec/s) | 9 15min, 246 hourly, 245 daily | Queue: 3
INFO:root:⏰ Interval update (60s): 07:10:48 UTC
INFO:root:📤 Queued 45606 ticks from 2295 instruments | Processing queue: 1
ERROR:cache_service:Error setting OHLC batch: Object of type datetime is not JSON serializable
INFO:root:💾 Saved 500 records in 1.69s (296 rec/s) | 11 15min, 244 hourly, 245 daily | Queue: 4
ERROR:cache_service:Error setting OHLC batch: Object of type datetime is not JSON serializable
INFO:root:💾 Saved 500 records in 1.50s (334 rec/s) | 10 15min, 245 hourly, 245 daily | Queue: 4
ERROR:cache_service:Error setting OHLC batch: Object of type datetime is not JSON serializable
INFO:root:💾 Saved 296 records in 0.92s (321 rec/s) | 4 15min, 146 hourly, 146 daily | Queue: 4
ERROR:cache_service:Error setting OHLC batch: Object of type datetime is not JSON serializable
INFO:root:💾 Saved 500 records in 0.78s (642 rec/s) | 21 15min, 240 hourly, 239 daily | Queue: 3
ERROR:cache_service:Error setting OHLC batch: Object of type datetime is not JSON serializable
INFO:root:💾 Saved 500 records in 0.33s (1506 rec/s) | 13 15min, 243 hourly, 244 daily | Queue: 3
ERROR:cache_service:Error setting OHLC batch: Object of type datetime is not JSON serializable
INFO:root:💾 Saved 500 records in 0.33s (1516 rec/s) | 17 15min, 242 hourly, 241 daily | Queue: 3
ERROR:cache_service:Error setting OHLC batch: Object of type datetime is not JSON serializable
INFO:root:💾 Saved 500 records in 0.21s (2422 rec/s) | 14 15min, 243 hourly, 243 daily | Queue: 3
ERROR:cache_service:Error setting OHLC batch: Object of type datetime is not JSON serializable
INFO:root:💾 Saved 500 records in 0.31s (1636 rec/s) | 14 15min, 243 hourly, 243 daily | Queue: 3
ERROR:cache_service:Error setting OHLC batch: Object of type datetime is not JSON serializable
INFO:root:💾 Saved 500 records in 0.20s (2546 rec/s) | 17 15min, 241 hourly, 242 daily | Queue: 3
ERROR:cache_service:Error setting OHLC batch: Object of type datetime is not JSON serializable
INFO:root:💾 Saved 500 records in 0.21s (2423 rec/s) | 10 15min, 245 hourly, 245 daily | Queue: 3
ERROR:cache_service:Error setting OHLC batch: Object of type datetime is not JSON serializable
INFO:root:💾 Saved 500 records in 0.23s (2213 rec/s) | 11 15min, 245 hourly, 244 daily | Queue: 3
ERROR:cache_service:Error setting OHLC batch: Object of type datetime is not JSON serializable
INFO:root:💾 Saved 500 records in 0.24s (2043 rec/s) | 11 15min, 244 hourly, 245 daily | Queue: 3
ERROR:cache_service:Error setting OHLC batch: Object of type datetime is not JSON serializable
INFO:root:💾 Saved 290 records in 0.26s (1107 rec/s) | 4 15min, 143 hourly, 143 daily | Queue: 3
ERROR:cache_service:Error setting OHLC batch: Object of type datetime is not JSON serializable
INFO:root:💾 Saved 500 records in 0.20s (2548 rec/s) | 21 15min, 240 hourly, 239 daily | Queue: 2
ERROR:cache_service:Error setting OHLC batch: Object of type datetime is not JSON serializable
INFO:root:💾 Saved 500 records in 0.25s (1972 rec/s) | 13 15min, 243 hourly, 244 daily | Queue: 2
ERROR:cache_service:Error setting OHLC batch: Object of type datetime is not JSON serializable
INFO:root:💾 Saved 500 records in 0.19s (2676 rec/s) | 17 15min, 242 hourly, 241 daily | Queue: 2
ERROR:cache_service:Error setting OHLC batch: Object of type datetime is not JSON serializable
INFO:root:💾 Saved 500 records in 0.22s (2307 rec/s) | 15 15min, 242 hourly, 243 daily | Queue: 2
ERROR:cache_service:Error setting OHLC batch: Object of type datetime is not JSON serializable
INFO:root:💾 Saved 500 records in 0.16s (3033 rec/s) | 19 15min, 241 hourly, 240 daily | Queue: 2
ERROR:cache_service:Error setting OHLC batch: Object of type datetime is not JSON serializable
INFO:root:💾 Saved 500 records in 0.26s (1921 rec/s) | 13 15min, 243 hourly, 244 daily | Queue: 2
ERROR:cache_service:Error setting OHLC batch: Object of type datetime is not JSON serializable
INFO:root:💾 Saved 500 records in 0.21s (2337 rec/s) | 9 15min, 246 hourly, 245 daily | Queue: 2
ERROR:cache_service:Error setting OHLC batch: Object of type datetime is not JSON serializable
INFO:root:💾 Saved 500 records in 0.24s (2048 rec/s) | 11 15min, 244 hourly, 245 daily | Queue: 2
INFO:root:📊 STATUS: 10,723,519 received | 10,717,557 processed | 5962 buffered | 1509 active | ProcQ: 0 | DBQ: 2 | 1,107,973 saved | Failed: 0 | Vol: TEXINFRA:11,802, DPWIRES:5,234
ERROR:cache_service:Error setting OHLC batch: Object of type datetime is not JSON serializable
INFO:root:💾 Saved 500 records in 0.21s (2342 rec/s) | 10 15min, 245 hourly, 245 daily | Queue: 2
ERROR:cache_service:Error setting OHLC batch: Object of type datetime is not JSON serializable
INFO:root:💾 Saved 242 records in 0.12s (2084 rec/s) | 4 15min, 119 hourly, 119 daily | Queue: 2
ERROR:cache_service:Error setting OHLC batch: Object of type datetime is not JSON serializable
INFO:root:💾 Saved 500 records in 0.17s (2968 rec/s) | 21 15min, 240 hourly, 239 daily | Queue: 1
ERROR:cache_service:Error setting OHLC batch: Object of type datetime is not JSON serializable
INFO:root:💾 Saved 500 records in 0.22s (2277 rec/s) | 13 15min, 243 hourly, 244 daily | Queue: 1
ERROR:cache_service:Error setting OHLC batch: Object of type datetime is not JSON serializable
INFO:root:💾 Saved 500 records in 0.17s (2939 rec/s) | 17 15min, 242 hourly, 241 daily | Queue: 1
ERROR:cache_service:Error setting OHLC batch: Object of type datetime is not JSON serializable
INFO:root:💾 Saved 500 records in 0.17s (2948 rec/s) | 15 15min, 242 hourly, 243 daily | Queue: 1
ERROR:cache_service:Error setting OHLC batch: Object of type datetime is not JSON serializable
INFO:root:💾 Saved 500 records in 0.19s (2641 rec/s) | 15 15min, 243 hourly, 242 daily | Queue: 1
ERROR:cache_service:Error setting OHLC batch: Object of type datetime is not JSON serializable
INFO:root:💾 Saved 500 records in 0.17s (3030 rec/s) | 17 15min, 241 hourly, 242 daily | Queue: 1
ERROR:cache_service:Error setting OHLC batch: Object of type datetime is not JSON serializable
INFO:root:💾 Saved 500 records in 0.17s (3015 rec/s) | 9 15min, 246 hourly, 245 daily | Queue: 1
ERROR:cache_service:Error setting OHLC batch: Object of type datetime is not JSON serializable
INFO:root:💾 Saved 500 records in 0.21s (2411 rec/s) | 11 15min, 244 hourly, 245 daily | Queue: 1
ERROR:cache_service:Error setting OHLC batch: Object of type datetime is not JSON serializable
INFO:root:💾 Saved 500 records in 0.19s (2582 rec/s) | 10 15min, 245 hourly, 245 daily | Queue: 1
ERROR:cache_service:Error setting OHLC batch: Object of type datetime is not JSON serializable
INFO:root:💾 Saved 268 records in 0.10s (2665 rec/s) | 4 15min, 132 hourly, 132 daily | Queue: 1
ERROR:cache_service:Error setting OHLC batch: Object of type datetime is not JSON serializable
INFO:root:💾 Saved 500 records in 0.20s (2441 rec/s) | 21 15min, 240 hourly, 239 daily | Queue: 0
ERROR:cache_service:Error setting OHLC batch: Object of type datetime is not JSON serializable
INFO:root:💾 Saved 500 records in 0.13s (3869 rec/s) | 13 15min, 243 hourly, 244 daily | Queue: 0
ERROR:cache_service:Error setting OHLC batch: Object of type datetime is not JSON serializable
INFO:root:💾 Saved 500 records in 0.14s (3663 rec/s) | 17 15min, 242 hourly, 241 daily | Queue: 0
ERROR:cache_service:Error setting OHLC batch: Object of type datetime is not JSON serializable
INFO:root:💾 Saved 500 records in 0.19s (2666 rec/s) | 15 15min, 242 hourly, 243 daily | Queue: 0
ERROR:cache_service:Error setting OHLC batch: Object of type datetime is not JSON serializable
INFO:root:💾 Saved 500 records in 0.13s (3828 rec/s) | 19 15min, 241 hourly, 240 daily | Queue: 0
ERROR:cache_service:Error setting OHLC batch: Object of type datetime is not JSON serializable
INFO:root:💾 Saved 500 records in 0.11s (4409 rec/s) | 13 15min, 243 hourly, 244 daily | Queue: 0
ERROR:cache_service:Error setting OHLC batch: Object of type datetime is not JSON serializable
INFO:root:💾 Saved 500 records in 0.15s (3277 rec/s) | 9 15min, 246 hourly, 245 daily | Queue: 0
ERROR:cache_service:Error setting OHLC batch: Object of type datetime is not JSON serializable
INFO:root:💾 Saved 500 records in 0.16s (3138 rec/s) | 11 15min, 244 hourly, 245 daily | Queue: 0
ERROR:cache_service:Error setting OHLC batch: Object of type datetime is not JSON serializable
INFO:root:💾 Saved 500 records in 0.11s (4496 rec/s) | 10 15min, 245 hourly, 245 daily | Queue: 0
ERROR:cache_service:Error setting OHLC batch: Object of type datetime is not JSON serializable
INFO:root:💾 Saved 222 records in 0.04s (5189 rec/s) | 4 15min, 109 hourly, 109 daily | Queue: 0
INFO:root:📊 STATUS: 10,747,570 received | 10,717,557 processed | 30013 buffered | 2128 active | ProcQ: 0 | DBQ: 0 | 1,118,205 saved | Failed: 0 | Vol: TEXINFRA:11,802, DPWIRES:5,234
INFO:root:⏰ Interval update (60s): 07:11:48 UTC
INFO:root:📤 Queued 48013 ticks from 2282 instruments | Processing queue: 1
INFO:root:📊 STATUS: 10,771,740 received | 10,765,570 processed | 6170 buffered | 1561 active | ProcQ: 0 | DBQ: 0 | 1,118,205 saved | Failed: 0 | Vol: TEXINFRA:11,802, DPWIRES:5,234
ERROR:cache_service:Error setting OHLC batch: Object of type datetime is not JSON serializable
INFO:root:💾 Saved 500 records in 14.68s (34 rec/s) | 21 15min, 240 hourly, 239 daily | Queue: 0
ERROR:cache_service:Error setting OHLC batch: Object of type datetime is not JSON serializable
INFO:root:💾 Saved 500 records in 6.20s (81 rec/s) | 15 15min, 242 hourly, 243 daily | Queue: 0
ERROR:cache_service:Error setting OHLC batch: Object of type datetime is not JSON serializable
INFO:root:💾 Saved 500 records in 5.21s (96 rec/s) | 15 15min, 243 hourly, 242 daily | Queue: 0
ERROR:cache_service:Error setting OHLC batch: Object of type datetime is not JSON serializable
INFO:root:💾 Saved 500 records in 5.04s (99 rec/s) | 15 15min, 242 hourly, 243 daily | Queue: 0
ERROR:cache_service:Error setting OHLC batch: Object of type datetime is not JSON serializable
INFO:root:💾 Saved 500 records in 5.39s (93 rec/s) | 19 15min, 241 hourly, 240 daily | Queue: 0
INFO:root:📊 STATUS: 10,794,160 received | 10,765,570 processed | 28590 buffered | 2197 active | ProcQ: 0 | DBQ: 0 | 1,120,705 saved | Failed: 0 | Vol: TEXINFRA:11,802, DPWIRES:5,234
ERROR:cache_service:Error setting OHLC batch: Object of type datetime is not JSON serializable
INFO:root:💾 Saved 500 records in 4.80s (104 rec/s) | 13 15min, 243 hourly, 244 daily | Queue: 0
ERROR:cache_service:Error setting OHLC batch: Object of type datetime is not JSON serializable
INFO:root:💾 Saved 500 records in 4.02s (124 rec/s) | 9 15min, 246 hourly, 245 daily | Queue: 0
ERROR:cache_service:Error setting OHLC batch: Object of type datetime is not JSON serializable
INFO:root:💾 Saved 500 records in 2.93s (170 rec/s) | 11 15min, 244 hourly, 245 daily | Queue: 0
ERROR:cache_service:Error setting OHLC batch: Object of type datetime is not JSON serializable
INFO:root:💾 Saved 500 records in 2.27s (220 rec/s) | 10 15min, 245 hourly, 245 daily | Queue: 0
ERROR:cache_service:Error setting OHLC batch: Object of type datetime is not JSON serializable
INFO:root:💾 Saved 196 records in 0.85s (229 rec/s) | 4 15min, 96 hourly, 96 daily | Queue: 0
INFO:root:⏰ Interval update (60s): 07:12:48 UTC
INFO:root:📤 Queued 45082 ticks from 2319 instruments | Processing queue: 1
ERROR:cache_service:Error setting OHLC batch: Object of type datetime is not JSON serializable
INFO:root:💾 Saved 500 records in 1.24s (404 rec/s) | 21 15min, 240 hourly, 239 daily | Queue: 0
ERROR:cache_service:Error setting OHLC batch: Object of type datetime is not JSON serializable
INFO:root:💾 Saved 500 records in 1.15s (436 rec/s) | 13 15min, 243 hourly, 244 daily | Queue: 0
ERROR:cache_service:Error setting OHLC batch: Object of type datetime is not JSON serializable
INFO:root:💾 Saved 500 records in 1.05s (475 rec/s) | 17 15min, 242 hourly, 241 daily | Queue: 0
ERROR:cache_service:Error setting OHLC batch: Object of type datetime is not JSON serializable
INFO:root:💾 Saved 500 records in 0.73s (686 rec/s) | 15 15min, 242 hourly, 243 daily | Queue: 0
ERROR:cache_service:Error setting OHLC batch: Object of type datetime is not JSON serializable
INFO:root:💾 Saved 500 records in 0.40s (1245 rec/s) | 15 15min, 243 hourly, 242 daily | Queue: 0
ERROR:cache_service:Error setting OHLC batch: Object of type datetime is not JSON serializable
INFO:root:💾 Saved 500 records in 0.26s (1891 rec/s) | 17 15min, 241 hourly, 242 daily | Queue: 0
ERROR:cache_service:Error setting OHLC batch: Object of type datetime is not JSON serializable
INFO:root:💾 Saved 500 records in 0.27s (1866 rec/s) | 9 15min, 246 hourly, 245 daily | Queue: 0
ERROR:cache_service:Error setting OHLC batch: Object of type datetime is not JSON serializable
INFO:root:💾 Saved 500 records in 0.35s (1429 rec/s) | 11 15min, 244 hourly, 245 daily | Queue: 0
ERROR:cache_service:Error setting OHLC batch: Object of type datetime is not JSON serializable
INFO:root:💾 Saved 500 records in 0.29s (1697 rec/s) | 10 15min, 245 hourly, 245 daily | Queue: 0
ERROR:cache_service:Error setting OHLC batch: Object of type datetime is not JSON serializable
INFO:root:💾 Saved 270 records in 0.17s (1588 rec/s) | 4 15min, 133 hourly, 133 daily | Queue: 0
INFO:root:📊 STATUS: 10,816,702 received | 10,810,652 processed | 6050 buffered | 1567 active | ProcQ: 0 | DBQ: 0 | 1,127,671 saved | Failed: 0 | Vol: TEXINFRA:11,802, DPWIRES:5,235
INFO:root:📊 STATUS: 10,839,457 received | 10,810,652 processed | 28805 buffered | 2186 active | ProcQ: 0 | DBQ: 0 | 1,127,671 saved | Failed: 0 | Vol: TEXINFRA:11,802, DPWIRES:5,235
INFO:root:⏰ Interval update (60s): 07:13:48 UTC
INFO:root:📤 Queued 45195 ticks from 2323 instruments | Processing queue: 1
ERROR:cache_service:Error setting OHLC batch: Object of type datetime is not JSON serializable
INFO:root:💾 Saved 500 records in 0.23s (2154 rec/s) | 21 15min, 240 hourly, 239 daily | Queue: 0
ERROR:cache_service:Error setting OHLC batch: Object of type datetime is not JSON serializable
INFO:root:💾 Saved 500 records in 0.18s (2735 rec/s) | 13 15min, 243 hourly, 244 daily | Queue: 0
ERROR:cache_service:Error setting OHLC batch: Object of type datetime is not JSON serializable
INFO:root:💾 Saved 500 records in 0.16s (3063 rec/s) | 17 15min, 242 hourly, 241 daily | Queue: 0
ERROR:cache_service:Error setting OHLC batch: Object of type datetime is not JSON serializable
INFO:root:💾 Saved 500 records in 0.21s (2399 rec/s) | 15 15min, 242 hourly, 243 daily | Queue: 0
ERROR:cache_service:Error setting OHLC batch: Object of type datetime is not JSON serializable
INFO:root:💾 Saved 500 records in 0.17s (3016 rec/s) | 15 15min, 243 hourly, 242 daily | Queue: 0
ERROR:cache_service:Error setting OHLC batch: Object of type datetime is not JSON serializable
INFO:root:💾 Saved 500 records in 0.14s (3672 rec/s) | 17 15min, 241 hourly, 242 daily | Queue: 0
ERROR:cache_service:Error setting OHLC batch: Object of type datetime is not JSON serializable
INFO:root:💾 Saved 500 records in 0.17s (3024 rec/s) | 9 15min, 246 hourly, 245 daily | Queue: 0
ERROR:cache_service:Error setting OHLC batch: Object of type datetime is not JSON serializable
INFO:root:💾 Saved 500 records in 0.17s (2996 rec/s) | 11 15min, 244 hourly, 245 daily | Queue: 0
ERROR:cache_service:Error setting OHLC batch: Object of type datetime is not JSON serializable
INFO:root:💾 Saved 500 records in 0.16s (3179 rec/s) | 10 15min, 245 hourly, 245 daily | Queue: 0
ERROR:cache_service:Error setting OHLC batch: Object of type datetime is not JSON serializable
INFO:root:💾 Saved 278 records in 0.10s (2901 rec/s) | 4 15min, 137 hourly, 137 daily | Queue: 0
INFO:root:📊 STATUS: 10,862,242 received | 10,855,847 processed | 6395 buffered | 1556 active | ProcQ: 0 | DBQ: 0 | 1,132,449 saved | Failed: 0 | Vol: TEXINFRA:11,802, DPWIRES:5,235
INFO:root:📊 STATUS: 10,886,534 received | 10,855,847 processed | 30687 buffered | 2163 active | ProcQ: 0 | DBQ: 0 | 1,132,449 saved | Failed: 0 | Vol: TEXINFRA:11,802, DPWIRES:5,235
INFO:root:⏰ Interval update (60s): 07:14:49 UTC
INFO:root:📤 Queued 48073 ticks from 2294 instruments | Processing queue: 1
ERROR:cache_service:Error setting OHLC batch: Object of type datetime is not JSON serializable
INFO:root:💾 Saved 500 records in 0.12s (4298 rec/s) | 21 15min, 240 hourly, 239 daily | Queue: 0
ERROR:cache_service:Error setting OHLC batch: Object of type datetime is not JSON serializable
INFO:root:💾 Saved 500 records in 0.11s (4356 rec/s) | 13 15min, 243 hourly, 244 daily | Queue: 0
ERROR:cache_service:Error setting OHLC batch: Object of type datetime is not JSON serializable
INFO:root:💾 Saved 500 records in 0.13s (3799 rec/s) | 17 15min, 242 hourly, 241 daily | Queue: 0
ERROR:cache_service:Error setting OHLC batch: Object of type datetime is not JSON serializable
INFO:root:💾 Saved 500 records in 0.12s (4316 rec/s) | 14 15min, 243 hourly, 243 daily | Queue: 0
ERROR:cache_service:Error setting OHLC batch: Object of type datetime is not JSON serializable
INFO:root:💾 Saved 500 records in 0.13s (3795 rec/s) | 15 15min, 242 hourly, 243 daily | Queue: 0
ERROR:cache_service:Error setting OHLC batch: Object of type datetime is not JSON serializable
INFO:root:💾 Saved 500 records in 0.12s (4309 rec/s) | 17 15min, 242 hourly, 241 daily | Queue: 0
ERROR:cache_service:Error setting OHLC batch: Object of type datetime is not JSON serializable
INFO:root:💾 Saved 500 records in 0.11s (4451 rec/s) | 9 15min, 245 hourly, 246 daily | Queue: 0
ERROR:cache_service:Error setting OHLC batch: Object of type datetime is not JSON serializable
INFO:root:💾 Saved 500 records in 0.10s (4812 rec/s) | 12 15min, 244 hourly, 244 daily | Queue: 0
ERROR:cache_service:Error setting OHLC batch: Object of type datetime is not JSON serializable
INFO:root:💾 Saved 500 records in 0.14s (3529 rec/s) | 10 15min, 245 hourly, 245 daily | Queue: 0
ERROR:cache_service:Error setting OHLC batch: Object of type datetime is not JSON serializable
INFO:root:💾 Saved 220 records in 0.06s (3450 rec/s) | 4 15min, 108 hourly, 108 daily | Queue: 0
INFO:root:📊 STATUS: 10,910,550 received | 10,903,920 processed | 6630 buffered | 1561 active | ProcQ: 0 | DBQ: 0 | 1,137,169 saved | Failed: 0 | Vol: TEXINFRA:11,802, DPWIRES:5,235
INFO:root:📊 STATUS: 10,933,644 received | 10,903,920 processed | 29724 buffered | 2111 active | ProcQ: 0 | DBQ: 0 | 1,137,169 saved | Failed: 0 | Vol: TEXINFRA:11,802, DPWIRES:5,235
INFO:root:⏰ Interval update (60s): 07:15:49 UTC
INFO:root:📤 Queued 45921 ticks from 2253 instruments | Processing queue: 1
ERROR:cache_service:Error setting OHLC batch: Object of type datetime is not JSON serializable
INFO:root:💾 Saved 500 records in 0.20s (2535 rec/s) | 21 15min, 240 hourly, 239 daily | Queue: 0
ERROR:cache_service:Error setting OHLC batch: Object of type datetime is not JSON serializable
INFO:root:💾 Saved 500 records in 0.08s (6191 rec/s) | 18 15min, 241 hourly, 241 daily | Queue: 0
ERROR:cache_service:Error setting OHLC batch: Object of type datetime is not JSON serializable
INFO:root:💾 Saved 500 records in 0.09s (5823 rec/s) | 13 15min, 243 hourly, 244 daily | Queue: 0
ERROR:cache_service:Error setting OHLC batch: Object of type datetime is not JSON serializable
INFO:root:💾 Saved 500 records in 0.08s (6041 rec/s) | 14 15min, 243 hourly, 243 daily | Queue: 0
ERROR:cache_service:Error setting OHLC batch: Object of type datetime is not JSON serializable
INFO:root:💾 Saved 500 records in 0.08s (6321 rec/s) | 19 15min, 241 hourly, 240 daily | Queue: 0
ERROR:cache_service:Error setting OHLC batch: Object of type datetime is not JSON serializable
INFO:root:💾 Saved 500 records in 0.17s (2920 rec/s) | 13 15min, 243 hourly, 244 daily | Queue: 0
ERROR:cache_service:Error setting OHLC batch: Object of type datetime is not JSON serializable
INFO:root:💾 Saved 500 records in 0.12s (4323 rec/s) | 9 15min, 246 hourly, 245 daily | Queue: 0
ERROR:cache_service:Error setting OHLC batch: Object of type datetime is not JSON serializable
INFO:root:💾 Saved 500 records in 0.17s (2998 rec/s) | 11 15min, 244 hourly, 245 daily | Queue: 0
ERROR:cache_service:Error setting OHLC batch: Object of type datetime is not JSON serializable
INFO:root:💾 Saved 500 records in 0.09s (5533 rec/s) | 14 15min, 243 hourly, 243 daily | Queue: 0
ERROR:cache_service:Error setting OHLC batch: Object of type datetime is not JSON serializable
INFO:root:💾 Saved 138 records in 0.05s (2649 rec/s) | 0 15min, 69 hourly, 69 daily | Queue: 0
INFO:root:📊 STATUS: 10,956,715 received | 10,949,841 processed | 6874 buffered | 1682 active | ProcQ: 0 | DBQ: 0 | 1,141,807 saved | Failed: 0 | Vol: TEXINFRA:11,812, DPWIRES:5,257
INFO:root:📊 STATUS: 10,980,159 received | 10,949,841 processed | 30318 buffered | 2190 active | ProcQ: 0 | DBQ: 0 | 1,141,807 saved | Failed: 0 | Vol: TEXINFRA:11,812, DPWIRES:5,257
INFO:root:⏰ Interval update (60s): 07:16:49 UTC
INFO:root:📤 Queued 45858 ticks from 2296 instruments | Processing queue: 1
ERROR:cache_service:Error setting OHLC batch: Object of type datetime is not JSON serializable
INFO:root:💾 Saved 500 records in 1.73s (290 rec/s) | 21 15min, 240 hourly, 239 daily | Queue: 0
ERROR:cache_service:Error setting OHLC batch: Object of type datetime is not JSON serializable
INFO:root:💾 Saved 500 records in 1.09s (460 rec/s) | 13 15min, 243 hourly, 244 daily | Queue: 0
ERROR:cache_service:Error setting OHLC batch: Object of type datetime is not JSON serializable
INFO:root:💾 Saved 500 records in 0.87s (577 rec/s) | 17 15min, 242 hourly, 241 daily | Queue: 0
ERROR:cache_service:Error setting OHLC batch: Object of type datetime is not JSON serializable
INFO:root:💾 Saved 500 records in 0.81s (616 rec/s) | 15 15min, 242 hourly, 243 daily | Queue: 0
ERROR:cache_service:Error setting OHLC batch: Object of type datetime is not JSON serializable
INFO:root:💾 Saved 500 records in 0.84s (596 rec/s) | 19 15min, 241 hourly, 240 daily | Queue: 0
ERROR:cache_service:Error setting OHLC batch: Object of type datetime is not JSON serializable
INFO:root:💾 Saved 500 records in 0.72s (691 rec/s) | 13 15min, 243 hourly, 244 daily | Queue: 0
ERROR:cache_service:Error setting OHLC batch: Object of type datetime is not JSON serializable
INFO:root:💾 Saved 500 records in 0.79s (633 rec/s) | 9 15min, 246 hourly, 245 daily | Queue: 0
ERROR:cache_service:Error setting OHLC batch: Object of type datetime is not JSON serializable
INFO:root:💾 Saved 500 records in 0.65s (768 rec/s) | 11 15min, 244 hourly, 245 daily | Queue: 0
ERROR:cache_service:Error setting OHLC batch: Object of type datetime is not JSON serializable
INFO:root:💾 Saved 500 records in 0.62s (805 rec/s) | 10 15min, 245 hourly, 245 daily | Queue: 0
ERROR:cache_service:Error setting OHLC batch: Object of type datetime is not JSON serializable
INFO:root:💾 Saved 224 records in 0.37s (600 rec/s) | 4 15min, 110 hourly, 110 daily | Queue: 0
INFO:root:📊 STATUS: 11,003,105 received | 10,995,699 processed | 7406 buffered | 1783 active | ProcQ: 0 | DBQ: 0 | 1,146,531 saved | Failed: 0 | Vol: TEXINFRA:11,812, DPWIRES:5,257
INFO:root:📊 STATUS: 11,027,846 received | 10,995,699 processed | 32147 buffered | 2209 active | ProcQ: 0 | DBQ: 0 | 1,146,531 saved | Failed: 0 | Vol: TEXINFRA:11,812, DPWIRES:5,257
INFO:root:⏰ Interval update (60s): 07:17:49 UTC
INFO:root:📤 Queued 48983 ticks from 2324 instruments | Processing queue: 1
ERROR:cache_service:Error setting OHLC batch: Object of type datetime is not JSON serializable
INFO:root:💾 Saved 500 records in 0.64s (783 rec/s) | 21 15min, 240 hourly, 239 daily | Queue: 0
ERROR:cache_service:Error setting OHLC batch: Object of type datetime is not JSON serializable
INFO:root:💾 Saved 500 records in 0.49s (1017 rec/s) | 13 15min, 243 hourly, 244 daily | Queue: 0
ERROR:cache_service:Error setting OHLC batch: Object of type datetime is not JSON serializable
INFO:root:💾 Saved 500 records in 0.46s (1090 rec/s) | 17 15min, 242 hourly, 241 daily | Queue: 0
ERROR:cache_service:Error setting OHLC batch: Object of type datetime is not JSON serializable
INFO:root:💾 Saved 500 records in 0.40s (1265 rec/s) | 15 15min, 242 hourly, 243 daily | Queue: 0
ERROR:cache_service:Error setting OHLC batch: Object of type datetime is not JSON serializable
INFO:root:💾 Saved 500 records in 0.48s (1046 rec/s) | 15 15min, 243 hourly, 242 daily | Queue: 0
ERROR:cache_service:Error setting OHLC batch: Object of type datetime is not JSON serializable
INFO:root:💾 Saved 500 records in 0.42s (1183 rec/s) | 17 15min, 241 hourly, 242 daily | Queue: 0
ERROR:cache_service:Error setting OHLC batch: Object of type datetime is not JSON serializable
INFO:root:💾 Saved 500 records in 0.49s (1022 rec/s) | 9 15min, 246 hourly, 245 daily | Queue: 0
ERROR:cache_service:Error setting OHLC batch: Object of type datetime is not JSON serializable
INFO:root:💾 Saved 500 records in 0.52s (956 rec/s) | 11 15min, 244 hourly, 245 daily | Queue: 0
ERROR:cache_service:Error setting OHLC batch: Object of type datetime is not JSON serializable
INFO:root:💾 Saved 500 records in 0.52s (964 rec/s) | 10 15min, 245 hourly, 245 daily | Queue: 0
ERROR:cache_service:Error setting OHLC batch: Object of type datetime is not JSON serializable
INFO:root:💾 Saved 280 records in 0.34s (831 rec/s) | 4 15min, 138 hourly, 138 daily | Queue: 0
INFO:root:📊 STATUS: 11,052,193 received | 11,044,682 processed | 7511 buffered | 1693 active | ProcQ: 0 | DBQ: 0 | 1,151,311 saved | Failed: 0 | Vol: TEXINFRA:11,824, DPWIRES:5,257
INFO:root:📊 STATUS: 11,074,939 received | 11,044,682 processed | 30257 buffered | 2179 active | ProcQ: 0 | DBQ: 0 | 1,151,311 saved | Failed: 0 | Vol: TEXINFRA:11,824, DPWIRES:5,257
INFO:root:⏰ Interval update (60s): 07:18:49 UTC
INFO:root:📤 Queued 45480 ticks from 2291 instruments | Processing queue: 1
ERROR:cache_service:Error setting OHLC batch: Object of type datetime is not JSON serializable
INFO:root:💾 Saved 500 records in 1.43s (351 rec/s) | 21 15min, 240 hourly, 239 daily | Queue: 0
ERROR:cache_service:Error setting OHLC batch: Object of type datetime is not JSON serializable
INFO:root:💾 Saved 500 records in 0.86s (580 rec/s) | 13 15min, 243 hourly, 244 daily | Queue: 0
ERROR:cache_service:Error setting OHLC batch: Object of type datetime is not JSON serializable
INFO:root:💾 Saved 500 records in 0.94s (532 rec/s) | 17 15min, 242 hourly, 241 daily | Queue: 0
ERROR:cache_service:Error setting OHLC batch: Object of type datetime is not JSON serializable
INFO:root:💾 Saved 500 records in 0.84s (594 rec/s) | 15 15min, 242 hourly, 243 daily | Queue: 0
ERROR:cache_service:Error setting OHLC batch: Object of type datetime is not JSON serializable
INFO:root:💾 Saved 500 records in 0.98s (510 rec/s) | 19 15min, 241 hourly, 240 daily | Queue: 0
ERROR:cache_service:Error setting OHLC batch: Object of type datetime is not JSON serializable
INFO:root:💾 Saved 500 records in 0.77s (650 rec/s) | 13 15min, 243 hourly, 244 daily | Queue: 0
ERROR:cache_service:Error setting OHLC batch: Object of type datetime is not JSON serializable
INFO:root:💾 Saved 500 records in 1.92s (261 rec/s) | 9 15min, 246 hourly, 245 daily | Queue: 0
ERROR:cache_service:Error setting OHLC batch: Object of type datetime is not JSON serializable
INFO:root:💾 Saved 500 records in 0.87s (577 rec/s) | 11 15min, 244 hourly, 245 daily | Queue: 0
INFO:root:📊 STATUS: 11,097,681 received | 11,090,162 processed | 7519 buffered | 1594 active | ProcQ: 0 | DBQ: 0 | 1,155,311 saved | Failed: 0 | Vol: TEXINFRA:11,824, DPWIRES:5,257
ERROR:cache_service:Error setting OHLC batch: Object of type datetime is not JSON serializable
INFO:root:💾 Saved 500 records in 1.75s (285 rec/s) | 10 15min, 245 hourly, 245 daily | Queue: 0
ERROR:cache_service:Error setting OHLC batch: Object of type datetime is not JSON serializable
INFO:root:💾 Saved 214 records in 0.39s (551 rec/s) | 4 15min, 105 hourly, 105 daily | Queue: 0
INFO:root:📊 STATUS: 11,120,563 received | 11,090,162 processed | 30401 buffered | 2117 active | ProcQ: 0 | DBQ: 0 | 1,156,025 saved | Failed: 0 | Vol: TEXINFRA:11,824, DPWIRES:5,257
INFO:root:⏰ Interval update (60s): 07:19:49 UTC
INFO:root:📤 Queued 46018 ticks from 2259 instruments | Processing queue: 1
INFO:root:📊 STATUS: 11,143,329 received | 11,136,180 processed | 7149 buffered | 1698 active | ProcQ: 0 | DBQ: 0 | 1,156,025 saved | Failed: 0 | Vol: TEXINFRA:11,824, DPWIRES:5,257
ERROR:cache_service:Error setting OHLC batch: Object of type datetime is not JSON serializable
INFO:root:💾 Saved 500 records in 26.47s (19 rec/s) | 21 15min, 240 hourly, 239 daily | Queue: 0
INFO:root:📊 STATUS: 11,167,584 received | 11,136,180 processed | 31404 buffered | 2182 active | ProcQ: 0 | DBQ: 0 | 1,156,525 saved | Failed: 0 | Vol: TEXINFRA:11,824, DPWIRES:5,257
ERROR:cache_service:Error setting OHLC batch: Object of type datetime is not JSON serializable
INFO:root:💾 Saved 500 records in 25.04s (20 rec/s) | 18 15min, 241 hourly, 241 daily | Queue: 0
INFO:root:⏰ Interval update (60s): 07:20:49 UTC
INFO:root:📤 Queued 48395 ticks from 2307 instruments | Processing queue: 1
INFO:root:📊 STATUS: 11,192,133 received | 11,184,575 processed | 7558 buffered | 1603 active | ProcQ: 0 | DBQ: 1 | 1,157,025 saved | Failed: 0 | Vol: TEXINFRA:11,824, DPWIRES:5,257
ERROR:cache_service:Error setting OHLC batch: Object of type datetime is not JSON serializable
INFO:root:💾 Saved 500 records in 43.67s (11 rec/s) | 12 15min, 244 hourly, 244 daily | Queue: 1
INFO:root:📊 STATUS: 11,215,063 received | 11,184,575 processed | 30488 buffered | 2158 active | ProcQ: 0 | DBQ: 1 | 1,157,525 saved | Failed: 0 | Vol: TEXINFRA:11,824, DPWIRES:5,257
ERROR:cache_service:Error setting OHLC batch: Object of type datetime is not JSON serializable
INFO:root:💾 Saved 500 records in 9.53s (52 rec/s) | 15 15min, 242 hourly, 243 daily | Queue: 1
ERROR:cache_service:Error setting OHLC batch: Object of type datetime is not JSON serializable
INFO:root:💾 Saved 500 records in 6.46s (77 rec/s) | 19 15min, 241 hourly, 240 daily | Queue: 1
INFO:root:⏰ Interval update (60s): 07:21:49 UTC
INFO:root:📤 Queued 45749 ticks from 2277 instruments | Processing queue: 1
ERROR:cache_service:Error setting OHLC batch: Object of type datetime is not JSON serializable
INFO:root:💾 Saved 500 records in 15.34s (33 rec/s) | 13 15min, 243 hourly, 244 daily | Queue: 2
INFO:root:📊 STATUS: 11,237,879 received | 11,230,324 processed | 7555 buffered | 1642 active | ProcQ: 0 | DBQ: 2 | 1,159,025 saved | Failed: 0 | Vol: TEXINFRA:11,824, DPWIRES:5,257
INFO:root:📊 STATUS: 11,260,572 received | 11,230,324 processed | 30248 buffered | 2157 active | ProcQ: 0 | DBQ: 2 | 1,159,025 saved | Failed: 0 | Vol: TEXINFRA:11,824, DPWIRES:5,257
ERROR:cache_service:Error setting OHLC batch: Object of type datetime is not JSON serializable
INFO:root:💾 Saved 500 records in 37.65s (13 rec/s) | 9 15min, 246 hourly, 245 daily | Queue: 2
INFO:root:⏰ Interval update (60s): 07:22:49 UTC
INFO:root:📤 Queued 45212 ticks from 2272 instruments | Processing queue: 1
ERROR:cache_service:Error setting OHLC batch: Object of type datetime is not JSON serializable
INFO:root:💾 Saved 500 records in 16.77s (30 rec/s) | 11 15min, 244 hourly, 245 daily | Queue: 3
INFO:root:📊 STATUS: 11,282,992 received | 11,275,536 processed | 7456 buffered | 1611 active | ProcQ: 0 | DBQ: 3 | 1,160,025 saved | Failed: 0 | Vol: TEXINFRA:12,834, DPWIRES:5,257
INFO:root:📊 STATUS: 11,306,615 received | 11,275,536 processed | 31079 buffered | 2182 active | ProcQ: 0 | DBQ: 3 | 1,160,025 saved | Failed: 0 | Vol: TEXINFRA:12,834, DPWIRES:5,257
ERROR:cache_service:Error setting OHLC batch: Object of type datetime is not JSON serializable
INFO:root:💾 Saved 500 records in 40.59s (12 rec/s) | 13 15min, 244 hourly, 243 daily | Queue: 3
ERROR:cache_service:Error setting OHLC batch: Object of type datetime is not JSON serializable
INFO:root:💾 Saved 150 records in 4.66s (32 rec/s) | 1 15min, 74 hourly, 75 daily | Queue: 3
ERROR:cache_service:Error setting OHLC batch: Object of type datetime is not JSON serializable
INFO:root:💾 Saved 500 records in 12.82s (39 rec/s) | 21 15min, 240 hourly, 239 daily | Queue: 2
INFO:root:⏰ Interval update (60s): 07:23:50 UTC
INFO:root:📤 Queued 47668 ticks from 2287 instruments | Processing queue: 1
ERROR:cache_service:Error setting OHLC batch: Object of type datetime is not JSON serializable
INFO:root:💾 Saved 500 records in 10.32s (48 rec/s) | 13 15min, 243 hourly, 244 daily | Queue: 3
INFO:root:📊 STATUS: 11,331,006 received | 11,323,204 processed | 7802 buffered | 1654 active | ProcQ: 0 | DBQ: 3 | 1,161,675 saved | Failed: 0 | Vol: TEXINFRA:13,983, DPWIRES:5,257
ERROR:cache_service:Error setting OHLC batch: Object of type datetime is not JSON serializable
INFO:root:💾 Saved 500 records in 8.88s (56 rec/s) | 17 15min, 242 hourly, 241 daily | Queue: 3
ERROR:cache_service:Error setting OHLC batch: Object of type datetime is not JSON serializable
INFO:root:💾 Saved 500 records in 6.65s (75 rec/s) | 15 15min, 242 hourly, 243 daily | Queue: 3
ERROR:cache_service:Error setting OHLC batch: Object of type datetime is not JSON serializable
INFO:root:💾 Saved 500 records in 3.34s (150 rec/s) | 19 15min, 241 hourly, 240 daily | Queue: 3
ERROR:cache_service:Error setting OHLC batch: Object of type datetime is not JSON serializable
INFO:root:💾 Saved 500 records in 3.13s (160 rec/s) | 13 15min, 243 hourly, 244 daily | Queue: 3
ERROR:cache_service:Error setting OHLC batch: Object of type datetime is not JSON serializable
INFO:root:💾 Saved 500 records in 3.07s (163 rec/s) | 9 15min, 246 hourly, 245 daily | Queue: 3
ERROR:cache_service:Error setting OHLC batch: Object of type datetime is not JSON serializable
INFO:root:💾 Saved 500 records in 3.20s (156 rec/s) | 11 15min, 244 hourly, 245 daily | Queue: 3
INFO:root:📊 STATUS: 11,354,214 received | 11,323,204 processed | 31010 buffered | 2222 active | ProcQ: 0 | DBQ: 3 | 1,164,675 saved | Failed: 0 | Vol: TEXINFRA:13,983, DPWIRES:5,257
ERROR:cache_service:Error setting OHLC batch: Object of type datetime is not JSON serializable
INFO:root:💾 Saved 500 records in 3.33s (150 rec/s) | 10 15min, 245 hourly, 245 daily | Queue: 3
ERROR:cache_service:Error setting OHLC batch: Object of type datetime is not JSON serializable
INFO:root:💾 Saved 246 records in 1.52s (161 rec/s) | 4 15min, 121 hourly, 121 daily | Queue: 3
ERROR:cache_service:Error setting OHLC batch: Object of type datetime is not JSON serializable
INFO:root:💾 Saved 500 records in 2.37s (211 rec/s) | 21 15min, 240 hourly, 239 daily | Queue: 2
ERROR:cache_service:Error setting OHLC batch: Object of type datetime is not JSON serializable
INFO:root:💾 Saved 500 records in 2.18s (230 rec/s) | 18 15min, 241 hourly, 241 daily | Queue: 2
ERROR:cache_service:Error setting OHLC batch: Object of type datetime is not JSON serializable
INFO:root:💾 Saved 500 records in 1.78s (281 rec/s) | 12 15min, 244 hourly, 244 daily | Queue: 2
ERROR:cache_service:Error setting OHLC batch: Object of type datetime is not JSON serializable
INFO:root:💾 Saved 500 records in 0.88s (565 rec/s) | 15 15min, 242 hourly, 243 daily | Queue: 2
ERROR:cache_service:Error setting OHLC batch: Object of type datetime is not JSON serializable
INFO:root:💾 Saved 500 records in 1.22s (410 rec/s) | 19 15min, 241 hourly, 240 daily | Queue: 2
ERROR:cache_service:Error setting OHLC batch: Object of type datetime is not JSON serializable
INFO:root:💾 Saved 500 records in 2.16s (231 rec/s) | 13 15min, 243 hourly, 244 daily | Queue: 2
ERROR:cache_service:Error setting OHLC batch: Object of type datetime is not JSON serializable
INFO:root:💾 Saved 500 records in 3.68s (136 rec/s) | 9 15min, 246 hourly, 245 daily | Queue: 2
INFO:root:⏰ Interval update (60s): 07:24:50 UTC
INFO:root:📤 Queued 45838 ticks from 2323 instruments | Processing queue: 1
ERROR:cache_service:Error setting OHLC batch: Object of type datetime is not JSON serializable
INFO:root:💾 Saved 500 records in 6.06s (82 rec/s) | 11 15min, 244 hourly, 245 daily | Queue: 3
INFO:root:📊 STATUS: 11,376,961 received | 11,369,042 processed | 7919 buffered | 1683 active | ProcQ: 0 | DBQ: 3 | 1,169,421 saved | Failed: 0 | Vol: TEXINFRA:14,161, DPWIRES:5,257
ERROR:cache_service:Error setting OHLC batch: Object of type datetime is not JSON serializable
INFO:root:💾 Saved 500 records in 35.54s (14 rec/s) | 10 15min, 245 hourly, 245 daily | Queue: 3
INFO:root:📊 STATUS: 11,400,362 received | 11,369,042 processed | 31320 buffered | 2141 active | ProcQ: 0 | DBQ: 3 | 1,169,921 saved | Failed: 0 | Vol: TEXINFRA:14,161, DPWIRES:5,257
ERROR:cache_service:Error setting OHLC batch: Object of type datetime is not JSON serializable
INFO:root:💾 Saved 186 records in 5.26s (35 rec/s) | 4 15min, 91 hourly, 91 daily | Queue: 3
ERROR:cache_service:Error setting OHLC batch: Object of type datetime is not JSON serializable
INFO:root:💾 Saved 500 records in 4.61s (108 rec/s) | 21 15min, 240 hourly, 239 daily | Queue: 2
ERROR:cache_service:Error setting OHLC batch: Object of type datetime is not JSON serializable
INFO:root:💾 Saved 500 records in 4.61s (109 rec/s) | 13 15min, 243 hourly, 244 daily | Queue: 2
ERROR:cache_service:Error setting OHLC batch: Object of type datetime is not JSON serializable
INFO:root:💾 Saved 500 records in 4.76s (105 rec/s) | 17 15min, 242 hourly, 241 daily | Queue: 2
INFO:root:⏰ Interval update (60s): 07:25:50 UTC
INFO:root:📤 Queued 45960 ticks from 2236 instruments | Processing queue: 1
ERROR:cache_service:Error setting OHLC batch: Object of type datetime is not JSON serializable
INFO:root:💾 Saved 500 records in 3.84s (130 rec/s) | 14 15min, 243 hourly, 243 daily | Queue: 3
ERROR:cache_service:Error setting OHLC batch: Object of type datetime is not JSON serializable
INFO:root:💾 Saved 500 records in 3.52s (142 rec/s) | 19 15min, 240 hourly, 241 daily | Queue: 3
ERROR:cache_service:Error setting OHLC batch: Object of type datetime is not JSON serializable
INFO:root:💾 Saved 500 records in 3.22s (155 rec/s) | 13 15min, 244 hourly, 243 daily | Queue: 3
INFO:root:📊 STATUS: 11,423,423 received | 11,415,002 processed | 8421 buffered | 1684 active | ProcQ: 0 | DBQ: 3 | 1,173,107 saved | Failed: 0 | Vol: TEXINFRA:16,292, DPWIRES:5,257
ERROR:cache_service:Error setting OHLC batch: Object of type datetime is not JSON serializable
INFO:root:💾 Saved 500 records in 3.03s (165 rec/s) | 10 15min, 245 hourly, 245 daily | Queue: 3
ERROR:cache_service:Error setting OHLC batch: Object of type datetime is not JSON serializable
INFO:root:💾 Saved 500 records in 3.14s (159 rec/s) | 11 15min, 244 hourly, 245 daily | Queue: 3
ERROR:cache_service:Error setting OHLC batch: Object of type datetime is not JSON serializable
INFO:root:💾 Saved 500 records in 3.15s (159 rec/s) | 10 15min, 245 hourly, 245 daily | Queue: 3
ERROR:cache_service:Error setting OHLC batch: Object of type datetime is not JSON serializable
INFO:root:💾 Saved 176 records in 0.74s (238 rec/s) | 4 15min, 86 hourly, 86 daily | Queue: 3
ERROR:cache_service:Error setting OHLC batch: Object of type datetime is not JSON serializable
INFO:root:💾 Saved 500 records in 1.66s (302 rec/s) | 21 15min, 240 hourly, 239 daily | Queue: 2
ERROR:cache_service:Error setting OHLC batch: Object of type datetime is not JSON serializable
INFO:root:💾 Saved 500 records in 1.36s (367 rec/s) | 13 15min, 243 hourly, 244 daily | Queue: 2
ERROR:cache_service:Error setting OHLC batch: Object of type datetime is not JSON serializable
INFO:root:💾 Saved 500 records in 1.05s (475 rec/s) | 17 15min, 242 hourly, 241 daily | Queue: 2
ERROR:cache_service:Error setting OHLC batch: Object of type datetime is not JSON serializable
INFO:root:💾 Saved 500 records in 0.59s (854 rec/s) | 15 15min, 242 hourly, 243 daily | Queue: 2
ERROR:cache_service:Error setting OHLC batch: Object of type datetime is not JSON serializable
INFO:root:💾 Saved 500 records in 0.41s (1230 rec/s) | 15 15min, 243 hourly, 242 daily | Queue: 2
ERROR:cache_service:Error setting OHLC batch: Object of type datetime is not JSON serializable
INFO:root:💾 Saved 500 records in 0.45s (1104 rec/s) | 17 15min, 241 hourly, 242 daily | Queue: 2
ERROR:cache_service:Error setting OHLC batch: Object of type datetime is not JSON serializable
INFO:root:💾 Saved 500 records in 1.08s (464 rec/s) | 9 15min, 246 hourly, 245 daily | Queue: 2
ERROR:cache_service:Error setting OHLC batch: Object of type datetime is not JSON serializable
INFO:root:💾 Saved 500 records in 1.08s (464 rec/s) | 11 15min, 244 hourly, 245 daily | Queue: 2
ERROR:cache_service:Error setting OHLC batch: Object of type datetime is not JSON serializable
INFO:root:💾 Saved 500 records in 1.16s (431 rec/s) | 10 15min, 245 hourly, 245 daily | Queue: 2
ERROR:cache_service:Error setting OHLC batch: Object of type datetime is not JSON serializable
INFO:root:💾 Saved 206 records in 0.52s (392 rec/s) | 4 15min, 101 hourly, 101 daily | Queue: 2
ERROR:cache_service:Error setting OHLC batch: Object of type datetime is not JSON serializable
INFO:root:💾 Saved 500 records in 1.20s (417 rec/s) | 21 15min, 240 hourly, 239 daily | Queue: 1
ERROR:cache_service:Error setting OHLC batch: Object of type datetime is not JSON serializable
INFO:root:💾 Saved 500 records in 3.26s (153 rec/s) | 13 15min, 243 hourly, 244 daily | Queue: 1
ERROR:cache_service:Error setting OHLC batch: Object of type datetime is not JSON serializable
INFO:root:💾 Saved 500 records in 4.42s (113 rec/s) | 17 15min, 242 hourly, 241 daily | Queue: 1
INFO:root:📊 STATUS: 11,447,878 received | 11,415,002 processed | 32876 buffered | 2212 active | ProcQ: 0 | DBQ: 1 | 1,180,989 saved | Failed: 0 | Vol: TEXINFRA:16,292, DPWIRES:5,257
ERROR:cache_service:Error setting OHLC batch: Object of type datetime is not JSON serializable
INFO:root:💾 Saved 500 records in 5.07s (99 rec/s) | 15 15min, 242 hourly, 243 daily | Queue: 1
ERROR:cache_service:Error setting OHLC batch: Object of type datetime is not JSON serializable
INFO:root:💾 Saved 500 records in 6.13s (82 rec/s) | 15 15min, 243 hourly, 242 daily | Queue: 1
ERROR:cache_service:Error setting OHLC batch: Object of type datetime is not JSON serializable
INFO:root:💾 Saved 500 records in 11.65s (43 rec/s) | 17 15min, 241 hourly, 242 daily | Queue: 1
INFO:root:⏰ Interval update (60s): 07:26:50 UTC
INFO:root:📤 Queued 49327 ticks from 2300 instruments | Processing queue: 1
INFO:root:📊 STATUS: 11,472,752 received | 11,464,329 processed | 8423 buffered | 1670 active | ProcQ: 0 | DBQ: 2 | 1,182,489 saved | Failed: 0 | Vol: TEXINFRA:16,479, DPWIRES:5,257
INFO:root:📊 STATUS: 11,496,069 received | 11,464,329 processed | 31740 buffered | 2205 active | ProcQ: 0 | DBQ: 2 | 1,182,489 saved | Failed: 0 | Vol: TEXINFRA:16,479, DPWIRES:5,257
INFO:root:⏰ Interval update (60s): 07:27:50 UTC
INFO:root:📤 Queued 46363 ticks from 2305 instruments | Processing queue: 1
ERROR:cache_service:Error setting OHLC batch: Object of type datetime is not JSON serializable
INFO:root:💾 Saved 500 records in 71.61s (7 rec/s) | 8 15min, 246 hourly, 246 daily | Queue: 3
INFO:root:📊 STATUS: 11,519,279 received | 11,510,692 processed | 8587 buffered | 1689 active | ProcQ: 0 | DBQ: 3 | 1,182,989 saved | Failed: 0 | Vol: TEXINFRA:20,940, DPWIRES:5,257
INFO:root:📊 STATUS: 11,542,609 received | 11,510,692 processed | 31917 buffered | 2176 active | ProcQ: 0 | DBQ: 3 | 1,182,989 saved | Failed: 0 | Vol: TEXINFRA:20,940, DPWIRES:5,257
ERROR:cache_service:Error setting OHLC batch: Object of type datetime is not JSON serializable
INFO:root:💾 Saved 500 records in 47.71s (10 rec/s) | 9 15min, 246 hourly, 245 daily | Queue: 3
INFO:root:⏰ Interval update (60s): 07:28:50 UTC
INFO:root:📤 Queued 46069 ticks from 2302 instruments | Processing queue: 1
ERROR:cache_service:Error setting OHLC batch: Object of type datetime is not JSON serializable
INFO:root:💾 Saved 500 records in 11.87s (42 rec/s) | 11 15min, 244 hourly, 245 daily | Queue: 4
INFO:root:📊 STATUS: 11,565,592 received | 11,556,761 processed | 8831 buffered | 1698 active | ProcQ: 0 | DBQ: 4 | 1,183,989 saved | Failed: 0 | Vol: TEXINFRA:22,612, DPWIRES:5,257
ERROR:cache_service:Error setting OHLC batch: Object of type datetime is not JSON serializable
INFO:root:💾 Saved 278 records in 5.27s (53 rec/s) | 6 15min, 136 hourly, 136 daily | Queue: 4
ERROR:cache_service:Error setting OHLC batch: Object of type datetime is not JSON serializable
INFO:root:💾 Saved 500 records in 6.64s (75 rec/s) | 21 15min, 240 hourly, 239 daily | Queue: 3
ERROR:cache_service:Error setting OHLC batch: Object of type datetime is not JSON serializable
INFO:root:💾 Saved 500 records in 5.13s (98 rec/s) | 16 15min, 242 hourly, 242 daily | Queue: 3
ERROR:cache_service:Error setting OHLC batch: Object of type datetime is not JSON serializable
INFO:root:💾 Saved 500 records in 5.81s (86 rec/s) | 14 15min, 243 hourly, 243 daily | Queue: 3
ERROR:cache_service:Error setting OHLC batch: Object of type datetime is not JSON serializable
INFO:root:💾 Saved 500 records in 4.73s (106 rec/s) | 14 15min, 243 hourly, 243 daily | Queue: 3
ERROR:cache_service:Error setting OHLC batch: Object of type datetime is not JSON serializable
INFO:root:💾 Saved 500 records in 3.63s (138 rec/s) | 19 15min, 240 hourly, 241 daily | Queue: 3
INFO:root:📊 STATUS: 11,590,371 received | 11,556,761 processed | 33610 buffered | 2220 active | ProcQ: 0 | DBQ: 3 | 1,186,767 saved | Failed: 0 | Vol: TEXINFRA:22,612, DPWIRES:5,257
ERROR:cache_service:Error setting OHLC batch: Object of type datetime is not JSON serializable
INFO:root:💾 Saved 500 records in 3.43s (146 rec/s) | 13 15min, 244 hourly, 243 daily | Queue: 3
ERROR:cache_service:Error setting OHLC batch: Object of type datetime is not JSON serializable
INFO:root:💾 Saved 500 records in 3.27s (153 rec/s) | 13 15min, 243 hourly, 244 daily | Queue: 3
ERROR:cache_service:Error setting OHLC batch: Object of type datetime is not JSON serializable
INFO:root:💾 Saved 500 records in 3.03s (165 rec/s) | 8 15min, 246 hourly, 246 daily | Queue: 3
ERROR:cache_service:Error setting OHLC batch: Object of type datetime is not JSON serializable
INFO:root:💾 Saved 500 records in 1.90s (264 rec/s) | 14 15min, 243 hourly, 243 daily | Queue: 3
ERROR:cache_service:Error setting OHLC batch: Object of type datetime is not JSON serializable
INFO:root:💾 Saved 104 records in 0.51s (204 rec/s) | 0 15min, 52 hourly, 52 daily | Queue: 3
ERROR:cache_service:Error setting OHLC batch: Object of type datetime is not JSON serializable
INFO:root:💾 Saved 500 records in 1.44s (346 rec/s) | 21 15min, 240 hourly, 239 daily | Queue: 2
ERROR:cache_service:Error setting OHLC batch: Object of type datetime is not JSON serializable
INFO:root:💾 Saved 500 records in 1.30s (384 rec/s) | 13 15min, 243 hourly, 244 daily | Queue: 2
ERROR:cache_service:Error setting OHLC batch: Object of type datetime is not JSON serializable
INFO:root:💾 Saved 500 records in 0.40s (1250 rec/s) | 17 15min, 242 hourly, 241 daily | Queue: 2
ERROR:cache_service:Error setting OHLC batch: Object of type datetime is not JSON serializable
INFO:root:💾 Saved 500 records in 0.35s (1423 rec/s) | 14 15min, 243 hourly, 243 daily | Queue: 2
ERROR:cache_service:Error setting OHLC batch: Object of type datetime is not JSON serializable
INFO:root:💾 Saved 500 records in 0.45s (1119 rec/s) | 15 15min, 242 hourly, 243 daily | Queue: 2
ERROR:cache_service:Error setting OHLC batch: Object of type datetime is not JSON serializable
INFO:root:💾 Saved 500 records in 0.38s (1312 rec/s) | 17 15min, 242 hourly, 241 daily | Queue: 2
ERROR:cache_service:Error setting OHLC batch: Object of type datetime is not JSON serializable
INFO:root:💾 Saved 500 records in 0.35s (1432 rec/s) | 9 15min, 245 hourly, 246 daily | Queue: 2
ERROR:cache_service:Error setting OHLC batch: Object of type datetime is not JSON serializable
INFO:root:💾 Saved 500 records in 0.41s (1213 rec/s) | 12 15min, 244 hourly, 244 daily | Queue: 2
ERROR:cache_service:Error setting OHLC batch: Object of type datetime is not JSON serializable
INFO:root:💾 Saved 500 records in 0.44s (1134 rec/s) | 10 15min, 245 hourly, 245 daily | Queue: 2
ERROR:cache_service:Error setting OHLC batch: Object of type datetime is not JSON serializable
INFO:root:💾 Saved 232 records in 0.17s (1332 rec/s) | 4 15min, 114 hourly, 114 daily | Queue: 2
ERROR:cache_service:Error setting OHLC batch: Object of type datetime is not JSON serializable
INFO:root:💾 Saved 500 records in 0.43s (1149 rec/s) | 21 15min, 240 hourly, 239 daily | Queue: 1
INFO:root:⏰ Interval update (60s): 07:29:50 UTC
INFO:root:📤 Queued 49133 ticks from 2310 instruments | Processing queue: 1
ERROR:cache_service:Error setting OHLC batch: Object of type datetime is not JSON serializable
INFO:root:💾 Saved 500 records in 0.51s (983 rec/s) | 13 15min, 243 hourly, 244 daily | Queue: 1
ERROR:cache_service:Error setting OHLC batch: Object of type datetime is not JSON serializable
INFO:root:💾 Saved 500 records in 0.28s (1797 rec/s) | 17 15min, 242 hourly, 241 daily | Queue: 1
ERROR:cache_service:Error setting OHLC batch: Object of type datetime is not JSON serializable
INFO:root:💾 Saved 500 records in 0.24s (2078 rec/s) | 15 15min, 242 hourly, 243 daily | Queue: 2
ERROR:cache_service:Error setting OHLC batch: Object of type datetime is not JSON serializable
INFO:root:💾 Saved 500 records in 0.25s (1965 rec/s) | 15 15min, 243 hourly, 242 daily | Queue: 2
ERROR:cache_service:Error setting OHLC batch: Object of type datetime is not JSON serializable
INFO:root:💾 Saved 500 records in 0.24s (2083 rec/s) | 17 15min, 241 hourly, 242 daily | Queue: 2
ERROR:cache_service:Error setting OHLC batch: Object of type datetime is not JSON serializable
INFO:root:💾 Saved 500 records in 0.32s (1579 rec/s) | 9 15min, 246 hourly, 245 daily | Queue: 2
ERROR:cache_service:Error setting OHLC batch: Object of type datetime is not JSON serializable
INFO:root:💾 Saved 500 records in 0.17s (2983 rec/s) | 11 15min, 244 hourly, 245 daily | Queue: 2
ERROR:cache_service:Error setting OHLC batch: Object of type datetime is not JSON serializable
INFO:root:💾 Saved 500 records in 0.23s (2161 rec/s) | 10 15min, 245 hourly, 245 daily | Queue: 2
ERROR:cache_service:Error setting OHLC batch: Object of type datetime is not JSON serializable
INFO:root:💾 Saved 242 records in 0.11s (2243 rec/s) | 4 15min, 119 hourly, 119 daily | Queue: 2
ERROR:cache_service:Error setting OHLC batch: Object of type datetime is not JSON serializable
INFO:root:💾 Saved 500 records in 0.17s (2908 rec/s) | 21 15min, 240 hourly, 239 daily | Queue: 1
ERROR:cache_service:Error setting OHLC batch: Object of type datetime is not JSON serializable
INFO:root:💾 Saved 500 records in 0.20s (2483 rec/s) | 13 15min, 243 hourly, 244 daily | Queue: 1
ERROR:cache_service:Error setting OHLC batch: Object of type datetime is not JSON serializable
INFO:root:💾 Saved 500 records in 0.18s (2851 rec/s) | 17 15min, 242 hourly, 241 daily | Queue: 1
ERROR:cache_service:Error setting OHLC batch: Object of type datetime is not JSON serializable
INFO:root:💾 Saved 500 records in 0.20s (2476 rec/s) | 14 15min, 243 hourly, 243 daily | Queue: 1
ERROR:cache_service:Error setting OHLC batch: Object of type datetime is not JSON serializable
INFO:root:💾 Saved 500 records in 0.15s (3360 rec/s) | 19 15min, 240 hourly, 241 daily | Queue: 1
ERROR:cache_service:Error setting OHLC batch: Object of type datetime is not JSON serializable
INFO:root:💾 Saved 500 records in 0.17s (2967 rec/s) | 13 15min, 244 hourly, 243 daily | Queue: 1
ERROR:cache_service:Error setting OHLC batch: Object of type datetime is not JSON serializable
INFO:root:💾 Saved 500 records in 0.16s (3177 rec/s) | 9 15min, 245 hourly, 246 daily | Queue: 1
ERROR:cache_service:Error setting OHLC batch: Object of type datetime is not JSON serializable
INFO:root:💾 Saved 500 records in 0.21s (2343 rec/s) | 12 15min, 244 hourly, 244 daily | Queue: 1
ERROR:cache_service:Error setting OHLC batch: Object of type datetime is not JSON serializable
INFO:root:💾 Saved 500 records in 0.21s (2407 rec/s) | 10 15min, 245 hourly, 245 daily | Queue: 1
ERROR:cache_service:Error setting OHLC batch: Object of type datetime is not JSON serializable
INFO:root:💾 Saved 236 records in 0.08s (3082 rec/s) | 4 15min, 116 hourly, 116 daily | Queue: 1
ERROR:cache_service:Error setting OHLC batch: Object of type datetime is not JSON serializable
INFO:root:💾 Saved 500 records in 0.18s (2717 rec/s) | 21 15min, 240 hourly, 239 daily | Queue: 0
ERROR:cache_service:Error setting OHLC batch: Object of type datetime is not JSON serializable
INFO:root:💾 Saved 500 records in 0.21s (2434 rec/s) | 13 15min, 243 hourly, 244 daily | Queue: 0
ERROR:cache_service:Error setting OHLC batch: Object of type datetime is not JSON serializable
INFO:root:💾 Saved 500 records in 0.15s (3245 rec/s) | 17 15min, 242 hourly, 241 daily | Queue: 0
ERROR:cache_service:Error setting OHLC batch: Object of type datetime is not JSON serializable
INFO:root:💾 Saved 500 records in 0.15s (3330 rec/s) | 15 15min, 242 hourly, 243 daily | Queue: 0
ERROR:cache_service:Error setting OHLC batch: Object of type datetime is not JSON serializable
INFO:root:💾 Saved 500 records in 0.22s (2285 rec/s) | 15 15min, 243 hourly, 242 daily | Queue: 0
ERROR:cache_service:Error setting OHLC batch: Object of type datetime is not JSON serializable
INFO:root:💾 Saved 500 records in 0.12s (4262 rec/s) | 17 15min, 241 hourly, 242 daily | Queue: 0
ERROR:cache_service:Error setting OHLC batch: Object of type datetime is not JSON serializable
INFO:root:💾 Saved 500 records in 0.11s (4593 rec/s) | 9 15min, 246 hourly, 245 daily | Queue: 0
ERROR:cache_service:Error setting OHLC batch: Object of type datetime is not JSON serializable
INFO:root:💾 Saved 500 records in 0.15s (3368 rec/s) | 11 15min, 244 hourly, 245 daily | Queue: 0
ERROR:cache_service:Error setting OHLC batch: Object of type datetime is not JSON serializable
INFO:root:💾 Saved 500 records in 0.20s (2453 rec/s) | 10 15min, 245 hourly, 245 daily | Queue: 0
ERROR:cache_service:Error setting OHLC batch: Object of type datetime is not JSON serializable
INFO:root:💾 Saved 252 records in 0.04s (6070 rec/s) | 4 15min, 124 hourly, 124 daily | Queue: 0
INFO:root:📊 STATUS: 11,614,545 received | 11,605,894 processed | 8651 buffered | 1713 active | ProcQ: 0 | DBQ: 0 | 1,207,833 saved | Failed: 0 | Vol: TEXINFRA:23,728, DPWIRES:5,257
INFO:root:📊 STATUS: 11,638,435 received | 11,605,894 processed | 32541 buffered | 2215 active | ProcQ: 0 | DBQ: 0 | 1,207,833 saved | Failed: 0 | Vol: TEXINFRA:23,728, DPWIRES:5,257
INFO:root:⏰ Interval update (60s): 07:30:50 UTC
INFO:root:📤 Queued 46053 ticks from 2319 instruments | Processing queue: 1
ERROR:cache_service:Error setting OHLC batch: Object of type datetime is not JSON serializable
INFO:root:💾 Saved 500 records in 0.50s (999 rec/s) | 21 15min, 240 hourly, 239 daily | Queue: 0
ERROR:cache_service:Error setting OHLC batch: Object of type datetime is not JSON serializable
INFO:root:💾 Saved 500 records in 0.37s (1349 rec/s) | 13 15min, 243 hourly, 244 daily | Queue: 0
ERROR:cache_service:Error setting OHLC batch: Object of type datetime is not JSON serializable
INFO:root:💾 Saved 500 records in 0.26s (1921 rec/s) | 17 15min, 242 hourly, 241 daily | Queue: 0
ERROR:cache_service:Error setting OHLC batch: Object of type datetime is not JSON serializable
INFO:root:💾 Saved 500 records in 0.40s (1253 rec/s) | 15 15min, 242 hourly, 243 daily | Queue: 0
ERROR:cache_service:Error setting OHLC batch: Object of type datetime is not JSON serializable
INFO:root:💾 Saved 500 records in 0.47s (1068 rec/s) | 17 15min, 242 hourly, 241 daily | Queue: 0
ERROR:cache_service:Error setting OHLC batch: Object of type datetime is not JSON serializable
INFO:root:💾 Saved 500 records in 0.42s (1202 rec/s) | 15 15min, 242 hourly, 243 daily | Queue: 0
ERROR:cache_service:Error setting OHLC batch: Object of type datetime is not JSON serializable
INFO:root:💾 Saved 500 records in 0.39s (1275 rec/s) | 9 15min, 246 hourly, 245 daily | Queue: 0
ERROR:cache_service:Error setting OHLC batch: Object of type datetime is not JSON serializable
INFO:root:💾 Saved 500 records in 0.41s (1227 rec/s) | 11 15min, 244 hourly, 245 daily | Queue: 0
ERROR:cache_service:Error setting OHLC batch: Object of type datetime is not JSON serializable
INFO:root:💾 Saved 500 records in 0.88s (571 rec/s) | 10 15min, 245 hourly, 245 daily | Queue: 0
ERROR:cache_service:Error setting OHLC batch: Object of type datetime is not JSON serializable
INFO:root:💾 Saved 270 records in 0.16s (1713 rec/s) | 4 15min, 133 hourly, 133 daily | Queue: 0
INFO:root:📊 STATUS: 11,661,305 received | 11,651,947 processed | 9358 buffered | 1701 active | ProcQ: 0 | DBQ: 0 | 1,212,603 saved | Failed: 0 | Vol: TEXINFRA:25,559, DPWIRES:5,257
INFO:root:📊 STATUS: 11,684,953 received | 11,651,947 processed | 33006 buffered | 2240 active | ProcQ: 0 | DBQ: 0 | 1,212,603 saved | Failed: 0 | Vol: TEXINFRA:25,559, DPWIRES:5,257
INFO:root:⏰ Interval update (60s): 07:31:50 UTC
INFO:root:📤 Queued 46638 ticks from 2344 instruments | Processing queue: 1
ERROR:cache_service:Error setting OHLC batch: Object of type datetime is not JSON serializable
INFO:root:💾 Saved 500 records in 0.58s (866 rec/s) | 21 15min, 240 hourly, 239 daily | Queue: 0
ERROR:cache_service:Error setting OHLC batch: Object of type datetime is not JSON serializable
INFO:root:💾 Saved 500 records in 0.47s (1070 rec/s) | 13 15min, 243 hourly, 244 daily | Queue: 0
ERROR:cache_service:Error setting OHLC batch: Object of type datetime is not JSON serializable
INFO:root:💾 Saved 500 records in 0.46s (1079 rec/s) | 17 15min, 242 hourly, 241 daily | Queue: 0
ERROR:cache_service:Error setting OHLC batch: Object of type datetime is not JSON serializable
INFO:root:💾 Saved 500 records in 0.46s (1095 rec/s) | 14 15min, 243 hourly, 243 daily | Queue: 0
ERROR:cache_service:Error setting OHLC batch: Object of type datetime is not JSON serializable
INFO:root:💾 Saved 500 records in 0.40s (1246 rec/s) | 15 15min, 242 hourly, 243 daily | Queue: 0
ERROR:cache_service:Error setting OHLC batch: Object of type datetime is not JSON serializable
INFO:root:💾 Saved 500 records in 0.32s (1585 rec/s) | 17 15min, 242 hourly, 241 daily | Queue: 0
ERROR:cache_service:Error setting OHLC batch: Object of type datetime is not JSON serializable
INFO:root:💾 Saved 500 records in 0.32s (1578 rec/s) | 8 15min, 246 hourly, 246 daily | Queue: 0
ERROR:cache_service:Error setting OHLC batch: Object of type datetime is not JSON serializable
INFO:root:💾 Saved 500 records in 0.44s (1125 rec/s) | 10 15min, 245 hourly, 245 daily | Queue: 0
ERROR:cache_service:Error setting OHLC batch: Object of type datetime is not JSON serializable
INFO:root:💾 Saved 500 records in 0.23s (2159 rec/s) | 11 15min, 244 hourly, 245 daily | Queue: 0
ERROR:cache_service:Error setting OHLC batch: Object of type datetime is not JSON serializable
INFO:root:💾 Saved 320 records in 0.15s (2146 rec/s) | 6 15min, 157 hourly, 157 daily | Queue: 0
INFO:root:📊 STATUS: 11,708,483 received | 11,698,585 processed | 9898 buffered | 1836 active | ProcQ: 0 | DBQ: 0 | 1,217,423 saved | Failed: 0 | Vol: TEXINFRA:26,100, DPWIRES:5,257
INFO:root:📊 STATUS: 11,733,085 received | 11,698,585 processed | 34500 buffered | 2229 active | ProcQ: 0 | DBQ: 0 | 1,217,423 saved | Failed: 0 | Vol: TEXINFRA:26,100, DPWIRES:5,257
INFO:root:⏰ Interval update (60s): 07:32:51 UTC
INFO:root:📤 Queued 48829 ticks from 2340 instruments | Processing queue: 1
ERROR:cache_service:Error setting OHLC batch: Object of type datetime is not JSON serializable
INFO:root:💾 Saved 500 records in 2.15s (233 rec/s) | 21 15min, 240 hourly, 239 daily | Queue: 0
ERROR:cache_service:Error setting OHLC batch: Object of type datetime is not JSON serializable
INFO:root:💾 Saved 500 records in 6.94s (72 rec/s) | 13 15min, 243 hourly, 244 daily | Queue: 0
INFO:root:📊 STATUS: 11,756,730 received | 11,747,414 processed | 9316 buffered | 1762 active | ProcQ: 0 | DBQ: 0 | 1,218,423 saved | Failed: 0 | Vol: TEXINFRA:27,654, DPWIRES:5,307
ERROR:cache_service:Error setting OHLC batch: Object of type datetime is not JSON serializable
INFO:root:💾 Saved 500 records in 5.28s (95 rec/s) | 17 15min, 242 hourly, 241 daily | Queue: 0
ERROR:cache_service:Error setting OHLC batch: Object of type datetime is not JSON serializable
INFO:root:💾 Saved 500 records in 5.93s (84 rec/s) | 15 15min, 242 hourly, 243 daily | Queue: 0
ERROR:cache_service:Error setting OHLC batch: Object of type datetime is not JSON serializable
INFO:root:💾 Saved 500 records in 7.16s (70 rec/s) | 15 15min, 243 hourly, 242 daily | Queue: 0
ERROR:cache_service:Error setting OHLC batch: Object of type datetime is not JSON serializable
INFO:root:💾 Saved 500 records in 2.03s (247 rec/s) | 17 15min, 241 hourly, 242 daily | Queue: 0
ERROR:cache_service:Error setting OHLC batch: Object of type datetime is not JSON serializable
INFO:root:💾 Saved 500 records in 1.98s (252 rec/s) | 9 15min, 246 hourly, 245 daily | Queue: 0
ERROR:cache_service:Error setting OHLC batch: Object of type datetime is not JSON serializable
INFO:root:💾 Saved 500 records in 1.86s (269 rec/s) | 11 15min, 244 hourly, 245 daily | Queue: 0
ERROR:cache_service:Error setting OHLC batch: Object of type datetime is not JSON serializable
INFO:root:💾 Saved 500 records in 2.25s (222 rec/s) | 8 15min, 246 hourly, 246 daily | Queue: 0
ERROR:cache_service:Error setting OHLC batch: Object of type datetime is not JSON serializable
INFO:root:💾 Saved 312 records in 1.46s (214 rec/s) | 6 15min, 153 hourly, 153 daily | Queue: 0
INFO:root:📊 STATUS: 11,779,919 received | 11,747,414 processed | 32505 buffered | 2273 active | ProcQ: 0 | DBQ: 0 | 1,222,235 saved | Failed: 0 | Vol: TEXINFRA:27,654, DPWIRES:5,307
INFO:root:⏰ Interval update (60s): 07:33:51 UTC
INFO:root:📤 Queued 44887 ticks from 2384 instruments | Processing queue: 1
ERROR:cache_service:Error setting OHLC batch: Object of type datetime is not JSON serializable
INFO:root:💾 Saved 500 records in 3.08s (162 rec/s) | 21 15min, 240 hourly, 239 daily | Queue: 0
ERROR:cache_service:Error setting OHLC batch: Object of type datetime is not JSON serializable
INFO:root:💾 Saved 500 records in 2.46s (204 rec/s) | 13 15min, 243 hourly, 244 daily | Queue: 0
ERROR:cache_service:Error setting OHLC batch: Object of type datetime is not JSON serializable
INFO:root:💾 Saved 500 records in 2.18s (229 rec/s) | 17 15min, 242 hourly, 241 daily | Queue: 0
ERROR:cache_service:Error setting OHLC batch: Object of type datetime is not JSON serializable
INFO:root:💾 Saved 500 records in 2.09s (239 rec/s) | 14 15min, 243 hourly, 243 daily | Queue: 0
ERROR:cache_service:Error setting OHLC batch: Object of type datetime is not JSON serializable
INFO:root:💾 Saved 500 records in 2.13s (235 rec/s) | 15 15min, 242 hourly, 243 daily | Queue: 0
INFO:root:📊 STATUS: 11,802,501 received | 11,792,301 processed | 10200 buffered | 1760 active | ProcQ: 0 | DBQ: 0 | 1,224,735 saved | Failed: 0 | Vol: TEXINFRA:28,266, DPWIRES:5,307
ERROR:cache_service:Error setting OHLC batch: Object of type datetime is not JSON serializable
INFO:root:💾 Saved 500 records in 2.26s (222 rec/s) | 16 15min, 242 hourly, 242 daily | Queue: 0
ERROR:cache_service:Error setting OHLC batch: Object of type datetime is not JSON serializable
INFO:root:💾 Saved 500 records in 2.13s (235 rec/s) | 7 15min, 247 hourly, 246 daily | Queue: 0
ERROR:cache_service:Error setting OHLC batch: Object of type datetime is not JSON serializable
INFO:root:💾 Saved 500 records in 2.10s (238 rec/s) | 12 15min, 244 hourly, 244 daily | Queue: 0
ERROR:cache_service:Error setting OHLC batch: Object of type datetime is not JSON serializable
INFO:root:💾 Saved 500 records in 1.91s (262 rec/s) | 9 15min, 245 hourly, 246 daily | Queue: 0
ERROR:cache_service:Error setting OHLC batch: Object of type datetime is not JSON serializable
INFO:root:💾 Saved 400 records in 1.43s (280 rec/s) | 8 15min, 196 hourly, 196 daily | Queue: 0
INFO:root:📊 STATUS: 11,825,236 received | 11,792,301 processed | 32935 buffered | 2252 active | ProcQ: 0 | DBQ: 0 | 1,227,135 saved | Failed: 0 | Vol: TEXINFRA:28,266, DPWIRES:5,307
INFO:root:⏰ Interval update (60s): 07:34:51 UTC
INFO:root:📤 Queued 45343 ticks from 2330 instruments | Processing queue: 1
INFO:root:📊 STATUS: 11,847,857 received | 11,837,644 processed | 10213 buffered | 1815 active | ProcQ: 0 | DBQ: 0 | 1,227,135 saved | Failed: 0 | Vol: TEXINFRA:30,054, DPWIRES:5,322
INFO:root:📊 STATUS: 11,873,006 received | 11,837,644 processed | 35362 buffered | 2236 active | ProcQ: 0 | DBQ: 0 | 1,227,135 saved | Failed: 0 | Vol: TEXINFRA:30,054, DPWIRES:5,322
ERROR:cache_service:Error setting OHLC batch: Object of type datetime is not JSON serializable
INFO:root:💾 Saved 500 records in 43.93s (11 rec/s) | 21 15min, 240 hourly, 239 daily | Queue: 0
ERROR:cache_service:Error setting OHLC batch: Object of type datetime is not JSON serializable
INFO:root:💾 Saved 500 records in 8.39s (60 rec/s) | 13 15min, 243 hourly, 244 daily | Queue: 0
ERROR:cache_service:Error setting OHLC batch: Object of type datetime is not JSON serializable
INFO:root:💾 Saved 500 records in 5.11s (98 rec/s) | 17 15min, 242 hourly, 241 daily | Queue: 0
INFO:root:⏰ Interval update (60s): 07:35:51 UTC
INFO:root:📤 Queued 49000 ticks from 2364 instruments | Processing queue: 1
INFO:root:📊 STATUS: 11,897,345 received | 11,886,644 processed | 10701 buffered | 1821 active | ProcQ: 0 | DBQ: 1 | 1,228,635 saved | Failed: 0 | Vol: TEXINFRA:30,729, DPWIRES:5,322
INFO:root:📊 STATUS: 11,920,673 received | 11,886,644 processed | 34029 buffered | 2206 active | ProcQ: 0 | DBQ: 1 | 1,228,635 saved | Failed: 0 | Vol: TEXINFRA:30,729, DPWIRES:5,322
ERROR:cache_service:Error setting OHLC batch: Object of type datetime is not JSON serializable
INFO:root:💾 Saved 500 records in 48.25s (10 rec/s) | 14 15min, 243 hourly, 243 daily | Queue: 1
INFO:root:⏰ Interval update (60s): 07:36:51 UTC
INFO:root:📤 Queued 46639 ticks from 2312 instruments | Processing queue: 1
INFO:root:📊 STATUS: 11,943,940 received | 11,933,283 processed | 10657 buffered | 1857 active | ProcQ: 0 | DBQ: 2 | 1,229,135 saved | Failed: 0 | Vol: TEXINFRA:30,741, DPWIRES:5,322
ERROR:cache_service:Error setting OHLC batch: Object of type datetime is not JSON serializable
INFO:root:💾 Saved 500 records in 43.14s (12 rec/s) | 15 15min, 242 hourly, 243 daily | Queue: 2
ERROR:cache_service:Error setting OHLC batch: Object of type datetime is not JSON serializable
INFO:root:💾 Saved 500 records in 13.04s (38 rec/s) | 17 15min, 242 hourly, 241 daily | Queue: 2
INFO:root:📊 STATUS: 11,966,840 received | 11,933,283 processed | 33557 buffered | 2240 active | ProcQ: 0 | DBQ: 2 | 1,230,135 saved | Failed: 0 | Vol: TEXINFRA:30,741, DPWIRES:5,322
ERROR:cache_service:Error setting OHLC batch: Object of type datetime is not JSON serializable
INFO:root:💾 Saved 500 records in 8.17s (61 rec/s) | 9 15min, 245 hourly, 246 daily | Queue: 2
ERROR:cache_service:Error setting OHLC batch: Object of type datetime is not JSON serializable
INFO:root:💾 Saved 500 records in 5.86s (85 rec/s) | 12 15min, 244 hourly, 244 daily | Queue: 2
INFO:root:⏰ Interval update (60s): 07:37:51 UTC
INFO:root:📤 Queued 46651 ticks from 2325 instruments | Processing queue: 1
ERROR:cache_service:Error setting OHLC batch: Object of type datetime is not JSON serializable
INFO:root:💾 Saved 500 records in 5.19s (96 rec/s) | 10 15min, 245 hourly, 245 daily | Queue: 3
ERROR:cache_service:Error setting OHLC batch: Object of type datetime is not JSON serializable
INFO:root:💾 Saved 292 records in 3.30s (89 rec/s) | 4 15min, 144 hourly, 144 daily | Queue: 3
INFO:root:📊 STATUS: 11,990,030 received | 11,979,934 processed | 10096 buffered | 1866 active | ProcQ: 0 | DBQ: 2 | 1,231,927 saved | Failed: 0 | Vol: TEXINFRA:30,741, DPWIRES:5,322
INFO:root:📊 STATUS: 12,014,617 received | 11,979,934 processed | 34683 buffered | 2239 active | ProcQ: 0 | DBQ: 2 | 1,231,927 saved | Failed: 0 | Vol: TEXINFRA:30,741, DPWIRES:5,322
ERROR:cache_service:Error setting OHLC batch: Object of type datetime is not JSON serializable
INFO:root:💾 Saved 500 records in 50.47s (10 rec/s) | 21 15min, 240 hourly, 239 daily | Queue: 2
INFO:root:⏰ Interval update (60s): 07:38:51 UTC
INFO:root:📤 Queued 48313 ticks from 2331 instruments | Processing queue: 1
INFO:root:📊 STATUS: 12,039,086 received | 12,028,247 processed | 10839 buffered | 1767 active | ProcQ: 0 | DBQ: 3 | 1,232,427 saved | Failed: 0 | Vol: TEXINFRA:30,741, DPWIRES:5,332
ERROR:cache_service:Error setting OHLC batch: Object of type datetime is not JSON serializable
INFO:root:💾 Saved 500 records in 24.46s (20 rec/s) | 13 15min, 243 hourly, 244 daily | Queue: 3
ERROR:cache_service:Error setting OHLC batch: Object of type datetime is not JSON serializable
INFO:root:💾 Saved 500 records in 11.15s (45 rec/s) | 17 15min, 242 hourly, 241 daily | Queue: 3
ERROR:cache_service:Error setting OHLC batch: Object of type datetime is not JSON serializable
INFO:root:💾 Saved 500 records in 5.26s (95 rec/s) | 15 15min, 242 hourly, 243 daily | Queue: 3
ERROR:cache_service:Error setting OHLC batch: Object of type datetime is not JSON serializable
INFO:root:💾 Saved 500 records in 4.07s (123 rec/s) | 15 15min, 243 hourly, 242 daily | Queue: 3
ERROR:cache_service:Error setting OHLC batch: Object of type datetime is not JSON serializable
INFO:root:💾 Saved 500 records in 4.04s (124 rec/s) | 13 15min, 243 hourly, 244 daily | Queue: 3
INFO:root:📊 STATUS: 12,062,455 received | 12,028,247 processed | 34208 buffered | 2167 active | ProcQ: 0 | DBQ: 3 | 1,234,927 saved | Failed: 0 | Vol: TEXINFRA:30,741, DPWIRES:5,332
ERROR:cache_service:Error setting OHLC batch: Object of type datetime is not JSON serializable
INFO:root:💾 Saved 500 records in 4.61s (108 rec/s) | 10 15min, 245 hourly, 245 daily | Queue: 3
ERROR:cache_service:Error setting OHLC batch: Object of type datetime is not JSON serializable
INFO:root:💾 Saved 500 records in 4.52s (111 rec/s) | 11 15min, 245 hourly, 244 daily | Queue: 3
ERROR:cache_service:Error setting OHLC batch: Object of type datetime is not JSON serializable
INFO:root:💾 Saved 500 records in 4.01s (125 rec/s) | 9 15min, 245 hourly, 246 daily | Queue: 3
ERROR:cache_service:Error setting OHLC batch: Object of type datetime is not JSON serializable
INFO:root:💾 Saved 360 records in 2.73s (132 rec/s) | 8 15min, 176 hourly, 176 daily | Queue: 3
INFO:root:⏰ Interval update (60s): 07:39:51 UTC
INFO:root:📤 Queued 46552 ticks from 2270 instruments | Processing queue: 1
ERROR:cache_service:Error setting OHLC batch: Object of type datetime is not JSON serializable
INFO:root:💾 Saved 500 records in 3.97s (126 rec/s) | 21 15min, 240 hourly, 239 daily | Queue: 3
ERROR:cache_service:Error setting OHLC batch: Object of type datetime is not JSON serializable
INFO:root:💾 Saved 500 records in 4.10s (122 rec/s) | 13 15min, 243 hourly, 244 daily | Queue: 3
ERROR:cache_service:Error setting OHLC batch: Object of type datetime is not JSON serializable
INFO:root:💾 Saved 500 records in 5.39s (93 rec/s) | 17 15min, 242 hourly, 241 daily | Queue: 3
INFO:root:📊 STATUS: 12,084,167 received | 12,074,799 processed | 9368 buffered | 1756 active | ProcQ: 0 | DBQ: 3 | 1,238,287 saved | Failed: 0 | Vol: TEXINFRA:30,741, DPWIRES:5,332
ERROR:cache_service:Error setting OHLC batch: Object of type datetime is not JSON serializable
INFO:root:💾 Saved 500 records in 8.84s (57 rec/s) | 14 15min, 243 hourly, 243 daily | Queue: 3
ERROR:cache_service:Error setting OHLC batch: Object of type datetime is not JSON serializable
INFO:root:💾 Saved 500 records in 18.20s (27 rec/s) | 15 15min, 242 hourly, 243 daily | Queue: 3
INFO:root:📊 STATUS: 12,108,856 received | 12,074,799 processed | 34057 buffered | 2181 active | ProcQ: 0 | DBQ: 3 | 1,239,287 saved | Failed: 0 | Vol: TEXINFRA:30,741, DPWIRES:5,332
ERROR:cache_service:Error setting OHLC batch: Object of type datetime is not JSON serializable
INFO:root:💾 Saved 500 records in 10.99s (45 rec/s) | 17 15min, 242 hourly, 241 daily | Queue: 3
INFO:root:⏰ Interval update (60s): 07:40:52 UTC
INFO:root:📤 Queued 46381 ticks from 2257 instruments | Processing queue: 1
INFO:root:📊 STATUS: 12,132,083 received | 12,121,180 processed | 10903 buffered | 1815 active | ProcQ: 0 | DBQ: 4 | 1,239,787 saved | Failed: 0 | Vol: TEXINFRA:30,741, DPWIRES:5,332
ERROR:cache_service:Error setting OHLC batch: Object of type datetime is not JSON serializable
INFO:root:💾 Saved 500 records in 52.69s (9 rec/s) | 9 15min, 245 hourly, 246 daily | Queue: 4
INFO:root:📊 STATUS: 12,156,714 received | 12,121,180 processed | 35534 buffered | 2189 active | ProcQ: 0 | DBQ: 4 | 1,240,287 saved | Failed: 0 | Vol: TEXINFRA:30,741, DPWIRES:5,332
ERROR:cache_service:Error setting OHLC batch: Object of type datetime is not JSON serializable
INFO:root:💾 Saved 500 records in 5.66s (88 rec/s) | 12 15min, 244 hourly, 244 daily | Queue: 4
ERROR:cache_service:Error setting OHLC batch: Object of type datetime is not JSON serializable
INFO:root:💾 Saved 500 records in 4.89s (102 rec/s) | 10 15min, 245 hourly, 245 daily | Queue: 4
ERROR:cache_service:Error setting OHLC batch: Object of type datetime is not JSON serializable
INFO:root:💾 Saved 256 records in 2.44s (105 rec/s) | 4 15min, 126 hourly, 126 daily | Queue: 4
INFO:root:⏰ Interval update (60s): 07:41:52 UTC
INFO:root:📤 Queued 49150 ticks from 2293 instruments | Processing queue: 1
ERROR:cache_service:Error setting OHLC batch: Object of type datetime is not JSON serializable
INFO:root:💾 Saved 500 records in 4.25s (118 rec/s) | 21 15min, 240 hourly, 239 daily | Queue: 3
ERROR:cache_service:Error setting OHLC batch: Object of type datetime is not JSON serializable
INFO:root:💾 Saved 500 records in 4.27s (117 rec/s) | 13 15min, 243 hourly, 244 daily | Queue: 4
ERROR:cache_service:Error setting OHLC batch: Object of type datetime is not JSON serializable
INFO:root:💾 Saved 500 records in 5.35s (93 rec/s) | 17 15min, 242 hourly, 241 daily | Queue: 4
ERROR:cache_service:Error setting OHLC batch: Object of type datetime is not JSON serializable
INFO:root:💾 Saved 500 records in 3.69s (135 rec/s) | 15 15min, 242 hourly, 243 daily | Queue: 4
INFO:root:📊 STATUS: 12,180,940 received | 12,170,330 processed | 10610 buffered | 1774 active | ProcQ: 0 | DBQ: 4 | 1,243,543 saved | Failed: 0 | Vol: TEXINFRA:30,741, DPWIRES:5,332
ERROR:cache_service:Error setting OHLC batch: Object of type datetime is not JSON serializable
INFO:root:💾 Saved 500 records in 3.34s (150 rec/s) | 15 15min, 243 hourly, 242 daily | Queue: 4
ERROR:cache_service:Error setting OHLC batch: Object of type datetime is not JSON serializable
INFO:root:💾 Saved 500 records in 2.90s (173 rec/s) | 17 15min, 241 hourly, 242 daily | Queue: 4
ERROR:cache_service:Error setting OHLC batch: Object of type datetime is not JSON serializable
INFO:root:💾 Saved 500 records in 2.93s (171 rec/s) | 9 15min, 246 hourly, 245 daily | Queue: 4
ERROR:cache_service:Error setting OHLC batch: Object of type datetime is not JSON serializable
INFO:root:💾 Saved 500 records in 1.63s (306 rec/s) | 11 15min, 244 hourly, 245 daily | Queue: 4
ERROR:cache_service:Error setting OHLC batch: Object of type datetime is not JSON serializable
INFO:root:💾 Saved 500 records in 1.96s (255 rec/s) | 10 15min, 245 hourly, 245 daily | Queue: 4
ERROR:cache_service:Error setting OHLC batch: Object of type datetime is not JSON serializable
INFO:root:💾 Saved 282 records in 0.79s (357 rec/s) | 4 15min, 139 hourly, 139 daily | Queue: 4
ERROR:cache_service:Error setting OHLC batch: Object of type datetime is not JSON serializable
INFO:root:💾 Saved 500 records in 2.03s (246 rec/s) | 21 15min, 240 hourly, 239 daily | Queue: 3
ERROR:cache_service:Error setting OHLC batch: Object of type datetime is not JSON serializable
INFO:root:💾 Saved 500 records in 1.71s (293 rec/s) | 13 15min, 243 hourly, 244 daily | Queue: 3
ERROR:cache_service:Error setting OHLC batch: Object of type datetime is not JSON serializable
INFO:root:💾 Saved 500 records in 1.92s (261 rec/s) | 17 15min, 242 hourly, 241 daily | Queue: 3
ERROR:cache_service:Error setting OHLC batch: Object of type datetime is not JSON serializable
INFO:root:💾 Saved 500 records in 1.68s (298 rec/s) | 14 15min, 243 hourly, 243 daily | Queue: 3
ERROR:cache_service:Error setting OHLC batch: Object of type datetime is not JSON serializable
INFO:root:💾 Saved 500 records in 2.67s (187 rec/s) | 15 15min, 242 hourly, 243 daily | Queue: 3
ERROR:cache_service:Error setting OHLC batch: Object of type datetime is not JSON serializable
INFO:root:💾 Saved 500 records in 1.82s (275 rec/s) | 17 15min, 242 hourly, 241 daily | Queue: 3
ERROR:cache_service:Error setting OHLC batch: Object of type datetime is not JSON serializable
INFO:root:💾 Saved 500 records in 2.36s (212 rec/s) | 6 15min, 247 hourly, 247 daily | Queue: 3
INFO:root:📊 STATUS: 12,202,786 received | 12,170,330 processed | 32456 buffered | 2168 active | ProcQ: 0 | DBQ: 3 | 1,249,825 saved | Failed: 0 | Vol: TEXINFRA:30,741, DPWIRES:5,332
ERROR:cache_service:Error setting OHLC batch: Object of type datetime is not JSON serializable
INFO:root:💾 Saved 500 records in 2.82s (177 rec/s) | 13 15min, 243 hourly, 244 daily | Queue: 3
ERROR:cache_service:Error setting OHLC batch: Object of type datetime is not JSON serializable
INFO:root:💾 Saved 500 records in 1.85s (270 rec/s) | 12 15min, 244 hourly, 244 daily | Queue: 3
ERROR:cache_service:Error setting OHLC batch: Object of type datetime is not JSON serializable
INFO:root:💾 Saved 294 records in 0.99s (297 rec/s) | 4 15min, 145 hourly, 145 daily | Queue: 3
ERROR:cache_service:Error setting OHLC batch: Object of type datetime is not JSON serializable
INFO:root:💾 Saved 500 records in 2.47s (202 rec/s) | 21 15min, 240 hourly, 239 daily | Queue: 2
ERROR:cache_service:Error setting OHLC batch: Object of type datetime is not JSON serializable
INFO:root:💾 Saved 500 records in 2.18s (230 rec/s) | 17 15min, 241 hourly, 242 daily | Queue: 2
ERROR:cache_service:Error setting OHLC batch: Object of type datetime is not JSON serializable
INFO:root:💾 Saved 500 records in 2.02s (248 rec/s) | 13 15min, 244 hourly, 243 daily | Queue: 2
ERROR:cache_service:Error setting OHLC batch: Object of type datetime is not JSON serializable
INFO:root:💾 Saved 500 records in 1.43s (349 rec/s) | 14 15min, 243 hourly, 243 daily | Queue: 2
ERROR:cache_service:Error setting OHLC batch: Object of type datetime is not JSON serializable
INFO:root:💾 Saved 500 records in 2.08s (240 rec/s) | 19 15min, 240 hourly, 241 daily | Queue: 2
ERROR:cache_service:Error setting OHLC batch: Object of type datetime is not JSON serializable
INFO:root:💾 Saved 500 records in 2.28s (220 rec/s) | 13 15min, 244 hourly, 243 daily | Queue: 2
INFO:root:⏰ Interval update (60s): 07:42:52 UTC
INFO:root:📤 Queued 44438 ticks from 2256 instruments | Processing queue: 1
ERROR:cache_service:Error setting OHLC batch: Object of type datetime is not JSON serializable
INFO:root:💾 Saved 500 records in 2.31s (217 rec/s) | 10 15min, 245 hourly, 245 daily | Queue: 3
ERROR:cache_service:Error setting OHLC batch: Object of type datetime is not JSON serializable
INFO:root:💾 Saved 500 records in 1.43s (349 rec/s) | 11 15min, 244 hourly, 245 daily | Queue: 3
ERROR:cache_service:Error setting OHLC batch: Object of type datetime is not JSON serializable
INFO:root:💾 Saved 500 records in 1.10s (455 rec/s) | 10 15min, 245 hourly, 245 daily | Queue: 3
ERROR:cache_service:Error setting OHLC batch: Object of type datetime is not JSON serializable
INFO:root:💾 Saved 172 records in 0.58s (295 rec/s) | 4 15min, 84 hourly, 84 daily | Queue: 3
ERROR:cache_service:Error setting OHLC batch: Object of type datetime is not JSON serializable
INFO:root:💾 Saved 500 records in 1.25s (401 rec/s) | 21 15min, 240 hourly, 239 daily | Queue: 2
ERROR:cache_service:Error setting OHLC batch: Object of type datetime is not JSON serializable
INFO:root:💾 Saved 500 records in 1.03s (487 rec/s) | 13 15min, 243 hourly, 244 daily | Queue: 2
ERROR:cache_service:Error setting OHLC batch: Object of type datetime is not JSON serializable
INFO:root:💾 Saved 500 records in 1.19s (421 rec/s) | 17 15min, 242 hourly, 241 daily | Queue: 2
ERROR:cache_service:Error setting OHLC batch: Object of type datetime is not JSON serializable
INFO:root:💾 Saved 500 records in 0.91s (552 rec/s) | 14 15min, 243 hourly, 243 daily | Queue: 2
ERROR:cache_service:Error setting OHLC batch: Object of type datetime is not JSON serializable
INFO:root:💾 Saved 500 records in 1.07s (468 rec/s) | 19 15min, 240 hourly, 241 daily | Queue: 2
ERROR:cache_service:Error setting OHLC batch: Object of type datetime is not JSON serializable
INFO:root:💾 Saved 500 records in 1.37s (366 rec/s) | 13 15min, 244 hourly, 243 daily | Queue: 2
ERROR:cache_service:Error setting OHLC batch: Object of type datetime is not JSON serializable
INFO:root:💾 Saved 500 records in 1.52s (329 rec/s) | 10 15min, 245 hourly, 245 daily | Queue: 2
INFO:root:📊 STATUS: 12,225,370 received | 12,214,768 processed | 10602 buffered | 1810 active | ProcQ: 0 | DBQ: 2 | 1,259,291 saved | Failed: 0 | Vol: TEXINFRA:30,741, DPWIRES:5,332
ERROR:cache_service:Error setting OHLC batch: Object of type datetime is not JSON serializable
INFO:root:💾 Saved 500 records in 1.12s (445 rec/s) | 11 15min, 244 hourly, 245 daily | Queue: 2
ERROR:cache_service:Error setting OHLC batch: Object of type datetime is not JSON serializable
INFO:root:💾 Saved 500 records in 1.73s (288 rec/s) | 14 15min, 243 hourly, 243 daily | Queue: 2
ERROR:cache_service:Error setting OHLC batch: Object of type datetime is not JSON serializable
INFO:root:💾 Saved 146 records in 0.57s (255 rec/s) | 0 15min, 73 hourly, 73 daily | Queue: 2
ERROR:cache_service:Error setting OHLC batch: Object of type datetime is not JSON serializable
INFO:root:💾 Saved 500 records in 2.04s (246 rec/s) | 21 15min, 240 hourly, 239 daily | Queue: 1
ERROR:cache_service:Error setting OHLC batch: Object of type datetime is not JSON serializable
INFO:root:💾 Saved 500 records in 1.34s (373 rec/s) | 13 15min, 243 hourly, 244 daily | Queue: 1
ERROR:cache_service:Error setting OHLC batch: Object of type datetime is not JSON serializable
INFO:root:💾 Saved 500 records in 0.63s (791 rec/s) | 17 15min, 242 hourly, 241 daily | Queue: 1
ERROR:cache_service:Error setting OHLC batch: Object of type datetime is not JSON serializable
INFO:root:💾 Saved 500 records in 0.30s (1643 rec/s) | 14 15min, 243 hourly, 243 daily | Queue: 1
ERROR:cache_service:Error setting OHLC batch: Object of type datetime is not JSON serializable
INFO:root:💾 Saved 500 records in 0.33s (1498 rec/s) | 19 15min, 240 hourly, 241 daily | Queue: 1
ERROR:cache_service:Error setting OHLC batch: Object of type datetime is not JSON serializable
INFO:root:💾 Saved 500 records in 0.30s (1648 rec/s) | 13 15min, 244 hourly, 243 daily | Queue: 1
ERROR:cache_service:Error setting OHLC batch: Object of type datetime is not JSON serializable
INFO:root:💾 Saved 500 records in 0.32s (1541 rec/s) | 10 15min, 245 hourly, 245 daily | Queue: 1
ERROR:cache_service:Error setting OHLC batch: Object of type datetime is not JSON serializable
INFO:root:💾 Saved 500 records in 0.31s (1594 rec/s) | 11 15min, 244 hourly, 245 daily | Queue: 1
ERROR:cache_service:Error setting OHLC batch: Object of type datetime is not JSON serializable
INFO:root:💾 Saved 500 records in 0.33s (1528 rec/s) | 10 15min, 245 hourly, 245 daily | Queue: 1
ERROR:cache_service:Error setting OHLC batch: Object of type datetime is not JSON serializable
INFO:root:💾 Saved 218 records in 0.13s (1635 rec/s) | 4 15min, 107 hourly, 107 daily | Queue: 1
ERROR:cache_service:Error setting OHLC batch: Object of type datetime is not JSON serializable
INFO:root:💾 Saved 500 records in 0.23s (2188 rec/s) | 21 15min, 240 hourly, 239 daily | Queue: 0
ERROR:cache_service:Error setting OHLC batch: Object of type datetime is not JSON serializable
INFO:root:💾 Saved 500 records in 0.17s (2981 rec/s) | 14 15min, 243 hourly, 243 daily | Queue: 0
ERROR:cache_service:Error setting OHLC batch: Object of type datetime is not JSON serializable
INFO:root:💾 Saved 500 records in 0.21s (2430 rec/s) | 16 15min, 242 hourly, 242 daily | Queue: 0
ERROR:cache_service:Error setting OHLC batch: Object of type datetime is not JSON serializable
INFO:root:💾 Saved 500 records in 0.23s (2184 rec/s) | 15 15min, 242 hourly, 243 daily | Queue: 0
ERROR:cache_service:Error setting OHLC batch: Object of type datetime is not JSON serializable
INFO:root:💾 Saved 500 records in 0.19s (2572 rec/s) | 19 15min, 241 hourly, 240 daily | Queue: 0
ERROR:cache_service:Error setting OHLC batch: Object of type datetime is not JSON serializable
INFO:root:💾 Saved 500 records in 0.16s (3175 rec/s) | 13 15min, 243 hourly, 244 daily | Queue: 0
ERROR:cache_service:Error setting OHLC batch: Object of type datetime is not JSON serializable
INFO:root:💾 Saved 500 records in 0.16s (3158 rec/s) | 9 15min, 246 hourly, 245 daily | Queue: 0
ERROR:cache_service:Error setting OHLC batch: Object of type datetime is not JSON serializable
INFO:root:💾 Saved 500 records in 0.15s (3255 rec/s) | 11 15min, 244 hourly, 245 daily | Queue: 0
ERROR:cache_service:Error setting OHLC batch: Object of type datetime is not JSON serializable
INFO:root:💾 Saved 500 records in 0.15s (3255 rec/s) | 14 15min, 243 hourly, 243 daily | Queue: 0
ERROR:cache_service:Error setting OHLC batch: Object of type datetime is not JSON serializable
INFO:root:💾 Saved 144 records in 0.06s (2441 rec/s) | 0 15min, 72 hourly, 72 daily | Queue: 0
INFO:root:📊 STATUS: 12,247,873 received | 12,214,768 processed | 33105 buffered | 2217 active | ProcQ: 0 | DBQ: 0 | 1,269,799 saved | Failed: 0 | Vol: TEXINFRA:30,741, DPWIRES:5,332
INFO:root:⏰ Interval update (60s): 07:43:52 UTC
INFO:root:📤 Queued 45239 ticks from 2308 instruments | Processing queue: 1
ERROR:cache_service:Error setting OHLC batch: Object of type datetime is not JSON serializable
INFO:root:💾 Saved 500 records in 0.22s (2240 rec/s) | 21 15min, 240 hourly, 239 daily | Queue: 0
ERROR:cache_service:Error setting OHLC batch: Object of type datetime is not JSON serializable
INFO:root:💾 Saved 500 records in 0.16s (3222 rec/s) | 13 15min, 243 hourly, 244 daily | Queue: 0
ERROR:cache_service:Error setting OHLC batch: Object of type datetime is not JSON serializable
INFO:root:💾 Saved 500 records in 0.16s (3108 rec/s) | 17 15min, 242 hourly, 241 daily | Queue: 0
ERROR:cache_service:Error setting OHLC batch: Object of type datetime is not JSON serializable
INFO:root:💾 Saved 500 records in 0.16s (3094 rec/s) | 14 15min, 243 hourly, 243 daily | Queue: 0
ERROR:cache_service:Error setting OHLC batch: Object of type datetime is not JSON serializable
INFO:root:💾 Saved 500 records in 0.15s (3227 rec/s) | 15 15min, 242 hourly, 243 daily | Queue: 0
ERROR:cache_service:Error setting OHLC batch: Object of type datetime is not JSON serializable
INFO:root:💾 Saved 500 records in 0.12s (4025 rec/s) | 17 15min, 242 hourly, 241 daily | Queue: 0
ERROR:cache_service:Error setting OHLC batch: Object of type datetime is not JSON serializable
INFO:root:💾 Saved 500 records in 0.15s (3251 rec/s) | 9 15min, 245 hourly, 246 daily | Queue: 0
ERROR:cache_service:Error setting OHLC batch: Object of type datetime is not JSON serializable
INFO:root:💾 Saved 500 records in 0.16s (3111 rec/s) | 12 15min, 244 hourly, 244 daily | Queue: 0
ERROR:cache_service:Error setting OHLC batch: Object of type datetime is not JSON serializable
INFO:root:💾 Saved 500 records in 0.19s (2621 rec/s) | 10 15min, 245 hourly, 245 daily | Queue: 0
ERROR:cache_service:Error setting OHLC batch: Object of type datetime is not JSON serializable
INFO:root:💾 Saved 248 records in 0.09s (2646 rec/s) | 4 15min, 122 hourly, 122 daily | Queue: 0
INFO:root:📊 STATUS: 12,270,666 received | 12,260,007 processed | 10659 buffered | 1839 active | ProcQ: 0 | DBQ: 0 | 1,274,547 saved | Failed: 0 | Vol: TEXINFRA:30,751, DPWIRES:5,332
INFO:root:📊 STATUS: 12,295,050 received | 12,260,007 processed | 35043 buffered | 2268 active | ProcQ: 0 | DBQ: 0 | 1,274,547 saved | Failed: 0 | Vol: TEXINFRA:30,751, DPWIRES:5,332
INFO:root:⏰ Interval update (60s): 07:44:52 UTC
INFO:root:📤 Queued 48511 ticks from 2345 instruments | Processing queue: 1
ERROR:cache_service:Error setting OHLC batch: Object of type datetime is not JSON serializable
INFO:root:💾 Saved 500 records in 0.14s (3681 rec/s) | 21 15min, 240 hourly, 239 daily | Queue: 0
ERROR:cache_service:Error setting OHLC batch: Object of type datetime is not JSON serializable
INFO:root:💾 Saved 500 records in 0.13s (3914 rec/s) | 13 15min, 243 hourly, 244 daily | Queue: 0
ERROR:cache_service:Error setting OHLC batch: Object of type datetime is not JSON serializable
INFO:root:💾 Saved 500 records in 0.15s (3308 rec/s) | 17 15min, 242 hourly, 241 daily | Queue: 0
ERROR:cache_service:Error setting OHLC batch: Object of type datetime is not JSON serializable
INFO:root:💾 Saved 500 records in 0.14s (3554 rec/s) | 14 15min, 243 hourly, 243 daily | Queue: 0
ERROR:cache_service:Error setting OHLC batch: Object of type datetime is not JSON serializable
INFO:root:💾 Saved 500 records in 0.12s (4041 rec/s) | 15 15min, 242 hourly, 243 daily | Queue: 0
ERROR:cache_service:Error setting OHLC batch: Object of type datetime is not JSON serializable
INFO:root:💾 Saved 500 records in 0.12s (4331 rec/s) | 17 15min, 242 hourly, 241 daily | Queue: 0
ERROR:cache_service:Error setting OHLC batch: Object of type datetime is not JSON serializable
INFO:root:💾 Saved 500 records in 0.14s (3564 rec/s) | 6 15min, 247 hourly, 247 daily | Queue: 0
ERROR:cache_service:Error setting OHLC batch: Object of type datetime is not JSON serializable
INFO:root:💾 Saved 500 records in 0.13s (3972 rec/s) | 12 15min, 244 hourly, 244 daily | Queue: 0
ERROR:cache_service:Error setting OHLC batch: Object of type datetime is not JSON serializable
INFO:root:💾 Saved 500 records in 0.16s (3110 rec/s) | 9 15min, 245 hourly, 246 daily | Queue: 0
ERROR:cache_service:Error setting OHLC batch: Object of type datetime is not JSON serializable
INFO:root:💾 Saved 322 records in 0.08s (4075 rec/s) | 8 15min, 157 hourly, 157 daily | Queue: 0
INFO:root:📊 STATUS: 12,318,745 received | 12,308,518 processed | 10227 buffered | 1777 active | ProcQ: 0 | DBQ: 0 | 1,279,369 saved | Failed: 0 | Vol: TEXINFRA:30,751, DPWIRES:5,332
INFO:root:📊 STATUS: 12,342,901 received | 12,308,518 processed | 34383 buffered | 2206 active | ProcQ: 0 | DBQ: 0 | 1,279,369 saved | Failed: 0 | Vol: TEXINFRA:30,751, DPWIRES:5,332
INFO:root:⏰ Interval update (60s): 07:45:52 UTC
INFO:root:📤 Queued 46129 ticks from 2285 instruments | Processing queue: 1
ERROR:cache_service:Error setting OHLC batch: Object of type datetime is not JSON serializable
INFO:root:💾 Saved 500 records in 2.84s (176 rec/s) | 21 15min, 240 hourly, 239 daily | Queue: 0
ERROR:cache_service:Error setting OHLC batch: Object of type datetime is not JSON serializable
INFO:root:💾 Saved 500 records in 1.68s (298 rec/s) | 13 15min, 243 hourly, 244 daily | Queue: 0
ERROR:cache_service:Error setting OHLC batch: Object of type datetime is not JSON serializable
INFO:root:💾 Saved 500 records in 1.38s (363 rec/s) | 17 15min, 242 hourly, 241 daily | Queue: 0
ERROR:cache_service:Error setting OHLC batch: Object of type datetime is not JSON serializable
INFO:root:💾 Saved 500 records in 1.40s (357 rec/s) | 14 15min, 243 hourly, 243 daily | Queue: 0
ERROR:cache_service:Error setting OHLC batch: Object of type datetime is not JSON serializable
INFO:root:💾 Saved 500 records in 1.05s (476 rec/s) | 19 15min, 240 hourly, 241 daily | Queue: 0
ERROR:cache_service:Error setting OHLC batch: Object of type datetime is not JSON serializable
INFO:root:💾 Saved 500 records in 0.83s (606 rec/s) | 13 15min, 244 hourly, 243 daily | Queue: 0
ERROR:cache_service:Error setting OHLC batch: Object of type datetime is not JSON serializable
INFO:root:💾 Saved 500 records in 0.89s (563 rec/s) | 10 15min, 245 hourly, 245 daily | Queue: 0
ERROR:cache_service:Error setting OHLC batch: Object of type datetime is not JSON serializable
INFO:root:💾 Saved 500 records in 0.71s (704 rec/s) | 11 15min, 244 hourly, 245 daily | Queue: 0
ERROR:cache_service:Error setting OHLC batch: Object of type datetime is not JSON serializable
INFO:root:💾 Saved 500 records in 0.56s (887 rec/s) | 10 15min, 245 hourly, 245 daily | Queue: 0
ERROR:cache_service:Error setting OHLC batch: Object of type datetime is not JSON serializable
INFO:root:💾 Saved 202 records in 0.24s (837 rec/s) | 4 15min, 99 hourly, 99 daily | Queue: 0
INFO:root:📊 STATUS: 12,365,853 received | 12,354,647 processed | 11206 buffered | 1872 active | ProcQ: 0 | DBQ: 0 | 1,284,071 saved | Failed: 0 | Vol: TEXINFRA:30,751, DPWIRES:5,332
INFO:root:📊 STATUS: 12,388,964 received | 12,354,647 processed | 34317 buffered | 2208 active | ProcQ: 0 | DBQ: 0 | 1,284,071 saved | Failed: 0 | Vol: TEXINFRA:30,751, DPWIRES:5,332
INFO:root:⏰ Interval update (60s): 07:46:53 UTC
INFO:root:📤 Queued 45992 ticks from 2288 instruments | Processing queue: 1
ERROR:cache_service:Error setting OHLC batch: Object of type datetime is not JSON serializable
INFO:root:💾 Saved 500 records in 1.37s (364 rec/s) | 21 15min, 240 hourly, 239 daily | Queue: 0
ERROR:cache_service:Error setting OHLC batch: Object of type datetime is not JSON serializable
INFO:root:💾 Saved 500 records in 0.84s (595 rec/s) | 13 15min, 243 hourly, 244 daily | Queue: 0
ERROR:cache_service:Error setting OHLC batch: Object of type datetime is not JSON serializable
INFO:root:💾 Saved 500 records in 0.50s (998 rec/s) | 17 15min, 242 hourly, 241 daily | Queue: 0
ERROR:cache_service:Error setting OHLC batch: Object of type datetime is not JSON serializable
INFO:root:💾 Saved 500 records in 0.42s (1185 rec/s) | 15 15min, 242 hourly, 243 daily | Queue: 0
ERROR:cache_service:Error setting OHLC batch: Object of type datetime is not JSON serializable
INFO:root:💾 Saved 500 records in 0.56s (885 rec/s) | 19 15min, 241 hourly, 240 daily | Queue: 0
ERROR:cache_service:Error setting OHLC batch: Object of type datetime is not JSON serializable
INFO:root:💾 Saved 500 records in 0.52s (953 rec/s) | 13 15min, 243 hourly, 244 daily | Queue: 0
ERROR:cache_service:Error setting OHLC batch: Object of type datetime is not JSON serializable
INFO:root:💾 Saved 500 records in 0.57s (882 rec/s) | 9 15min, 246 hourly, 245 daily | Queue: 0
ERROR:cache_service:Error setting OHLC batch: Object of type datetime is not JSON serializable
INFO:root:💾 Saved 500 records in 0.38s (1316 rec/s) | 11 15min, 244 hourly, 245 daily | Queue: 0
ERROR:cache_service:Error setting OHLC batch: Object of type datetime is not JSON serializable
INFO:root:💾 Saved 500 records in 0.37s (1338 rec/s) | 10 15min, 245 hourly, 245 daily | Queue: 0
ERROR:cache_service:Error setting OHLC batch: Object of type datetime is not JSON serializable
INFO:root:💾 Saved 208 records in 0.17s (1246 rec/s) | 4 15min, 102 hourly, 102 daily | Queue: 0
INFO:root:📊 STATUS: 12,412,012 received | 12,400,639 processed | 11373 buffered | 1787 active | ProcQ: 0 | DBQ: 0 | 1,288,779 saved | Failed: 0 | Vol: TEXINFRA:30,758, DPWIRES:5,382
INFO:root:📊 STATUS: 12,436,587 received | 12,400,639 processed | 35948 buffered | 2155 active | ProcQ: 0 | DBQ: 0 | 1,288,779 saved | Failed: 0 | Vol: TEXINFRA:30,758, DPWIRES:5,382
INFO:root:⏰ Interval update (60s): 07:47:53 UTC
INFO:root:📤 Queued 49374 ticks from 2228 instruments | Processing queue: 1
ERROR:cache_service:Error setting OHLC batch: Object of type datetime is not JSON serializable
INFO:root:💾 Saved 500 records in 1.61s (310 rec/s) | 21 15min, 240 hourly, 239 daily | Queue: 0
ERROR:cache_service:Error setting OHLC batch: Object of type datetime is not JSON serializable
INFO:root:💾 Saved 500 records in 7.13s (70 rec/s) | 18 15min, 241 hourly, 241 daily | Queue: 0
INFO:root:📊 STATUS: 12,461,152 received | 12,450,013 processed | 11139 buffered | 1948 active | ProcQ: 0 | DBQ: 0 | 1,289,779 saved | Failed: 0 | Vol: TEXINFRA:30,758, DPWIRES:5,482
ERROR:cache_service:Error setting OHLC batch: Object of type datetime is not JSON serializable
INFO:root:💾 Saved 500 records in 6.22s (80 rec/s) | 12 15min, 244 hourly, 244 daily | Queue: 0
ERROR:cache_service:Error setting OHLC batch: Object of type datetime is not JSON serializable
INFO:root:💾 Saved 500 records in 4.89s (102 rec/s) | 15 15min, 242 hourly, 243 daily | Queue: 0
ERROR:cache_service:Error setting OHLC batch: Object of type datetime is not JSON serializable
INFO:root:💾 Saved 500 records in 9.16s (55 rec/s) | 19 15min, 241 hourly, 240 daily | Queue: 0
ERROR:cache_service:Error setting OHLC batch: Object of type datetime is not JSON serializable
INFO:root:💾 Saved 500 records in 2.49s (201 rec/s) | 16 15min, 242 hourly, 242 daily | Queue: 0
ERROR:cache_service:Error setting OHLC batch: Object of type datetime is not JSON serializable
INFO:root:💾 Saved 500 records in 2.14s (233 rec/s) | 9 15min, 245 hourly, 246 daily | Queue: 0
ERROR:cache_service:Error setting OHLC batch: Object of type datetime is not JSON serializable
INFO:root:💾 Saved 500 records in 1.88s (266 rec/s) | 8 15min, 246 hourly, 246 daily | Queue: 0
ERROR:cache_service:Error setting OHLC batch: Object of type datetime is not JSON serializable
INFO:root:💾 Saved 500 records in 2.03s (246 rec/s) | 14 15min, 243 hourly, 243 daily | Queue: 0
ERROR:cache_service:Error setting OHLC batch: Object of type datetime is not JSON serializable
INFO:root:💾 Saved 88 records in 0.40s (221 rec/s) | 0 15min, 44 hourly, 44 daily | Queue: 0
INFO:root:📊 STATUS: 12,484,164 received | 12,450,013 processed | 34151 buffered | 2237 active | ProcQ: 0 | DBQ: 0 | 1,293,367 saved | Failed: 0 | Vol: TEXINFRA:30,758, DPWIRES:5,482
INFO:root:⏰ Interval update (60s): 07:48:53 UTC
INFO:root:📤 Queued 46394 ticks from 2322 instruments | Processing queue: 1
ERROR:cache_service:Error setting OHLC batch: Object of type datetime is not JSON serializable
INFO:root:💾 Saved 500 records in 2.95s (169 rec/s) | 21 15min, 240 hourly, 239 daily | Queue: 0
ERROR:cache_service:Error setting OHLC batch: Object of type datetime is not JSON serializable
INFO:root:💾 Saved 500 records in 2.32s (216 rec/s) | 13 15min, 243 hourly, 244 daily | Queue: 0
ERROR:cache_service:Error setting OHLC batch: Object of type datetime is not JSON serializable
INFO:root:💾 Saved 500 records in 2.52s (199 rec/s) | 17 15min, 242 hourly, 241 daily | Queue: 0
ERROR:cache_service:Error setting OHLC batch: Object of type datetime is not JSON serializable
INFO:root:💾 Saved 500 records in 1.93s (259 rec/s) | 14 15min, 243 hourly, 243 daily | Queue: 0
ERROR:cache_service:Error setting OHLC batch: Object of type datetime is not JSON serializable
INFO:root:💾 Saved 500 records in 2.43s (206 rec/s) | 19 15min, 240 hourly, 241 daily | Queue: 0
INFO:root:📊 STATUS: 12,507,812 received | 12,496,407 processed | 11405 buffered | 1859 active | ProcQ: 0 | DBQ: 0 | 1,295,867 saved | Failed: 0 | Vol: TEXINFRA:30,758, DPWIRES:5,482
ERROR:cache_service:Error setting OHLC batch: Object of type datetime is not JSON serializable
INFO:root:💾 Saved 500 records in 2.51s (199 rec/s) | 13 15min, 244 hourly, 243 daily | Queue: 0
ERROR:cache_service:Error setting OHLC batch: Object of type datetime is not JSON serializable
INFO:root:💾 Saved 500 records in 2.76s (181 rec/s) | 9 15min, 245 hourly, 246 daily | Queue: 0
ERROR:cache_service:Error setting OHLC batch: Object of type datetime is not JSON serializable
INFO:root:💾 Saved 500 records in 4.00s (125 rec/s) | 12 15min, 244 hourly, 244 daily | Queue: 0
ERROR:cache_service:Error setting OHLC batch: Object of type datetime is not JSON serializable
INFO:root:💾 Saved 500 records in 2.53s (197 rec/s) | 10 15min, 245 hourly, 245 daily | Queue: 0
ERROR:cache_service:Error setting OHLC batch: Object of type datetime is not JSON serializable
INFO:root:💾 Saved 276 records in 2.48s (112 rec/s) | 4 15min, 136 hourly, 136 daily | Queue: 0
INFO:root:📊 STATUS: 12,531,043 received | 12,496,407 processed | 34636 buffered | 2172 active | ProcQ: 0 | DBQ: 0 | 1,298,143 saved | Failed: 0 | Vol: TEXINFRA:30,758, DPWIRES:5,482
INFO:root:⏰ Interval update (60s): 07:49:53 UTC
INFO:root:📤 Queued 46495 ticks from 2241 instruments | Processing queue: 1
INFO:root:📊 STATUS: 12,552,907 received | 12,542,902 processed | 10005 buffered | 1786 active | ProcQ: 0 | DBQ: 0 | 1,298,143 saved | Failed: 0 | Vol: TEXINFRA:30,758, DPWIRES:5,482
INFO:root:📊 STATUS: 12,578,606 received | 12,542,902 processed | 35704 buffered | 2229 active | ProcQ: 0 | DBQ: 0 | 1,298,143 saved | Failed: 0 | Vol: TEXINFRA:30,758, DPWIRES:5,482
INFO:root:⏰ Interval update (60s): 07:50:53 UTC
INFO:root:📤 Queued 47887 ticks from 2290 instruments | Processing queue: 1
INFO:root:📊 STATUS: 12,601,762 received | 12,590,789 processed | 10973 buffered | 1855 active | ProcQ: 0 | DBQ: 1 | 1,298,143 saved | Failed: 0 | Vol: TEXINFRA:30,758, DPWIRES:5,482
ERROR:cache_service:Error setting OHLC batch: Object of type datetime is not JSON serializable
INFO:root:💾 Saved 500 records in 77.28s (6 rec/s) | 21 15min, 240 hourly, 239 daily | Queue: 1
ERROR:cache_service:Error setting OHLC batch: Object of type datetime is not JSON serializable
INFO:root:💾 Saved 500 records in 25.15s (20 rec/s) | 18 15min, 241 hourly, 241 daily | Queue: 1
INFO:root:📊 STATUS: 12,624,427 received | 12,590,789 processed | 33638 buffered | 2256 active | ProcQ: 0 | DBQ: 1 | 1,299,143 saved | Failed: 0 | Vol: TEXINFRA:30,758, DPWIRES:5,482
ERROR:cache_service:Error setting OHLC batch: Object of type datetime is not JSON serializable
INFO:root:💾 Saved 500 records in 9.20s (54 rec/s) | 12 15min, 244 hourly, 244 daily | Queue: 1
INFO:root:⏰ Interval update (60s): 07:51:54 UTC
INFO:root:📤 Queued 45259 ticks from 2319 instruments | Processing queue: 1
INFO:root:📊 STATUS: 12,647,772 received | 12,636,048 processed | 11724 buffered | 1830 active | ProcQ: 0 | DBQ: 2 | 1,299,643 saved | Failed: 0 | Vol: TEXINFRA:30,758, DPWIRES:5,482
ERROR:cache_service:Error setting OHLC batch: Object of type datetime is not JSON serializable
INFO:root:💾 Saved 500 records in 47.70s (10 rec/s) | 15 15min, 242 hourly, 243 daily | Queue: 2
INFO:root:📊 STATUS: 12,671,208 received | 12,636,048 processed | 35160 buffered | 2200 active | ProcQ: 0 | DBQ: 2 | 1,300,143 saved | Failed: 0 | Vol: TEXINFRA:30,758, DPWIRES:5,482
INFO:root:⏰ Interval update (60s): 07:52:54 UTC
INFO:root:📤 Queued 46514 ticks from 2291 instruments | Processing queue: 1
INFO:root:📊 STATUS: 12,694,165 received | 12,682,562 processed | 11603 buffered | 1850 active | ProcQ: 0 | DBQ: 3 | 1,300,143 saved | Failed: 0 | Vol: TEXINFRA:30,758, DPWIRES:5,482
ERROR:cache_service:Error setting OHLC batch: Object of type datetime is not JSON serializable
INFO:root:💾 Saved 500 records in 46.62s (11 rec/s) | 19 15min, 241 hourly, 240 daily | Queue: 3
ERROR:cache_service:Error setting OHLC batch: Object of type datetime is not JSON serializable
INFO:root:💾 Saved 500 records in 15.23s (33 rec/s) | 13 15min, 243 hourly, 244 daily | Queue: 3
INFO:root:📊 STATUS: 12,718,225 received | 12,682,562 processed | 35663 buffered | 2191 active | ProcQ: 0 | DBQ: 3 | 1,301,143 saved | Failed: 0 | Vol: TEXINFRA:30,758, DPWIRES:5,482
ERROR:cache_service:Error setting OHLC batch: Object of type datetime is not JSON serializable
INFO:root:💾 Saved 500 records in 10.38s (48 rec/s) | 9 15min, 246 hourly, 245 daily | Queue: 3
INFO:root:⏰ Interval update (60s): 07:53:54 UTC
INFO:root:📤 Queued 47733 ticks from 2272 instruments | Processing queue: 1
ERROR:cache_service:Error setting OHLC batch: Object of type datetime is not JSON serializable
INFO:root:💾 Saved 500 records in 10.09s (50 rec/s) | 11 15min, 244 hourly, 245 daily | Queue: 4
ERROR:cache_service:Error setting OHLC batch: Object of type datetime is not JSON serializable
INFO:root:💾 Saved 500 records in 8.84s (57 rec/s) | 14 15min, 243 hourly, 243 daily | Queue: 4
ERROR:cache_service:Error setting OHLC batch: Object of type datetime is not JSON serializable
INFO:root:💾 Saved 114 records in 1.88s (61 rec/s) | 0 15min, 57 hourly, 57 daily | Queue: 4
INFO:root:📊 STATUS: 12,742,547 received | 12,730,295 processed | 12252 buffered | 1876 active | ProcQ: 0 | DBQ: 3 | 1,302,757 saved | Failed: 0 | Vol: TEXINFRA:30,758, DPWIRES:5,482
ERROR:cache_service:Error setting OHLC batch: Object of type datetime is not JSON serializable
INFO:root:💾 Saved 500 records in 6.67s (75 rec/s) | 21 15min, 240 hourly, 239 daily | Queue: 3
ERROR:cache_service:Error setting OHLC batch: Object of type datetime is not JSON serializable
INFO:root:💾 Saved 500 records in 8.15s (61 rec/s) | 13 15min, 243 hourly, 244 daily | Queue: 3
ERROR:cache_service:Error setting OHLC batch: Object of type datetime is not JSON serializable
INFO:root:💾 Saved 500 records in 10.05s (50 rec/s) | 17 15min, 242 hourly, 241 daily | Queue: 3
ERROR:cache_service:Error setting OHLC batch: Object of type datetime is not JSON serializable
INFO:root:💾 Saved 500 records in 5.74s (87 rec/s) | 14 15min, 243 hourly, 243 daily | Queue: 3
INFO:root:📊 STATUS: 12,765,177 received | 12,730,295 processed | 34882 buffered | 2216 active | ProcQ: 0 | DBQ: 3 | 1,304,757 saved | Failed: 0 | Vol: TEXINFRA:30,758, DPWIRES:5,482
ERROR:cache_service:Error setting OHLC batch: Object of type datetime is not JSON serializable
INFO:root:💾 Saved 500 records in 3.68s (136 rec/s) | 19 15min, 240 hourly, 241 daily | Queue: 3
ERROR:cache_service:Error setting OHLC batch: Object of type datetime is not JSON serializable
INFO:root:💾 Saved 500 records in 3.72s (135 rec/s) | 13 15min, 244 hourly, 243 daily | Queue: 3
ERROR:cache_service:Error setting OHLC batch: Object of type datetime is not JSON serializable
INFO:root:💾 Saved 500 records in 3.42s (146 rec/s) | 9 15min, 245 hourly, 246 daily | Queue: 3
ERROR:cache_service:Error setting OHLC batch: Object of type datetime is not JSON serializable
INFO:root:💾 Saved 500 records in 3.34s (150 rec/s) | 12 15min, 244 hourly, 244 daily | Queue: 3
INFO:root:⏰ Interval update (60s): 07:54:54 UTC
INFO:root:📤 Queued 45568 ticks from 2277 instruments | Processing queue: 1
ERROR:cache_service:Error setting OHLC batch: Object of type datetime is not JSON serializable
INFO:root:💾 Saved 500 records in 3.45s (145 rec/s) | 10 15min, 245 hourly, 245 daily | Queue: 4
ERROR:cache_service:Error setting OHLC batch: Object of type datetime is not JSON serializable
INFO:root:💾 Saved 212 records in 1.34s (158 rec/s) | 4 15min, 104 hourly, 104 daily | Queue: 4
ERROR:cache_service:Error setting OHLC batch: Object of type datetime is not JSON serializable
INFO:root:💾 Saved 500 records in 2.88s (174 rec/s) | 21 15min, 240 hourly, 239 daily | Queue: 3
ERROR:cache_service:Error setting OHLC batch: Object of type datetime is not JSON serializable
INFO:root:💾 Saved 500 records in 2.78s (180 rec/s) | 13 15min, 243 hourly, 244 daily | Queue: 3
ERROR:cache_service:Error setting OHLC batch: Object of type datetime is not JSON serializable
INFO:root:💾 Saved 500 records in 5.07s (99 rec/s) | 17 15min, 242 hourly, 241 daily | Queue: 3
INFO:root:📊 STATUS: 12,787,777 received | 12,775,863 processed | 11914 buffered | 1881 active | ProcQ: 0 | DBQ: 3 | 1,308,969 saved | Failed: 0 | Vol: TEXINFRA:30,758, DPWIRES:5,482
ERROR:cache_service:Error setting OHLC batch: Object of type datetime is not JSON serializable
INFO:root:💾 Saved 500 records in 4.02s (125 rec/s) | 15 15min, 242 hourly, 243 daily | Queue: 3
ERROR:cache_service:Error setting OHLC batch: Object of type datetime is not JSON serializable
INFO:root:💾 Saved 500 records in 4.87s (103 rec/s) | 15 15min, 243 hourly, 242 daily | Queue: 3
ERROR:cache_service:Error setting OHLC batch: Object of type datetime is not JSON serializable
INFO:root:💾 Saved 500 records in 16.12s (31 rec/s) | 17 15min, 241 hourly, 242 daily | Queue: 3
ERROR:cache_service:Error setting OHLC batch: Object of type datetime is not JSON serializable
INFO:root:💾 Saved 500 records in 4.18s (120 rec/s) | 9 15min, 246 hourly, 245 daily | Queue: 3
ERROR:cache_service:Error setting OHLC batch: Object of type datetime is not JSON serializable
INFO:root:💾 Saved 500 records in 3.89s (129 rec/s) | 11 15min, 244 hourly, 245 daily | Queue: 3
INFO:root:📊 STATUS: 12,811,001 received | 12,775,863 processed | 35138 buffered | 2244 active | ProcQ: 0 | DBQ: 3 | 1,311,469 saved | Failed: 0 | Vol: TEXINFRA:30,758, DPWIRES:5,482
ERROR:cache_service:Error setting OHLC batch: Object of type datetime is not JSON serializable
INFO:root:💾 Saved 500 records in 3.51s (142 rec/s) | 10 15min, 245 hourly, 245 daily | Queue: 3
ERROR:cache_service:Error setting OHLC batch: Object of type datetime is not JSON serializable
INFO:root:💾 Saved 270 records in 2.04s (133 rec/s) | 4 15min, 133 hourly, 133 daily | Queue: 3
ERROR:cache_service:Error setting OHLC batch: Object of type datetime is not JSON serializable
INFO:root:💾 Saved 500 records in 3.55s (141 rec/s) | 21 15min, 240 hourly, 239 daily | Queue: 2
ERROR:cache_service:Error setting OHLC batch: Object of type datetime is not JSON serializable
INFO:root:💾 Saved 500 records in 3.25s (154 rec/s) | 13 15min, 243 hourly, 244 daily | Queue: 2
INFO:root:⏰ Interval update (60s): 07:55:54 UTC
INFO:root:📤 Queued 45956 ticks from 2289 instruments | Processing queue: 1
ERROR:cache_service:Error setting OHLC batch: Object of type datetime is not JSON serializable
INFO:root:💾 Saved 500 records in 2.52s (198 rec/s) | 17 15min, 242 hourly, 241 daily | Queue: 2
ERROR:cache_service:Error setting OHLC batch: Object of type datetime is not JSON serializable
INFO:root:💾 Saved 500 records in 2.58s (194 rec/s) | 14 15min, 243 hourly, 243 daily | Queue: 3
ERROR:cache_service:Error setting OHLC batch: Object of type datetime is not JSON serializable
INFO:root:💾 Saved 500 records in 2.87s (174 rec/s) | 19 15min, 240 hourly, 241 daily | Queue: 3
ERROR:cache_service:Error setting OHLC batch: Object of type datetime is not JSON serializable
INFO:root:💾 Saved 500 records in 2.63s (190 rec/s) | 13 15min, 244 hourly, 243 daily | Queue: 3
ERROR:cache_service:Error setting OHLC batch: Object of type datetime is not JSON serializable
INFO:root:💾 Saved 500 records in 1.81s (276 rec/s) | 10 15min, 245 hourly, 245 daily | Queue: 3
ERROR:cache_service:Error setting OHLC batch: Object of type datetime is not JSON serializable
INFO:root:💾 Saved 500 records in 1.78s (281 rec/s) | 11 15min, 244 hourly, 245 daily | Queue: 3
ERROR:cache_service:Error setting OHLC batch: Object of type datetime is not JSON serializable
INFO:root:💾 Saved 500 records in 1.50s (333 rec/s) | 10 15min, 245 hourly, 245 daily | Queue: 3
ERROR:cache_service:Error setting OHLC batch: Object of type datetime is not JSON serializable
INFO:root:💾 Saved 214 records in 0.53s (404 rec/s) | 4 15min, 105 hourly, 105 daily | Queue: 3
INFO:root:📊 STATUS: 12,833,992 received | 12,821,819 processed | 12173 buffered | 1930 active | ProcQ: 0 | DBQ: 2 | 1,316,953 saved | Failed: 0 | Vol: TEXINFRA:30,758, DPWIRES:5,482
ERROR:cache_service:Error setting OHLC batch: Object of type datetime is not JSON serializable
INFO:root:💾 Saved 500 records in 1.96s (256 rec/s) | 21 15min, 240 hourly, 239 daily | Queue: 2
ERROR:cache_service:Error setting OHLC batch: Object of type datetime is not JSON serializable
INFO:root:💾 Saved 500 records in 2.14s (233 rec/s) | 17 15min, 241 hourly, 242 daily | Queue: 2
ERROR:cache_service:Error setting OHLC batch: Object of type datetime is not JSON serializable
INFO:root:💾 Saved 500 records in 3.29s (152 rec/s) | 13 15min, 244 hourly, 243 daily | Queue: 2
ERROR:cache_service:Error setting OHLC batch: Object of type datetime is not JSON serializable
INFO:root:💾 Saved 500 records in 4.14s (121 rec/s) | 15 15min, 242 hourly, 243 daily | Queue: 2
ERROR:cache_service:Error setting OHLC batch: Object of type datetime is not JSON serializable
INFO:root:💾 Saved 500 records in 3.93s (127 rec/s) | 19 15min, 241 hourly, 240 daily | Queue: 2
ERROR:cache_service:Error setting OHLC batch: Object of type datetime is not JSON serializable
INFO:root:💾 Saved 500 records in 3.83s (130 rec/s) | 13 15min, 243 hourly, 244 daily | Queue: 2
ERROR:cache_service:Error setting OHLC batch: Object of type datetime is not JSON serializable
INFO:root:💾 Saved 500 records in 2.69s (186 rec/s) | 9 15min, 246 hourly, 245 daily | Queue: 2
ERROR:cache_service:Error setting OHLC batch: Object of type datetime is not JSON serializable
INFO:root:💾 Saved 500 records in 2.55s (196 rec/s) | 11 15min, 244 hourly, 245 daily | Queue: 2
ERROR:cache_service:Error setting OHLC batch: Object of type datetime is not JSON serializable
INFO:root:💾 Saved 500 records in 2.73s (183 rec/s) | 10 15min, 245 hourly, 245 daily | Queue: 2
ERROR:cache_service:Error setting OHLC batch: Object of type datetime is not JSON serializable
INFO:root:💾 Saved 176 records in 1.76s (100 rec/s) | 4 15min, 86 hourly, 86 daily | Queue: 2
ERROR:cache_service:Error setting OHLC batch: Object of type datetime is not JSON serializable
INFO:root:💾 Saved 500 records in 2.94s (170 rec/s) | 21 15min, 240 hourly, 239 daily | Queue: 1
INFO:root:📊 STATUS: 12,858,407 received | 12,821,819 processed | 36588 buffered | 2265 active | ProcQ: 0 | DBQ: 1 | 1,322,129 saved | Failed: 0 | Vol: TEXINFRA:30,758, DPWIRES:5,482
ERROR:cache_service:Error setting OHLC batch: Object of type datetime is not JSON serializable
INFO:root:💾 Saved 500 records in 2.38s (210 rec/s) | 14 15min, 243 hourly, 243 daily | Queue: 1
ERROR:cache_service:Error setting OHLC batch: Object of type datetime is not JSON serializable
INFO:root:💾 Saved 500 records in 1.45s (346 rec/s) | 16 15min, 242 hourly, 242 daily | Queue: 1
ERROR:cache_service:Error setting OHLC batch: Object of type datetime is not JSON serializable
INFO:root:💾 Saved 500 records in 1.93s (260 rec/s) | 14 15min, 243 hourly, 243 daily | Queue: 1
ERROR:cache_service:Error setting OHLC batch: Object of type datetime is not JSON serializable
INFO:root:💾 Saved 500 records in 2.28s (219 rec/s) | 19 15min, 240 hourly, 241 daily | Queue: 1
ERROR:cache_service:Error setting OHLC batch: Object of type datetime is not JSON serializable
INFO:root:💾 Saved 500 records in 1.59s (314 rec/s) | 13 15min, 244 hourly, 243 daily | Queue: 1
ERROR:cache_service:Error setting OHLC batch: Object of type datetime is not JSON serializable
INFO:root:💾 Saved 500 records in 1.93s (260 rec/s) | 10 15min, 245 hourly, 245 daily | Queue: 1
ERROR:cache_service:Error setting OHLC batch: Object of type datetime is not JSON serializable
INFO:root:💾 Saved 500 records in 1.68s (297 rec/s) | 11 15min, 244 hourly, 245 daily | Queue: 1
INFO:root:⏰ Interval update (60s): 07:56:54 UTC
INFO:root:📤 Queued 48472 ticks from 2347 instruments | Processing queue: 1
ERROR:cache_service:Error setting OHLC batch: Object of type datetime is not JSON serializable
INFO:root:💾 Saved 500 records in 1.70s (294 rec/s) | 10 15min, 245 hourly, 245 daily | Queue: 2
ERROR:cache_service:Error setting OHLC batch: Object of type datetime is not JSON serializable
INFO:root:💾 Saved 186 records in 0.73s (256 rec/s) | 4 15min, 91 hourly, 91 daily | Queue: 2
ERROR:cache_service:Error setting OHLC batch: Object of type datetime is not JSON serializable
INFO:root:💾 Saved 500 records in 2.55s (196 rec/s) | 21 15min, 240 hourly, 239 daily | Queue: 1
ERROR:cache_service:Error setting OHLC batch: Object of type datetime is not JSON serializable
INFO:root:💾 Saved 500 records in 2.83s (177 rec/s) | 13 15min, 243 hourly, 244 daily | Queue: 1
ERROR:cache_service:Error setting OHLC batch: Object of type datetime is not JSON serializable
INFO:root:💾 Saved 500 records in 1.80s (278 rec/s) | 17 15min, 242 hourly, 241 daily | Queue: 1
ERROR:cache_service:Error setting OHLC batch: Object of type datetime is not JSON serializable
INFO:root:💾 Saved 500 records in 1.93s (259 rec/s) | 15 15min, 242 hourly, 243 daily | Queue: 1
ERROR:cache_service:Error setting OHLC batch: Object of type datetime is not JSON serializable
INFO:root:💾 Saved 500 records in 2.14s (234 rec/s) | 19 15min, 241 hourly, 240 daily | Queue: 1
ERROR:cache_service:Error setting OHLC batch: Object of type datetime is not JSON serializable
INFO:root:💾 Saved 500 records in 1.85s (270 rec/s) | 13 15min, 243 hourly, 244 daily | Queue: 1
ERROR:cache_service:Error setting OHLC batch: Object of type datetime is not JSON serializable
INFO:root:💾 Saved 500 records in 0.77s (648 rec/s) | 9 15min, 246 hourly, 245 daily | Queue: 1
ERROR:cache_service:Error setting OHLC batch: Object of type datetime is not JSON serializable
INFO:root:💾 Saved 500 records in 0.52s (970 rec/s) | 11 15min, 244 hourly, 245 daily | Queue: 1
INFO:root:📊 STATUS: 12,882,973 received | 12,870,291 processed | 12682 buffered | 2022 active | ProcQ: 0 | DBQ: 1 | 1,330,315 saved | Failed: 0 | Vol: TEXINFRA:30,758, DPWIRES:5,482
ERROR:cache_service:Error setting OHLC batch: Object of type datetime is not JSON serializable
INFO:root:💾 Saved 500 records in 0.44s (1139 rec/s) | 10 15min, 245 hourly, 245 daily | Queue: 1
ERROR:cache_service:Error setting OHLC batch: Object of type datetime is not JSON serializable
INFO:root:💾 Saved 210 records in 0.14s (1482 rec/s) | 4 15min, 103 hourly, 103 daily | Queue: 1
ERROR:cache_service:Error setting OHLC batch: Object of type datetime is not JSON serializable
INFO:root:💾 Saved 500 records in 0.26s (1934 rec/s) | 21 15min, 240 hourly, 239 daily | Queue: 0
ERROR:cache_service:Error setting OHLC batch: Object of type datetime is not JSON serializable
INFO:root:💾 Saved 500 records in 0.15s (3411 rec/s) | 13 15min, 243 hourly, 244 daily | Queue: 0
ERROR:cache_service:Error setting OHLC batch: Object of type datetime is not JSON serializable
INFO:root:💾 Saved 500 records in 0.19s (2701 rec/s) | 17 15min, 242 hourly, 241 daily | Queue: 0
ERROR:cache_service:Error setting OHLC batch: Object of type datetime is not JSON serializable
INFO:root:💾 Saved 500 records in 0.26s (1895 rec/s) | 15 15min, 242 hourly, 243 daily | Queue: 0
ERROR:cache_service:Error setting OHLC batch: Object of type datetime is not JSON serializable
INFO:root:💾 Saved 500 records in 0.20s (2508 rec/s) | 15 15min, 243 hourly, 242 daily | Queue: 0
ERROR:cache_service:Error setting OHLC batch: Object of type datetime is not JSON serializable
INFO:root:💾 Saved 500 records in 0.21s (2426 rec/s) | 17 15min, 241 hourly, 242 daily | Queue: 0
ERROR:cache_service:Error setting OHLC batch: Object of type datetime is not JSON serializable
INFO:root:💾 Saved 500 records in 0.20s (2509 rec/s) | 6 15min, 247 hourly, 247 daily | Queue: 0
ERROR:cache_service:Error setting OHLC batch: Object of type datetime is not JSON serializable
INFO:root:💾 Saved 500 records in 0.24s (2124 rec/s) | 11 15min, 245 hourly, 244 daily | Queue: 0
ERROR:cache_service:Error setting OHLC batch: Object of type datetime is not JSON serializable
INFO:root:💾 Saved 500 records in 0.19s (2582 rec/s) | 9 15min, 245 hourly, 246 daily | Queue: 0
ERROR:cache_service:Error setting OHLC batch: Object of type datetime is not JSON serializable
INFO:root:💾 Saved 326 records in 0.11s (2999 rec/s) | 8 15min, 159 hourly, 159 daily | Queue: 0
INFO:root:📊 STATUS: 12,906,428 received | 12,870,291 processed | 36137 buffered | 2499 active | ProcQ: 0 | DBQ: 0 | 1,335,851 saved | Failed: 0 | Vol: TEXINFRA:30,758, DPWIRES:5,482
INFO:root:⏰ Interval update (60s): 07:57:54 UTC
INFO:root:📤 Queued 47035 ticks from 2608 instruments | Processing queue: 1
ERROR:cache_service:Error setting OHLC batch: Object of type datetime is not JSON serializable
INFO:root:💾 Saved 500 records in 0.18s (2837 rec/s) | 21 15min, 240 hourly, 239 daily | Queue: 0
ERROR:cache_service:Error setting OHLC batch: Object of type datetime is not JSON serializable
INFO:root:💾 Saved 500 records in 0.12s (4034 rec/s) | 13 15min, 243 hourly, 244 daily | Queue: 0
ERROR:cache_service:Error setting OHLC batch: Object of type datetime is not JSON serializable
INFO:root:💾 Saved 500 records in 0.18s (2774 rec/s) | 14 15min, 243 hourly, 243 daily | Queue: 0
ERROR:cache_service:Error setting OHLC batch: Object of type datetime is not JSON serializable
INFO:root:💾 Saved 500 records in 0.16s (3118 rec/s) | 13 15min, 244 hourly, 243 daily | Queue: 0
ERROR:cache_service:Error setting OHLC batch: Object of type datetime is not JSON serializable
INFO:root:💾 Saved 500 records in 0.18s (2762 rec/s) | 14 15min, 243 hourly, 243 daily | Queue: 0
ERROR:cache_service:Error setting OHLC batch: Object of type datetime is not JSON serializable
INFO:root:💾 Saved 500 records in 0.18s (2824 rec/s) | 14 15min, 243 hourly, 243 daily | Queue: 0
ERROR:cache_service:Error setting OHLC batch: Object of type datetime is not JSON serializable
INFO:root:💾 Saved 500 records in 0.21s (2336 rec/s) | 12 15min, 244 hourly, 244 daily | Queue: 0
ERROR:cache_service:Error setting OHLC batch: Object of type datetime is not JSON serializable
INFO:root:💾 Saved 500 records in 0.19s (2636 rec/s) | 7 15min, 246 hourly, 247 daily | Queue: 0
ERROR:cache_service:Error setting OHLC batch: Object of type datetime is not JSON serializable
INFO:root:💾 Saved 500 records in 0.14s (3657 rec/s) | 10 15min, 245 hourly, 245 daily | Queue: 0
ERROR:cache_service:Error setting OHLC batch: Object of type datetime is not JSON serializable
INFO:root:💾 Saved 500 records in 0.14s (3489 rec/s) | 6 15min, 247 hourly, 247 daily | Queue: 0
ERROR:cache_service:Error setting OHLC batch: Object of type datetime is not JSON serializable
INFO:root:💾 Saved 348 records in 0.14s (2535 rec/s) | 8 15min, 170 hourly, 170 daily | Queue: 0
INFO:root:📊 STATUS: 12,929,670 received | 12,917,326 processed | 12344 buffered | 2028 active | ProcQ: 0 | DBQ: 0 | 1,341,199 saved | Failed: 0 | Vol: TEXINFRA:30,758, DPWIRES:5,482
INFO:root:📊 STATUS: 12,952,803 received | 12,917,326 processed | 35477 buffered | 2337 active | ProcQ: 0 | DBQ: 0 | 1,341,199 saved | Failed: 0 | Vol: TEXINFRA:30,758, DPWIRES:5,482
INFO:root:⏰ Interval update (60s): 07:58:54 UTC
INFO:root:📤 Queued 45673 ticks from 2397 instruments | Processing queue: 1
ERROR:cache_service:Error setting OHLC batch: Object of type datetime is not JSON serializable
INFO:root:💾 Saved 500 records in 0.15s (3284 rec/s) | 21 15min, 240 hourly, 239 daily | Queue: 0
ERROR:cache_service:Error setting OHLC batch: Object of type datetime is not JSON serializable
INFO:root:💾 Saved 500 records in 0.14s (3568 rec/s) | 13 15min, 243 hourly, 244 daily | Queue: 0
ERROR:cache_service:Error setting OHLC batch: Object of type datetime is not JSON serializable
INFO:root:💾 Saved 500 records in 0.10s (5242 rec/s) | 17 15min, 242 hourly, 241 daily | Queue: 0
ERROR:cache_service:Error setting OHLC batch: Object of type datetime is not JSON serializable
INFO:root:💾 Saved 500 records in 0.11s (4421 rec/s) | 15 15min, 242 hourly, 243 daily | Queue: 0
ERROR:cache_service:Error setting OHLC batch: Object of type datetime is not JSON serializable
INFO:root:💾 Saved 500 records in 0.32s (1543 rec/s) | 15 15min, 243 hourly, 242 daily | Queue: 0
ERROR:cache_service:Error setting OHLC batch: Object of type datetime is not JSON serializable
INFO:root:💾 Saved 500 records in 0.13s (3882 rec/s) | 13 15min, 243 hourly, 244 daily | Queue: 0
ERROR:cache_service:Error setting OHLC batch: Object of type datetime is not JSON serializable
INFO:root:💾 Saved 500 records in 0.12s (4335 rec/s) | 10 15min, 245 hourly, 245 daily | Queue: 0
ERROR:cache_service:Error setting OHLC batch: Object of type datetime is not JSON serializable
INFO:root:💾 Saved 500 records in 0.17s (2933 rec/s) | 11 15min, 245 hourly, 244 daily | Queue: 0
ERROR:cache_service:Error setting OHLC batch: Object of type datetime is not JSON serializable
INFO:root:💾 Saved 500 records in 0.12s (4059 rec/s) | 9 15min, 245 hourly, 246 daily | Queue: 0
ERROR:cache_service:Error setting OHLC batch: Object of type datetime is not JSON serializable
INFO:root:💾 Saved 426 records in 0.13s (3331 rec/s) | 8 15min, 209 hourly, 209 daily | Queue: 0
INFO:root:📊 STATUS: 12,976,102 received | 12,962,999 processed | 13103 buffered | 1922 active | ProcQ: 0 | DBQ: 0 | 1,346,125 saved | Failed: 0 | Vol: TEXINFRA:30,758, DPWIRES:5,482
INFO:root:📊 STATUS: 13,000,462 received | 12,962,999 processed | 37463 buffered | 2211 active | ProcQ: 0 | DBQ: 0 | 1,346,125 saved | Failed: 0 | Vol: TEXINFRA:30,758, DPWIRES:5,482
INFO:root:⏰ Interval update (60s): 07:59:54 UTC
INFO:root:📤 Queued 48389 ticks from 2301 instruments | Processing queue: 1
ERROR:cache_service:Error setting OHLC batch: Object of type datetime is not JSON serializable
INFO:root:💾 Saved 500 records in 0.13s (3854 rec/s) | 21 15min, 240 hourly, 239 daily | Queue: 0
ERROR:cache_service:Error setting OHLC batch: Object of type datetime is not JSON serializable
INFO:root:💾 Saved 500 records in 0.12s (4326 rec/s) | 13 15min, 243 hourly, 244 daily | Queue: 0
ERROR:cache_service:Error setting OHLC batch: Object of type datetime is not JSON serializable
INFO:root:💾 Saved 500 records in 0.12s (4144 rec/s) | 17 15min, 242 hourly, 241 daily | Queue: 0
ERROR:cache_service:Error setting OHLC batch: Object of type datetime is not JSON serializable
INFO:root:💾 Saved 500 records in 0.11s (4355 rec/s) | 14 15min, 243 hourly, 243 daily | Queue: 0
ERROR:cache_service:Error setting OHLC batch: Object of type datetime is not JSON serializable
INFO:root:💾 Saved 500 records in 0.11s (4422 rec/s) | 15 15min, 242 hourly, 243 daily | Queue: 0
ERROR:cache_service:Error setting OHLC batch: Object of type datetime is not JSON serializable
INFO:root:💾 Saved 500 records in 0.10s (5014 rec/s) | 17 15min, 242 hourly, 241 daily | Queue: 0
ERROR:cache_service:Error setting OHLC batch: Object of type datetime is not JSON serializable
INFO:root:💾 Saved 500 records in 0.10s (4779 rec/s) | 9 15min, 245 hourly, 246 daily | Queue: 0
ERROR:cache_service:Error setting OHLC batch: Object of type datetime is not JSON serializable
INFO:root:💾 Saved 500 records in 0.08s (6233 rec/s) | 12 15min, 244 hourly, 244 daily | Queue: 0
ERROR:cache_service:Error setting OHLC batch: Object of type datetime is not JSON serializable
INFO:root:💾 Saved 500 records in 0.09s (5821 rec/s) | 10 15min, 245 hourly, 245 daily | Queue: 0
ERROR:cache_service:Error setting OHLC batch: Object of type datetime is not JSON serializable
INFO:root:💾 Saved 234 records in 0.08s (2958 rec/s) | 4 15min, 115 hourly, 115 daily | Queue: 0
INFO:root:🕐 New hour detected (UTC): 2026-04-28 08:00:00+00:00
INFO:root:📤 Queued 4285 ticks from 1560 instruments | Processing queue: 1
ERROR:cache_service:Error setting OHLC batch: Object of type datetime is not JSON serializable
INFO:root:💾 Saved 500 records in 0.12s (4127 rec/s) | 29 15min, 236 hourly, 235 daily | Queue: 0
ERROR:cache_service:Error setting OHLC batch: Object of type datetime is not JSON serializable
INFO:root:💾 Saved 500 records in 0.12s (4072 rec/s) | 22 15min, 239 hourly, 239 daily | Queue: 0
ERROR:cache_service:Error setting OHLC batch: Object of type datetime is not JSON serializable
INFO:root:💾 Saved 500 records in 0.10s (5250 rec/s) | 19 15min, 240 hourly, 241 daily | Queue: 0
ERROR:cache_service:Error setting OHLC batch: Object of type datetime is not JSON serializable
INFO:root:💾 Saved 500 records in 0.10s (4882 rec/s) | 23 15min, 239 hourly, 238 daily | Queue: 0
ERROR:cache_service:Error setting OHLC batch: Object of type datetime is not JSON serializable
INFO:root:💾 Saved 500 records in 0.17s (2938 rec/s) | 17 15min, 241 hourly, 242 daily | Queue: 0
ERROR:cache_service:Error setting OHLC batch: Object of type datetime is not JSON serializable
INFO:root:💾 Saved 500 records in 0.23s (2166 rec/s) | 14 15min, 243 hourly, 243 daily | Queue: 0
ERROR:cache_service:Error setting OHLC batch: Object of type datetime is not JSON serializable
INFO:root:💾 Saved 252 records in 0.13s (1921 rec/s) | 8 15min, 122 hourly, 122 daily | Queue: 0
INFO:root:📊 STATUS: 13,024,757 received | 13,015,673 processed | 9084 buffered | 1878 active | ProcQ: 0 | DBQ: 0 | 1,354,111 saved | Failed: 0 | Vol: TEXINFRA:30,758, DPWIRES:5,482
INFO:root:📊 STATUS: 13,047,803 received | 13,015,673 processed | 32130 buffered | 2229 active | ProcQ: 0 | DBQ: 0 | 1,354,111 saved | Failed: 0 | Vol: TEXINFRA:30,758, DPWIRES:5,482
INFO:root:⏰ Interval update (60s): 08:00:54 UTC
INFO:root:📤 Queued 42421 ticks from 2309 instruments | Processing queue: 1
ERROR:cache_service:Error setting OHLC batch: Object of type datetime is not JSON serializable
INFO:root:💾 Saved 500 records in 3.27s (153 rec/s) | 21 15min, 240 hourly, 239 daily | Queue: 0
ERROR:cache_service:Error setting OHLC batch: Object of type datetime is not JSON serializable
INFO:root:💾 Saved 500 records in 3.22s (155 rec/s) | 18 15min, 241 hourly, 241 daily | Queue: 0
ERROR:cache_service:Error setting OHLC batch: Object of type datetime is not JSON serializable
INFO:root:💾 Saved 500 records in 2.34s (213 rec/s) | 12 15min, 244 hourly, 244 daily | Queue: 0
ERROR:cache_service:Error setting OHLC batch: Object of type datetime is not JSON serializable
INFO:root:💾 Saved 500 records in 1.46s (343 rec/s) | 15 15min, 242 hourly, 243 daily | Queue: 0
ERROR:cache_service:Error setting OHLC batch: Object of type datetime is not JSON serializable
INFO:root:💾 Saved 500 records in 1.22s (411 rec/s) | 15 15min, 243 hourly, 242 daily | Queue: 0
ERROR:cache_service:Error setting OHLC batch: Object of type datetime is not JSON serializable
INFO:root:💾 Saved 500 records in 1.05s (478 rec/s) | 17 15min, 241 hourly, 242 daily | Queue: 0
ERROR:cache_service:Error setting OHLC batch: Object of type datetime is not JSON serializable
INFO:root:💾 Saved 500 records in 0.96s (519 rec/s) | 9 15min, 246 hourly, 245 daily | Queue: 0
ERROR:cache_service:Error setting OHLC batch: Object of type datetime is not JSON serializable
INFO:root:💾 Saved 500 records in 0.80s (628 rec/s) | 11 15min, 244 hourly, 245 daily | Queue: 0
ERROR:cache_service:Error setting OHLC batch: Object of type datetime is not JSON serializable
INFO:root:💾 Saved 500 records in 0.78s (644 rec/s) | 10 15min, 245 hourly, 245 daily | Queue: 0
ERROR:cache_service:Error setting OHLC batch: Object of type datetime is not JSON serializable
INFO:root:💾 Saved 250 records in 0.34s (743 rec/s) | 4 15min, 123 hourly, 123 daily | Queue: 0
INFO:root:📊 STATUS: 13,071,205 received | 13,058,094 processed | 13111 buffered | 1965 active | ProcQ: 0 | DBQ: 0 | 1,358,861 saved | Failed: 0 | Vol: TEXINFRA:30,758, DPWIRES:5,482
INFO:root:📊 STATUS: 13,093,978 received | 13,058,094 processed | 35884 buffered | 2233 active | ProcQ: 0 | DBQ: 0 | 1,358,861 saved | Failed: 0 | Vol: TEXINFRA:30,758, DPWIRES:5,482
INFO:root:⏰ Interval update (60s): 08:01:55 UTC
INFO:root:📤 Queued 45655 ticks from 2288 instruments | Processing queue: 1
ERROR:cache_service:Error setting OHLC batch: Object of type datetime is not JSON serializable
INFO:root:💾 Saved 500 records in 0.65s (770 rec/s) | 21 15min, 240 hourly, 239 daily | Queue: 0
ERROR:cache_service:Error setting OHLC batch: Object of type datetime is not JSON serializable
INFO:root:💾 Saved 500 records in 0.59s (844 rec/s) | 13 15min, 243 hourly, 244 daily | Queue: 0
ERROR:cache_service:Error setting OHLC batch: Object of type datetime is not JSON serializable
INFO:root:💾 Saved 500 records in 0.43s (1158 rec/s) | 17 15min, 242 hourly, 241 daily | Queue: 0
ERROR:cache_service:Error setting OHLC batch: Object of type datetime is not JSON serializable
INFO:root:💾 Saved 500 records in 0.31s (1614 rec/s) | 13 15min, 243 hourly, 244 daily | Queue: 0
ERROR:cache_service:Error setting OHLC batch: Object of type datetime is not JSON serializable
INFO:root:💾 Saved 500 records in 0.32s (1552 rec/s) | 19 15min, 241 hourly, 240 daily | Queue: 0
ERROR:cache_service:Error setting OHLC batch: Object of type datetime is not JSON serializable
INFO:root:💾 Saved 500 records in 0.31s (1638 rec/s) | 13 15min, 243 hourly, 244 daily | Queue: 0
ERROR:cache_service:Error setting OHLC batch: Object of type datetime is not JSON serializable
INFO:root:💾 Saved 500 records in 0.34s (1489 rec/s) | 11 15min, 245 hourly, 244 daily | Queue: 0
ERROR:cache_service:Error setting OHLC batch: Object of type datetime is not JSON serializable
INFO:root:💾 Saved 500 records in 0.39s (1295 rec/s) | 11 15min, 244 hourly, 245 daily | Queue: 0
ERROR:cache_service:Error setting OHLC batch: Object of type datetime is not JSON serializable
INFO:root:💾 Saved 500 records in 0.38s (1318 rec/s) | 10 15min, 245 hourly, 245 daily | Queue: 0
ERROR:cache_service:Error setting OHLC batch: Object of type datetime is not JSON serializable
INFO:root:💾 Saved 208 records in 0.14s (1451 rec/s) | 4 15min, 102 hourly, 102 daily | Queue: 0
INFO:root:📊 STATUS: 13,116,935 received | 13,103,749 processed | 13186 buffered | 1927 active | ProcQ: 0 | DBQ: 0 | 1,363,569 saved | Failed: 0 | Vol: TEXINFRA:30,758, DPWIRES:5,492
INFO:root:📊 STATUS: 13,140,948 received | 13,103,749 processed | 37199 buffered | 2206 active | ProcQ: 0 | DBQ: 0 | 1,363,569 saved | Failed: 0 | Vol: TEXINFRA:30,758, DPWIRES:5,492
INFO:root:⏰ Interval update (60s): 08:02:55 UTC
INFO:root:📤 Queued 48406 ticks from 2288 instruments | Processing queue: 1
ERROR:cache_service:Error setting OHLC batch: Object of type datetime is not JSON serializable
INFO:root:💾 Saved 500 records in 3.41s (147 rec/s) | 21 15min, 240 hourly, 239 daily | Queue: 0
ERROR:cache_service:Error setting OHLC batch: Object of type datetime is not JSON serializable
INFO:root:💾 Saved 500 records in 7.18s (70 rec/s) | 13 15min, 243 hourly, 244 daily | Queue: 0
ERROR:cache_service:Error setting OHLC batch: Object of type datetime is not JSON serializable
INFO:root:💾 Saved 500 records in 4.94s (101 rec/s) | 17 15min, 242 hourly, 241 daily | Queue: 0
INFO:root:📊 STATUS: 13,165,364 received | 13,152,155 processed | 13209 buffered | 1952 active | ProcQ: 0 | DBQ: 0 | 1,365,069 saved | Failed: 0 | Vol: TEXINFRA:30,758, DPWIRES:5,492
ERROR:cache_service:Error setting OHLC batch: Object of type datetime is not JSON serializable
INFO:root:💾 Saved 500 records in 2.99s (167 rec/s) | 15 15min, 242 hourly, 243 daily | Queue: 0
ERROR:cache_service:Error setting OHLC batch: Object of type datetime is not JSON serializable
INFO:root:💾 Saved 500 records in 6.71s (75 rec/s) | 19 15min, 241 hourly, 240 daily | Queue: 0
ERROR:cache_service:Error setting OHLC batch: Object of type datetime is not JSON serializable
INFO:root:💾 Saved 500 records in 2.12s (236 rec/s) | 13 15min, 243 hourly, 244 daily | Queue: 0
ERROR:cache_service:Error setting OHLC batch: Object of type datetime is not JSON serializable
INFO:root:💾 Saved 500 records in 1.72s (291 rec/s) | 9 15min, 246 hourly, 245 daily | Queue: 0
ERROR:cache_service:Error setting OHLC batch: Object of type datetime is not JSON serializable
INFO:root:💾 Saved 500 records in 1.65s (302 rec/s) | 11 15min, 244 hourly, 245 daily | Queue: 0
ERROR:cache_service:Error setting OHLC batch: Object of type datetime is not JSON serializable
INFO:root:💾 Saved 500 records in 2.01s (249 rec/s) | 10 15min, 245 hourly, 245 daily | Queue: 0
ERROR:cache_service:Error setting OHLC batch: Object of type datetime is not JSON serializable
INFO:root:💾 Saved 208 records in 0.77s (271 rec/s) | 4 15min, 102 hourly, 102 daily | Queue: 0
INFO:root:📊 STATUS: 13,188,326 received | 13,152,155 processed | 36171 buffered | 2235 active | ProcQ: 0 | DBQ: 0 | 1,368,277 saved | Failed: 0 | Vol: TEXINFRA:30,758, DPWIRES:5,492
INFO:root:⏰ Interval update (60s): 08:03:55 UTC
INFO:root:📤 Queued 46106 ticks from 2292 instruments | Processing queue: 1
ERROR:cache_service:Error setting OHLC batch: Object of type datetime is not JSON serializable
INFO:root:💾 Saved 500 records in 3.13s (160 rec/s) | 21 15min, 240 hourly, 239 daily | Queue: 0
ERROR:cache_service:Error setting OHLC batch: Object of type datetime is not JSON serializable
INFO:root:💾 Saved 500 records in 2.91s (172 rec/s) | 15 15min, 242 hourly, 243 daily | Queue: 0
ERROR:cache_service:Error setting OHLC batch: Object of type datetime is not JSON serializable
INFO:root:💾 Saved 500 records in 3.76s (133 rec/s) | 15 15min, 243 hourly, 242 daily | Queue: 0
INFO:root:📊 STATUS: 13,211,066 received | 13,198,261 processed | 12805 buffered | 1962 active | ProcQ: 0 | DBQ: 0 | 1,369,777 saved | Failed: 0 | Vol: TEXINFRA:30,972, DPWIRES:5,492
ERROR:cache_service:Error setting OHLC batch: Object of type datetime is not JSON serializable
INFO:root:💾 Saved 500 records in 12.57s (40 rec/s) | 13 15min, 243 hourly, 244 daily | Queue: 0
ERROR:cache_service:Error setting OHLC batch: Object of type datetime is not JSON serializable
INFO:root:💾 Saved 500 records in 8.03s (62 rec/s) | 19 15min, 241 hourly, 240 daily | Queue: 0
ERROR:cache_service:Error setting OHLC batch: Object of type datetime is not JSON serializable
INFO:root:💾 Saved 500 records in 5.69s (88 rec/s) | 13 15min, 243 hourly, 244 daily | Queue: 0
ERROR:cache_service:Error setting OHLC batch: Object of type datetime is not JSON serializable
INFO:root:💾 Saved 500 records in 5.16s (97 rec/s) | 10 15min, 245 hourly, 245 daily | Queue: 0
INFO:root:📊 STATUS: 13,233,878 received | 13,198,261 processed | 35617 buffered | 2217 active | ProcQ: 0 | DBQ: 0 | 1,371,777 saved | Failed: 0 | Vol: TEXINFRA:30,972, DPWIRES:5,492
ERROR:cache_service:Error setting OHLC batch: Object of type datetime is not JSON serializable
INFO:root:💾 Saved 500 records in 8.39s (60 rec/s) | 12 15min, 244 hourly, 244 daily | Queue: 0
ERROR:cache_service:Error setting OHLC batch: Object of type datetime is not JSON serializable
INFO:root:💾 Saved 500 records in 5.59s (89 rec/s) | 10 15min, 245 hourly, 245 daily | Queue: 0
INFO:root:⏰ Interval update (60s): 08:04:55 UTC
INFO:root:📤 Queued 45509 ticks from 2269 instruments | Processing queue: 1
ERROR:cache_service:Error setting OHLC batch: Object of type datetime is not JSON serializable
INFO:root:💾 Saved 216 records in 12.90s (17 rec/s) | 4 15min, 106 hourly, 106 daily | Queue: 1
INFO:root:📊 STATUS: 13,256,956 received | 13,243,770 processed | 13186 buffered | 1888 active | ProcQ: 0 | DBQ: 0 | 1,372,993 saved | Failed: 0 | Vol: TEXINFRA:30,972, DPWIRES:5,492
ERROR:cache_service:Error setting OHLC batch: Object of type datetime is not JSON serializable
INFO:root:💾 Saved 500 records in 25.05s (20 rec/s) | 21 15min, 240 hourly, 239 daily | Queue: 0
ERROR:cache_service:Error setting OHLC batch: Object of type datetime is not JSON serializable
INFO:root:💾 Saved 500 records in 8.48s (59 rec/s) | 13 15min, 243 hourly, 244 daily | Queue: 0
INFO:root:📊 STATUS: 13,281,728 received | 13,243,770 processed | 37958 buffered | 2399 active | ProcQ: 0 | DBQ: 0 | 1,373,993 saved | Failed: 0 | Vol: TEXINFRA:30,972, DPWIRES:5,492
INFO:root:⏰ Interval update (60s): 08:05:55 UTC
INFO:root:📤 Queued 49805 ticks from 2449 instruments | Processing queue: 1
ERROR:cache_service:Error setting OHLC batch: Object of type datetime is not JSON serializable
INFO:root:💾 Saved 500 records in 23.76s (21 rec/s) | 17 15min, 242 hourly, 241 daily | Queue: 1
INFO:root:📊 STATUS: 13,306,902 received | 13,293,575 processed | 13327 buffered | 2103 active | ProcQ: 0 | DBQ: 1 | 1,374,493 saved | Failed: 0 | Vol: TEXINFRA:37,390, DPWIRES:5,492
ERROR:cache_service:Error setting OHLC batch: Object of type datetime is not JSON serializable
INFO:root:💾 Saved 500 records in 12.21s (41 rec/s) | 15 15min, 242 hourly, 243 daily | Queue: 1
INFO:root:📊 STATUS: 13,330,429 received | 13,293,575 processed | 36854 buffered | 2352 active | ProcQ: 0 | DBQ: 1 | 1,374,993 saved | Failed: 0 | Vol: TEXINFRA:37,390, DPWIRES:5,492
INFO:root:⏰ Interval update (60s): 08:06:56 UTC
INFO:root:📤 Queued 46731 ticks from 2391 instruments | Processing queue: 1
ERROR:cache_service:Error setting OHLC batch: Object of type datetime is not JSON serializable
INFO:root:💾 Saved 500 records in 47.91s (10 rec/s) | 19 15min, 241 hourly, 240 daily | Queue: 2
INFO:root:📊 STATUS: 13,354,097 received | 13,340,306 processed | 13791 buffered | 2009 active | ProcQ: 0 | DBQ: 2 | 1,375,493 saved | Failed: 0 | Vol: TEXINFRA:37,426, DPWIRES:5,492
ERROR:cache_service:Error setting OHLC batch: Object of type datetime is not JSON serializable
INFO:root:💾 Saved 500 records in 35.95s (14 rec/s) | 13 15min, 243 hourly, 244 daily | Queue: 2
INFO:root:📊 STATUS: 13,377,101 received | 13,340,306 processed | 36795 buffered | 2292 active | ProcQ: 0 | DBQ: 2 | 1,375,993 saved | Failed: 0 | Vol: TEXINFRA:37,426, DPWIRES:5,492
INFO:root:⏰ Interval update (60s): 08:07:56 UTC
INFO:root:📤 Queued 46031 ticks from 2352 instruments | Processing queue: 1
INFO:root:📊 STATUS: 13,400,046 received | 13,386,337 processed | 13709 buffered | 1933 active | ProcQ: 0 | DBQ: 3 | 1,375,993 saved | Failed: 0 | Vol: TEXINFRA:41,083, DPWIRES:5,492
ERROR:cache_service:Error setting OHLC batch: Object of type datetime is not JSON serializable
INFO:root:💾 Saved 500 records in 40.44s (12 rec/s) | 9 15min, 246 hourly, 245 daily | Queue: 3
INFO:root:📊 STATUS: 13,424,906 received | 13,386,337 processed | 38569 buffered | 2249 active | ProcQ: 0 | DBQ: 3 | 1,376,493 saved | Failed: 0 | Vol: TEXINFRA:41,083, DPWIRES:5,492
INFO:root:⏰ Interval update (60s): 08:08:56 UTC
INFO:root:📤 Queued 49427 ticks from 2313 instruments | Processing queue: 1
INFO:root:📊 STATUS: 13,449,608 received | 13,435,764 processed | 13844 buffered | 1959 active | ProcQ: 0 | DBQ: 4 | 1,376,493 saved | Failed: 0 | Vol: TEXINFRA:41,173, DPWIRES:5,492
ERROR:cache_service:Error setting OHLC batch: Object of type datetime is not JSON serializable
INFO:root:💾 Saved 500 records in 70.47s (7 rec/s) | 11 15min, 244 hourly, 245 daily | Queue: 4
ERROR:cache_service:Error setting OHLC batch: Object of type datetime is not JSON serializable
INFO:root:💾 Saved 500 records in 10.00s (50 rec/s) | 10 15min, 245 hourly, 245 daily | Queue: 4
ERROR:cache_service:Error setting OHLC batch: Object of type datetime is not JSON serializable
INFO:root:💾 Saved 170 records in 3.52s (48 rec/s) | 4 15min, 83 hourly, 83 daily | Queue: 4
INFO:root:📊 STATUS: 13,473,076 received | 13,435,764 processed | 37312 buffered | 2210 active | ProcQ: 0 | DBQ: 3 | 1,377,663 saved | Failed: 0 | Vol: TEXINFRA:41,173, DPWIRES:5,492
ERROR:cache_service:Error setting OHLC batch: Object of type datetime is not JSON serializable
INFO:root:💾 Saved 500 records in 10.11s (49 rec/s) | 21 15min, 240 hourly, 239 daily | Queue: 3
INFO:root:⏰ Interval update (60s): 08:09:56 UTC
INFO:root:📤 Queued 46653 ticks from 2294 instruments | Processing queue: 1
ERROR:cache_service:Error setting OHLC batch: Object of type datetime is not JSON serializable
INFO:root:💾 Saved 500 records in 8.56s (58 rec/s) | 13 15min, 243 hourly, 244 daily | Queue: 4
ERROR:cache_service:Error setting OHLC batch: Object of type datetime is not JSON serializable
INFO:root:💾 Saved 500 records in 4.23s (118 rec/s) | 17 15min, 242 hourly, 241 daily | Queue: 4
ERROR:cache_service:Error setting OHLC batch: Object of type datetime is not JSON serializable
INFO:root:💾 Saved 500 records in 4.15s (120 rec/s) | 9 15min, 245 hourly, 246 daily | Queue: 4
ERROR:cache_service:Error setting OHLC batch: Object of type datetime is not JSON serializable
INFO:root:💾 Saved 500 records in 4.12s (121 rec/s) | 15 15min, 243 hourly, 242 daily | Queue: 4
INFO:root:📊 STATUS: 13,496,269 received | 13,482,417 processed | 13852 buffered | 1965 active | ProcQ: 0 | DBQ: 4 | 1,380,163 saved | Failed: 0 | Vol: TEXINFRA:41,173, DPWIRES:5,592
ERROR:cache_service:Error setting OHLC batch: Object of type datetime is not JSON serializable
INFO:root:💾 Saved 500 records in 4.07s (123 rec/s) | 18 15min, 241 hourly, 241 daily | Queue: 4
ERROR:cache_service:Error setting OHLC batch: Object of type datetime is not JSON serializable
INFO:root:💾 Saved 500 records in 4.08s (123 rec/s) | 10 15min, 245 hourly, 245 daily | Queue: 4
ERROR:cache_service:Error setting OHLC batch: Object of type datetime is not JSON serializable
INFO:root:💾 Saved 500 records in 4.11s (122 rec/s) | 9 15min, 245 hourly, 246 daily | Queue: 4
ERROR:cache_service:Error setting OHLC batch: Object of type datetime is not JSON serializable
INFO:root:💾 Saved 500 records in 4.69s (107 rec/s) | 9 15min, 246 hourly, 245 daily | Queue: 4
ERROR:cache_service:Error setting OHLC batch: Object of type datetime is not JSON serializable
INFO:root:💾 Saved 500 records in 3.84s (130 rec/s) | 11 15min, 244 hourly, 245 daily | Queue: 4
ERROR:cache_service:Error setting OHLC batch: Object of type datetime is not JSON serializable
INFO:root:💾 Saved 30 records in 0.26s (114 rec/s) | 0 15min, 15 hourly, 15 daily | Queue: 4
ERROR:cache_service:Error setting OHLC batch: Object of type datetime is not JSON serializable
INFO:root:💾 Saved 500 records in 5.01s (100 rec/s) | 21 15min, 240 hourly, 239 daily | Queue: 3
ERROR:cache_service:Error setting OHLC batch: Object of type datetime is not JSON serializable
INFO:root:💾 Saved 500 records in 3.22s (155 rec/s) | 13 15min, 243 hourly, 244 daily | Queue: 3
INFO:root:📊 STATUS: 13,519,722 received | 13,482,417 processed | 37305 buffered | 2232 active | ProcQ: 0 | DBQ: 3 | 1,383,693 saved | Failed: 0 | Vol: TEXINFRA:41,173, DPWIRES:5,592
ERROR:cache_service:Error setting OHLC batch: Object of type datetime is not JSON serializable
INFO:root:💾 Saved 500 records in 3.91s (128 rec/s) | 17 15min, 242 hourly, 241 daily | Queue: 3
ERROR:cache_service:Error setting OHLC batch: Object of type datetime is not JSON serializable
INFO:root:💾 Saved 500 records in 2.98s (168 rec/s) | 15 15min, 242 hourly, 243 daily | Queue: 3
ERROR:cache_service:Error setting OHLC batch: Object of type datetime is not JSON serializable
INFO:root:💾 Saved 500 records in 1.98s (253 rec/s) | 15 15min, 243 hourly, 242 daily | Queue: 3
ERROR:cache_service:Error setting OHLC batch: Object of type datetime is not JSON serializable
INFO:root:💾 Saved 500 records in 1.61s (310 rec/s) | 13 15min, 243 hourly, 244 daily | Queue: 3
ERROR:cache_service:Error setting OHLC batch: Object of type datetime is not JSON serializable
INFO:root:💾 Saved 500 records in 1.59s (314 rec/s) | 10 15min, 245 hourly, 245 daily | Queue: 3
ERROR:cache_service:Error setting OHLC batch: Object of type datetime is not JSON serializable
INFO:root:💾 Saved 500 records in 1.88s (266 rec/s) | 11 15min, 245 hourly, 244 daily | Queue: 3
INFO:root:⏰ Interval update (60s): 08:10:56 UTC
INFO:root:📤 Queued 46457 ticks from 2294 instruments | Processing queue: 1
ERROR:cache_service:Error setting OHLC batch: Object of type datetime is not JSON serializable
INFO:root:💾 Saved 500 records in 1.83s (273 rec/s) | 9 15min, 245 hourly, 246 daily | Queue: 4
ERROR:cache_service:Error setting OHLC batch: Object of type datetime is not JSON serializable
INFO:root:💾 Saved 414 records in 1.83s (227 rec/s) | 8 15min, 203 hourly, 203 daily | Queue: 4
ERROR:cache_service:Error setting OHLC batch: Object of type datetime is not JSON serializable
INFO:root:💾 Saved 500 records in 2.06s (243 rec/s) | 21 15min, 240 hourly, 239 daily | Queue: 3
ERROR:cache_service:Error setting OHLC batch: Object of type datetime is not JSON serializable
INFO:root:💾 Saved 500 records in 1.69s (295 rec/s) | 13 15min, 243 hourly, 244 daily | Queue: 3
ERROR:cache_service:Error setting OHLC batch: Object of type datetime is not JSON serializable
INFO:root:💾 Saved 500 records in 1.44s (348 rec/s) | 17 15min, 242 hourly, 241 daily | Queue: 3
ERROR:cache_service:Error setting OHLC batch: Object of type datetime is not JSON serializable
INFO:root:💾 Saved 500 records in 0.89s (559 rec/s) | 15 15min, 242 hourly, 243 daily | Queue: 3
ERROR:cache_service:Error setting OHLC batch: Object of type datetime is not JSON serializable
INFO:root:💾 Saved 500 records in 0.71s (705 rec/s) | 15 15min, 243 hourly, 242 daily | Queue: 3
ERROR:cache_service:Error setting OHLC batch: Object of type datetime is not JSON serializable
INFO:root:💾 Saved 500 records in 0.65s (769 rec/s) | 17 15min, 241 hourly, 242 daily | Queue: 3
ERROR:cache_service:Error setting OHLC batch: Object of type datetime is not JSON serializable
INFO:root:💾 Saved 500 records in 0.44s (1132 rec/s) | 6 15min, 247 hourly, 247 daily | Queue: 3
ERROR:cache_service:Error setting OHLC batch: Object of type datetime is not JSON serializable
INFO:root:💾 Saved 500 records in 0.47s (1061 rec/s) | 11 15min, 245 hourly, 244 daily | Queue: 3
ERROR:cache_service:Error setting OHLC batch: Object of type datetime is not JSON serializable
INFO:root:💾 Saved 500 records in 0.38s (1323 rec/s) | 9 15min, 245 hourly, 246 daily | Queue: 3
ERROR:cache_service:Error setting OHLC batch: Object of type datetime is not JSON serializable
INFO:root:💾 Saved 336 records in 0.22s (1546 rec/s) | 8 15min, 164 hourly, 164 daily | Queue: 3
ERROR:cache_service:Error setting OHLC batch: Object of type datetime is not JSON serializable
INFO:root:💾 Saved 500 records in 0.36s (1394 rec/s) | 21 15min, 240 hourly, 239 daily | Queue: 2
ERROR:cache_service:Error setting OHLC batch: Object of type datetime is not JSON serializable
INFO:root:💾 Saved 500 records in 0.25s (2023 rec/s) | 13 15min, 243 hourly, 244 daily | Queue: 2
ERROR:cache_service:Error setting OHLC batch: Object of type datetime is not JSON serializable
INFO:root:💾 Saved 500 records in 0.36s (1380 rec/s) | 17 15min, 242 hourly, 241 daily | Queue: 2
ERROR:cache_service:Error setting OHLC batch: Object of type datetime is not JSON serializable
INFO:root:💾 Saved 500 records in 0.25s (2003 rec/s) | 15 15min, 242 hourly, 243 daily | Queue: 2
ERROR:cache_service:Error setting OHLC batch: Object of type datetime is not JSON serializable
INFO:root:💾 Saved 500 records in 0.21s (2364 rec/s) | 15 15min, 243 hourly, 242 daily | Queue: 2
ERROR:cache_service:Error setting OHLC batch: Object of type datetime is not JSON serializable
INFO:root:💾 Saved 500 records in 0.20s (2459 rec/s) | 17 15min, 241 hourly, 242 daily | Queue: 2
ERROR:cache_service:Error setting OHLC batch: Object of type datetime is not JSON serializable
INFO:root:💾 Saved 500 records in 0.17s (2913 rec/s) | 9 15min, 246 hourly, 245 daily | Queue: 2
ERROR:cache_service:Error setting OHLC batch: Object of type datetime is not JSON serializable
INFO:root:💾 Saved 500 records in 0.22s (2293 rec/s) | 11 15min, 244 hourly, 245 daily | Queue: 2
ERROR:cache_service:Error setting OHLC batch: Object of type datetime is not JSON serializable
INFO:root:💾 Saved 500 records in 0.20s (2541 rec/s) | 10 15min, 245 hourly, 245 daily | Queue: 2
ERROR:cache_service:Error setting OHLC batch: Object of type datetime is not JSON serializable
INFO:root:💾 Saved 258 records in 0.10s (2615 rec/s) | 4 15min, 127 hourly, 127 daily | Queue: 2
ERROR:cache_service:Error setting OHLC batch: Object of type datetime is not JSON serializable
INFO:root:💾 Saved 500 records in 0.21s (2392 rec/s) | 21 15min, 240 hourly, 239 daily | Queue: 1
ERROR:cache_service:Error setting OHLC batch: Object of type datetime is not JSON serializable
INFO:root:💾 Saved 500 records in 0.17s (2980 rec/s) | 13 15min, 243 hourly, 244 daily | Queue: 1
ERROR:cache_service:Error setting OHLC batch: Object of type datetime is not JSON serializable
INFO:root:💾 Saved 500 records in 0.22s (2319 rec/s) | 17 15min, 242 hourly, 241 daily | Queue: 1
ERROR:cache_service:Error setting OHLC batch: Object of type datetime is not JSON serializable
INFO:root:💾 Saved 500 records in 0.19s (2608 rec/s) | 15 15min, 242 hourly, 243 daily | Queue: 1
ERROR:cache_service:Error setting OHLC batch: Object of type datetime is not JSON serializable
INFO:root:💾 Saved 500 records in 0.17s (3021 rec/s) | 15 15min, 243 hourly, 242 daily | Queue: 1
ERROR:cache_service:Error setting OHLC batch: Object of type datetime is not JSON serializable
INFO:root:💾 Saved 500 records in 0.13s (3973 rec/s) | 17 15min, 241 hourly, 242 daily | Queue: 1
ERROR:cache_service:Error setting OHLC batch: Object of type datetime is not JSON serializable
INFO:root:💾 Saved 500 records in 0.17s (3012 rec/s) | 9 15min, 246 hourly, 245 daily | Queue: 1
ERROR:cache_service:Error setting OHLC batch: Object of type datetime is not JSON serializable
INFO:root:💾 Saved 500 records in 0.21s (2436 rec/s) | 11 15min, 244 hourly, 245 daily | Queue: 1
ERROR:cache_service:Error setting OHLC batch: Object of type datetime is not JSON serializable
INFO:root:💾 Saved 500 records in 0.17s (2902 rec/s) | 10 15min, 245 hourly, 245 daily | Queue: 1
ERROR:cache_service:Error setting OHLC batch: Object of type datetime is not JSON serializable
INFO:root:💾 Saved 220 records in 0.09s (2574 rec/s) | 4 15min, 108 hourly, 108 daily | Queue: 1
ERROR:cache_service:Error setting OHLC batch: Object of type datetime is not JSON serializable
INFO:root:💾 Saved 500 records in 0.21s (2437 rec/s) | 21 15min, 240 hourly, 239 daily | Queue: 0
ERROR:cache_service:Error setting OHLC batch: Object of type datetime is not JSON serializable
INFO:root:💾 Saved 500 records in 0.13s (3986 rec/s) | 13 15min, 243 hourly, 244 daily | Queue: 0
ERROR:cache_service:Error setting OHLC batch: Object of type datetime is not JSON serializable
INFO:root:💾 Saved 500 records in 0.15s (3424 rec/s) | 17 15min, 242 hourly, 241 daily | Queue: 0
ERROR:cache_service:Error setting OHLC batch: Object of type datetime is not JSON serializable
INFO:root:💾 Saved 500 records in 0.20s (2459 rec/s) | 14 15min, 243 hourly, 243 daily | Queue: 0
ERROR:cache_service:Error setting OHLC batch: Object of type datetime is not JSON serializable
INFO:root:💾 Saved 500 records in 0.17s (2995 rec/s) | 19 15min, 240 hourly, 241 daily | Queue: 0
ERROR:cache_service:Error setting OHLC batch: Object of type datetime is not JSON serializable
INFO:root:💾 Saved 500 records in 0.21s (2359 rec/s) | 13 15min, 244 hourly, 243 daily | Queue: 0
ERROR:cache_service:Error setting OHLC batch: Object of type datetime is not JSON serializable
INFO:root:💾 Saved 500 records in 0.17s (2931 rec/s) | 9 15min, 245 hourly, 246 daily | Queue: 0
ERROR:cache_service:Error setting OHLC batch: Object of type datetime is not JSON serializable
INFO:root:💾 Saved 500 records in 0.20s (2453 rec/s) | 12 15min, 244 hourly, 244 daily | Queue: 0
ERROR:cache_service:Error setting OHLC batch: Object of type datetime is not JSON serializable
INFO:root:💾 Saved 500 records in 0.15s (3439 rec/s) | 10 15min, 245 hourly, 245 daily | Queue: 0
INFO:root:📊 STATUS: 13,542,460 received | 13,528,874 processed | 13586 buffered | 2091 active | ProcQ: 0 | DBQ: 0 | 1,406,421 saved | Failed: 0 | Vol: TEXINFRA:41,973, DPWIRES:5,592
ERROR:cache_service:Error setting OHLC batch: Object of type datetime is not JSON serializable
INFO:root:💾 Saved 220 records in 0.09s (2464 rec/s) | 4 15min, 108 hourly, 108 daily | Queue: 0
INFO:root:📊 STATUS: 13,566,562 received | 13,528,874 processed | 37688 buffered | 2286 active | ProcQ: 0 | DBQ: 0 | 1,406,641 saved | Failed: 0 | Vol: TEXINFRA:41,973, DPWIRES:5,592
INFO:root:⏰ Interval update (60s): 08:11:56 UTC
INFO:root:📤 Queued 48075 ticks from 2332 instruments | Processing queue: 1
ERROR:cache_service:Error setting OHLC batch: Object of type datetime is not JSON serializable
INFO:root:💾 Saved 500 records in 5.37s (93 rec/s) | 21 15min, 240 hourly, 239 daily | Queue: 0
ERROR:cache_service:Error setting OHLC batch: Object of type datetime is not JSON serializable
INFO:root:💾 Saved 500 records in 4.86s (103 rec/s) | 15 15min, 242 hourly, 243 daily | Queue: 0
ERROR:cache_service:Error setting OHLC batch: Object of type datetime is not JSON serializable
INFO:root:💾 Saved 500 records in 3.87s (129 rec/s) | 15 15min, 243 hourly, 242 daily | Queue: 0
INFO:root:📊 STATUS: 13,590,636 received | 13,576,949 processed | 13687 buffered | 1961 active | ProcQ: 0 | DBQ: 0 | 1,408,141 saved | Failed: 0 | Vol: TEXINFRA:48,793, DPWIRES:5,592
ERROR:cache_service:Error setting OHLC batch: Object of type datetime is not JSON serializable
INFO:root:💾 Saved 500 records in 5.91s (85 rec/s) | 15 15min, 242 hourly, 243 daily | Queue: 0
ERROR:cache_service:Error setting OHLC batch: Object of type datetime is not JSON serializable
INFO:root:💾 Saved 500 records in 4.31s (116 rec/s) | 19 15min, 241 hourly, 240 daily | Queue: 0
ERROR:cache_service:Error setting OHLC batch: Object of type datetime is not JSON serializable
INFO:root:💾 Saved 500 records in 3.78s (132 rec/s) | 13 15min, 243 hourly, 244 daily | Queue: 0
ERROR:cache_service:Error setting OHLC batch: Object of type datetime is not JSON serializable
INFO:root:💾 Saved 500 records in 3.45s (145 rec/s) | 9 15min, 246 hourly, 245 daily | Queue: 0
ERROR:cache_service:Error setting OHLC batch: Object of type datetime is not JSON serializable
INFO:root:💾 Saved 500 records in 3.24s (154 rec/s) | 10 15min, 245 hourly, 245 daily | Queue: 0
ERROR:cache_service:Error setting OHLC batch: Object of type datetime is not JSON serializable
INFO:root:💾 Saved 500 records in 3.47s (144 rec/s) | 11 15min, 244 hourly, 245 daily | Queue: 0
ERROR:cache_service:Error setting OHLC batch: Object of type datetime is not JSON serializable
INFO:root:💾 Saved 296 records in 2.09s (142 rec/s) | 4 15min, 146 hourly, 146 daily | Queue: 0
INFO:root:📊 STATUS: 13,613,683 received | 13,576,949 processed | 36734 buffered | 2210 active | ProcQ: 0 | DBQ: 0 | 1,411,437 saved | Failed: 0 | Vol: TEXINFRA:48,793, DPWIRES:5,592
INFO:root:⏰ Interval update (60s): 08:12:56 UTC
INFO:root:📤 Queued 45470 ticks from 2270 instruments | Processing queue: 1
ERROR:cache_service:Error setting OHLC batch: Object of type datetime is not JSON serializable
INFO:root:💾 Saved 500 records in 2.51s (199 rec/s) | 21 15min, 240 hourly, 239 daily | Queue: 0
ERROR:cache_service:Error setting OHLC batch: Object of type datetime is not JSON serializable
INFO:root:💾 Saved 500 records in 2.59s (193 rec/s) | 13 15min, 243 hourly, 244 daily | Queue: 0
ERROR:cache_service:Error setting OHLC batch: Object of type datetime is not JSON serializable
INFO:root:💾 Saved 500 records in 1.99s (252 rec/s) | 17 15min, 242 hourly, 241 daily | Queue: 0
ERROR:cache_service:Error setting OHLC batch: Object of type datetime is not JSON serializable
INFO:root:💾 Saved 500 records in 1.93s (260 rec/s) | 15 15min, 242 hourly, 243 daily | Queue: 0
ERROR:cache_service:Error setting OHLC batch: Object of type datetime is not JSON serializable
INFO:root:💾 Saved 500 records in 1.22s (409 rec/s) | 19 15min, 241 hourly, 240 daily | Queue: 0
ERROR:cache_service:Error setting OHLC batch: Object of type datetime is not JSON serializable
INFO:root:💾 Saved 500 records in 0.99s (504 rec/s) | 13 15min, 243 hourly, 244 daily | Queue: 0
ERROR:cache_service:Error setting OHLC batch: Object of type datetime is not JSON serializable
INFO:root:💾 Saved 500 records in 0.89s (563 rec/s) | 9 15min, 246 hourly, 245 daily | Queue: 0
ERROR:cache_service:Error setting OHLC batch: Object of type datetime is not JSON serializable
INFO:root:💾 Saved 500 records in 0.71s (708 rec/s) | 11 15min, 244 hourly, 245 daily | Queue: 0
ERROR:cache_service:Error setting OHLC batch: Object of type datetime is not JSON serializable
INFO:root:💾 Saved 500 records in 0.49s (1014 rec/s) | 10 15min, 245 hourly, 245 daily | Queue: 0
ERROR:cache_service:Error setting OHLC batch: Object of type datetime is not JSON serializable
INFO:root:💾 Saved 172 records in 0.14s (1197 rec/s) | 4 15min, 84 hourly, 84 daily | Queue: 0
INFO:root:📊 STATUS: 13,636,485 received | 13,622,419 processed | 14066 buffered | 1956 active | ProcQ: 0 | DBQ: 0 | 1,416,109 saved | Failed: 0 | Vol: TEXINFRA:49,128, DPWIRES:5,592
INFO:root:📊 STATUS: 13,659,897 received | 13,622,419 processed | 37478 buffered | 2224 active | ProcQ: 0 | DBQ: 0 | 1,416,109 saved | Failed: 0 | Vol: TEXINFRA:49,128, DPWIRES:5,592
INFO:root:⏰ Interval update (60s): 08:13:57 UTC
INFO:root:📤 Queued 46478 ticks from 2282 instruments | Processing queue: 1
ERROR:cache_service:Error setting OHLC batch: Object of type datetime is not JSON serializable
INFO:root:💾 Saved 500 records in 0.41s (1214 rec/s) | 21 15min, 240 hourly, 239 daily | Queue: 0
ERROR:cache_service:Error setting OHLC batch: Object of type datetime is not JSON serializable
INFO:root:💾 Saved 500 records in 0.34s (1490 rec/s) | 16 15min, 242 hourly, 242 daily | Queue: 0
ERROR:cache_service:Error setting OHLC batch: Object of type datetime is not JSON serializable
INFO:root:💾 Saved 500 records in 0.25s (1983 rec/s) | 14 15min, 243 hourly, 243 daily | Queue: 0
ERROR:cache_service:Error setting OHLC batch: Object of type datetime is not JSON serializable
INFO:root:💾 Saved 500 records in 0.27s (1837 rec/s) | 14 15min, 243 hourly, 243 daily | Queue: 0
ERROR:cache_service:Error setting OHLC batch: Object of type datetime is not JSON serializable
INFO:root:💾 Saved 500 records in 0.22s (2236 rec/s) | 19 15min, 240 hourly, 241 daily | Queue: 0
ERROR:cache_service:Error setting OHLC batch: Object of type datetime is not JSON serializable
INFO:root:💾 Saved 500 records in 0.31s (1634 rec/s) | 13 15min, 244 hourly, 243 daily | Queue: 0
ERROR:cache_service:Error setting OHLC batch: Object of type datetime is not JSON serializable
INFO:root:💾 Saved 500 records in 0.21s (2430 rec/s) | 10 15min, 245 hourly, 245 daily | Queue: 0
ERROR:cache_service:Error setting OHLC batch: Object of type datetime is not JSON serializable
INFO:root:💾 Saved 500 records in 0.43s (1158 rec/s) | 11 15min, 244 hourly, 245 daily | Queue: 0
ERROR:cache_service:Error setting OHLC batch: Object of type datetime is not JSON serializable
INFO:root:💾 Saved 500 records in 0.19s (2609 rec/s) | 10 15min, 245 hourly, 245 daily | Queue: 0
ERROR:cache_service:Error setting OHLC batch: Object of type datetime is not JSON serializable
INFO:root:💾 Saved 196 records in 0.08s (2471 rec/s) | 4 15min, 96 hourly, 96 daily | Queue: 0
INFO:root:📊 STATUS: 13,683,292 received | 13,668,897 processed | 14395 buffered | 1972 active | ProcQ: 0 | DBQ: 0 | 1,420,805 saved | Failed: 0 | Vol: TEXINFRA:54,571, DPWIRES:5,592
INFO:root:📊 STATUS: 13,707,949 received | 13,668,897 processed | 39052 buffered | 2253 active | ProcQ: 0 | DBQ: 0 | 1,420,805 saved | Failed: 0 | Vol: TEXINFRA:54,571, DPWIRES:5,592
INFO:root:⏰ Interval update (60s): 08:14:57 UTC
INFO:root:📤 Queued 49601 ticks from 2303 instruments | Processing queue: 1
ERROR:cache_service:Error setting OHLC batch: Object of type datetime is not JSON serializable
INFO:root:💾 Saved 500 records in 0.19s (2582 rec/s) | 21 15min, 240 hourly, 239 daily | Queue: 0
ERROR:cache_service:Error setting OHLC batch: Object of type datetime is not JSON serializable
INFO:root:💾 Saved 500 records in 0.15s (3343 rec/s) | 17 15min, 241 hourly, 242 daily | Queue: 0
ERROR:cache_service:Error setting OHLC batch: Object of type datetime is not JSON serializable
INFO:root:💾 Saved 500 records in 0.18s (2703 rec/s) | 13 15min, 244 hourly, 243 daily | Queue: 0
ERROR:cache_service:Error setting OHLC batch: Object of type datetime is not JSON serializable
INFO:root:💾 Saved 500 records in 0.23s (2193 rec/s) | 15 15min, 242 hourly, 243 daily | Queue: 0
ERROR:cache_service:Error setting OHLC batch: Object of type datetime is not JSON serializable
INFO:root:💾 Saved 500 records in 0.16s (3093 rec/s) | 19 15min, 241 hourly, 240 daily | Queue: 0
ERROR:cache_service:Error setting OHLC batch: Object of type datetime is not JSON serializable
INFO:root:💾 Saved 500 records in 0.18s (2845 rec/s) | 13 15min, 243 hourly, 244 daily | Queue: 0
ERROR:cache_service:Error setting OHLC batch: Object of type datetime is not JSON serializable
INFO:root:💾 Saved 500 records in 0.16s (3089 rec/s) | 9 15min, 246 hourly, 245 daily | Queue: 0
ERROR:cache_service:Error setting OHLC batch: Object of type datetime is not JSON serializable
INFO:root:💾 Saved 500 records in 0.22s (2290 rec/s) | 11 15min, 244 hourly, 245 daily | Queue: 0
ERROR:cache_service:Error setting OHLC batch: Object of type datetime is not JSON serializable
INFO:root:💾 Saved 500 records in 0.19s (2666 rec/s) | 10 15min, 245 hourly, 245 daily | Queue: 0
ERROR:cache_service:Error setting OHLC batch: Object of type datetime is not JSON serializable
INFO:root:💾 Saved 238 records in 0.09s (2576 rec/s) | 4 15min, 117 hourly, 117 daily | Queue: 0
INFO:root:📊 STATUS: 13,733,121 received | 13,718,498 processed | 14623 buffered | 1974 active | ProcQ: 0 | DBQ: 0 | 1,425,543 saved | Failed: 0 | Vol: TEXINFRA:54,692, DPWIRES:5,592
INFO:root:📊 STATUS: 13,756,090 received | 13,718,498 processed | 37592 buffered | 2242 active | ProcQ: 0 | DBQ: 0 | 1,425,543 saved | Failed: 0 | Vol: TEXINFRA:54,692, DPWIRES:5,592
INFO:root:⏰ Interval update (60s): 08:15:57 UTC
INFO:root:📤 Queued 46244 ticks from 2281 instruments | Processing queue: 1
ERROR:cache_service:Error setting OHLC batch: Object of type datetime is not JSON serializable
INFO:root:💾 Saved 500 records in 0.55s (909 rec/s) | 21 15min, 240 hourly, 239 daily | Queue: 0
ERROR:cache_service:Error setting OHLC batch: Object of type datetime is not JSON serializable
INFO:root:💾 Saved 500 records in 0.44s (1138 rec/s) | 17 15min, 241 hourly, 242 daily | Queue: 0
ERROR:cache_service:Error setting OHLC batch: Object of type datetime is not JSON serializable
INFO:root:💾 Saved 500 records in 0.29s (1707 rec/s) | 14 15min, 243 hourly, 243 daily | Queue: 0
ERROR:cache_service:Error setting OHLC batch: Object of type datetime is not JSON serializable
INFO:root:💾 Saved 500 records in 0.51s (987 rec/s) | 14 15min, 243 hourly, 243 daily | Queue: 0
ERROR:cache_service:Error setting OHLC batch: Object of type datetime is not JSON serializable
INFO:root:💾 Saved 500 records in 0.92s (542 rec/s) | 19 15min, 241 hourly, 240 daily | Queue: 0
ERROR:cache_service:Error setting OHLC batch: Object of type datetime is not JSON serializable
INFO:root:💾 Saved 500 records in 0.79s (630 rec/s) | 13 15min, 243 hourly, 244 daily | Queue: 0
ERROR:cache_service:Error setting OHLC batch: Object of type datetime is not JSON serializable
INFO:root:💾 Saved 500 records in 0.47s (1066 rec/s) | 9 15min, 246 hourly, 245 daily | Queue: 0
ERROR:cache_service:Error setting OHLC batch: Object of type datetime is not JSON serializable
INFO:root:💾 Saved 500 records in 0.38s (1302 rec/s) | 11 15min, 244 hourly, 245 daily | Queue: 0
ERROR:cache_service:Error setting OHLC batch: Object of type datetime is not JSON serializable
INFO:root:💾 Saved 500 records in 0.36s (1379 rec/s) | 10 15min, 245 hourly, 245 daily | Queue: 0
ERROR:cache_service:Error setting OHLC batch: Object of type datetime is not JSON serializable
INFO:root:💾 Saved 194 records in 0.47s (416 rec/s) | 4 15min, 95 hourly, 95 daily | Queue: 0
INFO:root:📊 STATUS: 13,779,601 received | 13,764,742 processed | 14859 buffered | 1944 active | ProcQ: 0 | DBQ: 0 | 1,430,237 saved | Failed: 0 | Vol: TEXINFRA:77,532, DPWIRES:5,592
INFO:root:📊 STATUS: 13,803,237 received | 13,764,742 processed | 38495 buffered | 2197 active | ProcQ: 0 | DBQ: 0 | 1,430,237 saved | Failed: 0 | Vol: TEXINFRA:77,532, DPWIRES:5,592
INFO:root:⏰ Interval update (60s): 08:16:57 UTC
INFO:root:📤 Queued 46967 ticks from 2271 instruments | Processing queue: 1
ERROR:cache_service:Error setting OHLC batch: Object of type datetime is not JSON serializable
INFO:root:💾 Saved 500 records in 1.35s (372 rec/s) | 21 15min, 240 hourly, 239 daily | Queue: 0
ERROR:cache_service:Error setting OHLC batch: Object of type datetime is not JSON serializable
INFO:root:💾 Saved 500 records in 1.45s (345 rec/s) | 13 15min, 243 hourly, 244 daily | Queue: 0
ERROR:cache_service:Error setting OHLC batch: Object of type datetime is not JSON serializable
INFO:root:💾 Saved 500 records in 1.25s (401 rec/s) | 17 15min, 242 hourly, 241 daily | Queue: 0
ERROR:cache_service:Error setting OHLC batch: Object of type datetime is not JSON serializable
INFO:root:💾 Saved 500 records in 1.01s (494 rec/s) | 14 15min, 243 hourly, 243 daily | Queue: 0
ERROR:cache_service:Error setting OHLC batch: Object of type datetime is not JSON serializable
INFO:root:💾 Saved 500 records in 0.88s (568 rec/s) | 19 15min, 240 hourly, 241 daily | Queue: 0
ERROR:cache_service:Error setting OHLC batch: Object of type datetime is not JSON serializable
INFO:root:💾 Saved 500 records in 0.76s (654 rec/s) | 13 15min, 244 hourly, 243 daily | Queue: 0
ERROR:cache_service:Error setting OHLC batch: Object of type datetime is not JSON serializable
INFO:root:💾 Saved 500 records in 0.66s (758 rec/s) | 10 15min, 245 hourly, 245 daily | Queue: 0
ERROR:cache_service:Error setting OHLC batch: Object of type datetime is not JSON serializable
INFO:root:💾 Saved 500 records in 0.50s (996 rec/s) | 11 15min, 244 hourly, 245 daily | Queue: 0
ERROR:cache_service:Error setting OHLC batch: Object of type datetime is not JSON serializable
INFO:root:💾 Saved 500 records in 0.54s (921 rec/s) | 10 15min, 245 hourly, 245 daily | Queue: 0
ERROR:cache_service:Error setting OHLC batch: Object of type datetime is not JSON serializable
INFO:root:💾 Saved 174 records in 0.21s (830 rec/s) | 4 15min, 85 hourly, 85 daily | Queue: 0
INFO:root:📊 STATUS: 13,826,586 received | 13,811,709 processed | 14877 buffered | 1962 active | ProcQ: 0 | DBQ: 0 | 1,434,911 saved | Failed: 0 | Vol: TEXINFRA:78,274, DPWIRES:5,592
INFO:root:📊 STATUS: 13,850,980 received | 13,811,709 processed | 39271 buffered | 2211 active | ProcQ: 0 | DBQ: 0 | 1,434,911 saved | Failed: 0 | Vol: TEXINFRA:78,274, DPWIRES:5,592
INFO:root:⏰ Interval update (60s): 08:17:57 UTC
INFO:root:📤 Queued 48773 ticks from 2257 instruments | Processing queue: 1
ERROR:cache_service:Error setting OHLC batch: Object of type datetime is not JSON serializable
INFO:root:💾 Saved 500 records in 2.17s (230 rec/s) | 21 15min, 240 hourly, 239 daily | Queue: 0
ERROR:cache_service:Error setting OHLC batch: Object of type datetime is not JSON serializable
INFO:root:💾 Saved 500 records in 1.24s (404 rec/s) | 18 15min, 241 hourly, 241 daily | Queue: 0
ERROR:cache_service:Error setting OHLC batch: Object of type datetime is not JSON serializable
INFO:root:💾 Saved 500 records in 1.26s (397 rec/s) | 12 15min, 244 hourly, 244 daily | Queue: 0
ERROR:cache_service:Error setting OHLC batch: Object of type datetime is not JSON serializable
INFO:root:💾 Saved 500 records in 1.28s (391 rec/s) | 15 15min, 242 hourly, 243 daily | Queue: 0
ERROR:cache_service:Error setting OHLC batch: Object of type datetime is not JSON serializable
INFO:root:💾 Saved 500 records in 1.24s (404 rec/s) | 19 15min, 241 hourly, 240 daily | Queue: 0
ERROR:cache_service:Error setting OHLC batch: Object of type datetime is not JSON serializable
INFO:root:💾 Saved 500 records in 1.27s (394 rec/s) | 13 15min, 243 hourly, 244 daily | Queue: 0
ERROR:cache_service:Error setting OHLC batch: Object of type datetime is not JSON serializable
INFO:root:💾 Saved 500 records in 1.33s (376 rec/s) | 12 15min, 244 hourly, 244 daily | Queue: 0
ERROR:cache_service:Error setting OHLC batch: Object of type datetime is not JSON serializable
INFO:root:💾 Saved 500 records in 1.20s (415 rec/s) | 8 15min, 246 hourly, 246 daily | Queue: 0
ERROR:cache_service:Error setting OHLC batch: Object of type datetime is not JSON serializable
INFO:root:💾 Saved 500 records in 1.25s (401 rec/s) | 14 15min, 243 hourly, 243 daily | Queue: 0
ERROR:cache_service:Error setting OHLC batch: Object of type datetime is not JSON serializable
INFO:root:💾 Saved 146 records in 0.37s (396 rec/s) | 0 15min, 73 hourly, 73 daily | Queue: 0
INFO:root:📊 STATUS: 13,875,854 received | 13,860,482 processed | 15372 buffered | 1922 active | ProcQ: 0 | DBQ: 0 | 1,439,557 saved | Failed: 0 | Vol: TEXINFRA:79,930, DPWIRES:5,592
INFO:root:📊 STATUS: 13,899,376 received | 13,860,482 processed | 38894 buffered | 2213 active | ProcQ: 0 | DBQ: 0 | 1,439,557 saved | Failed: 0 | Vol: TEXINFRA:79,930, DPWIRES:5,592
INFO:root:⏰ Interval update (60s): 08:18:57 UTC
INFO:root:📤 Queued 46752 ticks from 2264 instruments | Processing queue: 1
ERROR:cache_service:Error setting OHLC batch: Object of type datetime is not JSON serializable
INFO:root:💾 Saved 500 records in 1.41s (355 rec/s) | 21 15min, 240 hourly, 239 daily | Queue: 0
ERROR:cache_service:Error setting OHLC batch: Object of type datetime is not JSON serializable
INFO:root:💾 Saved 500 records in 1.13s (444 rec/s) | 15 15min, 242 hourly, 243 daily | Queue: 0
ERROR:cache_service:Error setting OHLC batch: Object of type datetime is not JSON serializable
INFO:root:💾 Saved 500 records in 1.18s (424 rec/s) | 15 15min, 243 hourly, 242 daily | Queue: 0
ERROR:cache_service:Error setting OHLC batch: Object of type datetime is not JSON serializable
INFO:root:💾 Saved 500 records in 1.12s (446 rec/s) | 15 15min, 242 hourly, 243 daily | Queue: 0
ERROR:cache_service:Error setting OHLC batch: Object of type datetime is not JSON serializable
INFO:root:💾 Saved 500 records in 1.10s (457 rec/s) | 19 15min, 241 hourly, 240 daily | Queue: 0
ERROR:cache_service:Error setting OHLC batch: Object of type datetime is not JSON serializable
INFO:root:💾 Saved 500 records in 1.27s (394 rec/s) | 13 15min, 243 hourly, 244 daily | Queue: 0
ERROR:cache_service:Error setting OHLC batch: Object of type datetime is not JSON serializable
INFO:root:💾 Saved 500 records in 1.44s (346 rec/s) | 9 15min, 246 hourly, 245 daily | Queue: 0
ERROR:cache_service:Error setting OHLC batch: Object of type datetime is not JSON serializable
INFO:root:💾 Saved 500 records in 2.45s (204 rec/s) | 11 15min, 244 hourly, 245 daily | Queue: 0
ERROR:cache_service:Error setting OHLC batch: Object of type datetime is not JSON serializable
INFO:root:💾 Saved 500 records in 1.67s (299 rec/s) | 10 15min, 245 hourly, 245 daily | Queue: 0
ERROR:cache_service:Error setting OHLC batch: Object of type datetime is not JSON serializable
INFO:root:💾 Saved 160 records in 0.52s (307 rec/s) | 4 15min, 78 hourly, 78 daily | Queue: 0
INFO:root:📊 STATUS: 13,922,743 received | 13,907,234 processed | 15509 buffered | 2045 active | ProcQ: 0 | DBQ: 0 | 1,444,217 saved | Failed: 0 | Vol: TEXINFRA:79,930, DPWIRES:5,592
INFO:root:📊 STATUS: 13,945,923 received | 13,907,234 processed | 38689 buffered | 2258 active | ProcQ: 0 | DBQ: 0 | 1,444,217 saved | Failed: 0 | Vol: TEXINFRA:79,930, DPWIRES:5,592
INFO:root:⏰ Interval update (60s): 08:19:57 UTC
INFO:root:📤 Queued 46722 ticks from 2312 instruments | Processing queue: 1
INFO:root:📊 STATUS: 13,969,170 received | 13,953,956 processed | 15214 buffered | 2005 active | ProcQ: 0 | DBQ: 0 | 1,444,217 saved | Failed: 0 | Vol: TEXINFRA:79,930, DPWIRES:5,592
ERROR:cache_service:Error setting OHLC batch: Object of type datetime is not JSON serializable
INFO:root:💾 Saved 500 records in 42.62s (12 rec/s) | 21 15min, 240 hourly, 239 daily | Queue: 0
ERROR:cache_service:Error setting OHLC batch: Object of type datetime is not JSON serializable
INFO:root:💾 Saved 500 records in 6.49s (77 rec/s) | 13 15min, 243 hourly, 244 daily | Queue: 0
INFO:root:📊 STATUS: 13,993,555 received | 13,953,956 processed | 39599 buffered | 2215 active | ProcQ: 0 | DBQ: 0 | 1,445,217 saved | Failed: 0 | Vol: TEXINFRA:79,930, DPWIRES:5,592
ERROR:cache_service:Error setting OHLC batch: Object of type datetime is not JSON serializable
INFO:root:💾 Saved 500 records in 8.33s (60 rec/s) | 17 15min, 242 hourly, 241 daily | Queue: 0
INFO:root:⏰ Interval update (60s): 08:20:58 UTC
INFO:root:📤 Queued 48617 ticks from 2277 instruments | Processing queue: 1
ERROR:cache_service:Error setting OHLC batch: Object of type datetime is not JSON serializable
INFO:root:💾 Saved 500 records in 7.47s (67 rec/s) | 15 15min, 242 hourly, 243 daily | Queue: 1
ERROR:cache_service:Error setting OHLC batch: Object of type datetime is not JSON serializable
INFO:root:💾 Saved 500 records in 6.17s (81 rec/s) | 15 15min, 243 hourly, 242 daily | Queue: 1
INFO:root:📊 STATUS: 14,017,839 received | 14,002,573 processed | 15266 buffered | 2073 active | ProcQ: 0 | DBQ: 1 | 1,446,717 saved | Failed: 0 | Vol: TEXINFRA:80,219, DPWIRES:5,592
ERROR:cache_service:Error setting OHLC batch: Object of type datetime is not JSON serializable
INFO:root:💾 Saved 500 records in 9.66s (52 rec/s) | 17 15min, 241 hourly, 242 daily | Queue: 1
INFO:root:📊 STATUS: 14,039,933 received | 14,002,573 processed | 37360 buffered | 2256 active | ProcQ: 0 | DBQ: 1 | 1,447,217 saved | Failed: 0 | Vol: TEXINFRA:80,219, DPWIRES:5,592
ERROR:cache_service:Error setting OHLC batch: Object of type datetime is not JSON serializable
INFO:root:💾 Saved 500 records in 38.10s (13 rec/s) | 9 15min, 246 hourly, 245 daily | Queue: 1
INFO:root:⏰ Interval update (60s): 08:21:58 UTC
INFO:root:📤 Queued 45096 ticks from 2301 instruments | Processing queue: 1
ERROR:cache_service:Error setting OHLC batch: Object of type datetime is not JSON serializable
INFO:root:💾 Saved 500 records in 9.98s (50 rec/s) | 11 15min, 244 hourly, 245 daily | Queue: 2
INFO:root:📊 STATUS: 14,062,873 received | 14,047,669 processed | 15204 buffered | 1944 active | ProcQ: 0 | DBQ: 2 | 1,448,217 saved | Failed: 0 | Vol: TEXINFRA:80,511, DPWIRES:5,592
INFO:root:📊 STATUS: 14,085,421 received | 14,047,669 processed | 37752 buffered | 2226 active | ProcQ: 0 | DBQ: 2 | 1,448,217 saved | Failed: 0 | Vol: TEXINFRA:80,511, DPWIRES:5,592
INFO:root:⏰ Interval update (60s): 08:22:58 UTC
INFO:root:📤 Queued 45663 ticks from 2276 instruments | Processing queue: 1
ERROR:cache_service:Error setting OHLC batch: Object of type datetime is not JSON serializable
INFO:root:💾 Saved 500 records in 51.30s (10 rec/s) | 10 15min, 245 hourly, 245 daily | Queue: 2
ERROR:cache_service:Error setting OHLC batch: Object of type datetime is not JSON serializable
INFO:root:💾 Saved 256 records in 16.38s (16 rec/s) | 4 15min, 126 hourly, 126 daily | Queue: 3
INFO:root:📊 STATUS: 14,108,645 received | 14,093,332 processed | 15313 buffered | 2004 active | ProcQ: 0 | DBQ: 2 | 1,448,973 saved | Failed: 0 | Vol: TEXINFRA:81,193, DPWIRES:5,648
ERROR:cache_service:Error setting OHLC batch: Object of type datetime is not JSON serializable
INFO:root:💾 Saved 500 records in 17.11s (29 rec/s) | 21 15min, 240 hourly, 239 daily | Queue: 2
ERROR:cache_service:Error setting OHLC batch: Object of type datetime is not JSON serializable
INFO:root:💾 Saved 500 records in 11.18s (45 rec/s) | 13 15min, 243 hourly, 244 daily | Queue: 2
INFO:root:📊 STATUS: 14,133,428 received | 14,093,332 processed | 40096 buffered | 2281 active | ProcQ: 0 | DBQ: 2 | 1,449,973 saved | Failed: 0 | Vol: TEXINFRA:81,193, DPWIRES:5,648
ERROR:cache_service:Error setting OHLC batch: Object of type datetime is not JSON serializable
INFO:root:💾 Saved 500 records in 8.57s (58 rec/s) | 17 15min, 242 hourly, 241 daily | Queue: 2
INFO:root:⏰ Interval update (60s): 08:23:58 UTC
INFO:root:📤 Queued 49120 ticks from 2326 instruments | Processing queue: 1
ERROR:cache_service:Error setting OHLC batch: Object of type datetime is not JSON serializable
INFO:root:💾 Saved 500 records in 9.83s (51 rec/s) | 15 15min, 242 hourly, 243 daily | Queue: 3
ERROR:cache_service:Error setting OHLC batch: Object of type datetime is not JSON serializable
INFO:root:💾 Saved 500 records in 8.58s (58 rec/s) | 19 15min, 241 hourly, 240 daily | Queue: 3
ERROR:cache_service:Error setting OHLC batch: Object of type datetime is not JSON serializable
INFO:root:💾 Saved 500 records in 4.04s (124 rec/s) | 13 15min, 243 hourly, 244 daily | Queue: 3
ERROR:cache_service:Error setting OHLC batch: Object of type datetime is not JSON serializable
INFO:root:💾 Saved 500 records in 3.66s (137 rec/s) | 9 15min, 246 hourly, 245 daily | Queue: 3
INFO:root:📊 STATUS: 14,158,394 received | 14,142,452 processed | 15942 buffered | 2036 active | ProcQ: 0 | DBQ: 3 | 1,452,473 saved | Failed: 0 | Vol: TEXINFRA:81,193, DPWIRES:5,648
ERROR:cache_service:Error setting OHLC batch: Object of type datetime is not JSON serializable
INFO:root:💾 Saved 500 records in 4.01s (125 rec/s) | 11 15min, 244 hourly, 245 daily | Queue: 3
ERROR:cache_service:Error setting OHLC batch: Object of type datetime is not JSON serializable
INFO:root:💾 Saved 500 records in 3.57s (140 rec/s) | 10 15min, 245 hourly, 245 daily | Queue: 3
ERROR:cache_service:Error setting OHLC batch: Object of type datetime is not JSON serializable
INFO:root:💾 Saved 186 records in 1.32s (141 rec/s) | 4 15min, 91 hourly, 91 daily | Queue: 3
ERROR:cache_service:Error setting OHLC batch: Object of type datetime is not JSON serializable
INFO:root:💾 Saved 500 records in 3.31s (151 rec/s) | 21 15min, 240 hourly, 239 daily | Queue: 2
ERROR:cache_service:Error setting OHLC batch: Object of type datetime is not JSON serializable
INFO:root:💾 Saved 500 records in 3.54s (141 rec/s) | 15 15min, 242 hourly, 243 daily | Queue: 2
ERROR:cache_service:Error setting OHLC batch: Object of type datetime is not JSON serializable
INFO:root:💾 Saved 500 records in 4.63s (108 rec/s) | 15 15min, 243 hourly, 242 daily | Queue: 2
ERROR:cache_service:Error setting OHLC batch: Object of type datetime is not JSON serializable
INFO:root:💾 Saved 500 records in 5.33s (94 rec/s) | 15 15min, 242 hourly, 243 daily | Queue: 2
INFO:root:📊 STATUS: 14,181,473 received | 14,142,452 processed | 39021 buffered | 2245 active | ProcQ: 0 | DBQ: 2 | 1,455,659 saved | Failed: 0 | Vol: TEXINFRA:81,193, DPWIRES:5,648
ERROR:cache_service:Error setting OHLC batch: Object of type datetime is not JSON serializable
INFO:root:💾 Saved 500 records in 6.32s (79 rec/s) | 19 15min, 241 hourly, 240 daily | Queue: 2
ERROR:cache_service:Error setting OHLC batch: Object of type datetime is not JSON serializable
INFO:root:💾 Saved 500 records in 4.51s (111 rec/s) | 13 15min, 243 hourly, 244 daily | Queue: 2
ERROR:cache_service:Error setting OHLC batch: Object of type datetime is not JSON serializable
INFO:root:💾 Saved 500 records in 2.48s (201 rec/s) | 9 15min, 246 hourly, 245 daily | Queue: 2
INFO:root:⏰ Interval update (60s): 08:24:58 UTC
INFO:root:📤 Queued 46872 ticks from 2285 instruments | Processing queue: 1
ERROR:cache_service:Error setting OHLC batch: Object of type datetime is not JSON serializable
INFO:root:💾 Saved 500 records in 1.98s (253 rec/s) | 11 15min, 244 hourly, 245 daily | Queue: 2
ERROR:cache_service:Error setting OHLC batch: Object of type datetime is not JSON serializable
INFO:root:💾 Saved 500 records in 1.91s (262 rec/s) | 10 15min, 245 hourly, 245 daily | Queue: 3
ERROR:cache_service:Error setting OHLC batch: Object of type datetime is not JSON serializable
INFO:root:💾 Saved 234 records in 1.00s (233 rec/s) | 4 15min, 115 hourly, 115 daily | Queue: 3
ERROR:cache_service:Error setting OHLC batch: Object of type datetime is not JSON serializable
INFO:root:💾 Saved 500 records in 1.75s (285 rec/s) | 21 15min, 240 hourly, 239 daily | Queue: 2
ERROR:cache_service:Error setting OHLC batch: Object of type datetime is not JSON serializable
INFO:root:💾 Saved 500 records in 1.83s (273 rec/s) | 15 15min, 242 hourly, 243 daily | Queue: 2
ERROR:cache_service:Error setting OHLC batch: Object of type datetime is not JSON serializable
INFO:root:💾 Saved 500 records in 1.73s (289 rec/s) | 16 15min, 242 hourly, 242 daily | Queue: 2
ERROR:cache_service:Error setting OHLC batch: Object of type datetime is not JSON serializable
INFO:root:💾 Saved 500 records in 1.57s (318 rec/s) | 14 15min, 243 hourly, 243 daily | Queue: 2
ERROR:cache_service:Error setting OHLC batch: Object of type datetime is not JSON serializable
INFO:root:💾 Saved 500 records in 1.76s (285 rec/s) | 18 15min, 241 hourly, 241 daily | Queue: 2
ERROR:cache_service:Error setting OHLC batch: Object of type datetime is not JSON serializable
INFO:root:💾 Saved 500 records in 2.14s (234 rec/s) | 13 15min, 244 hourly, 243 daily | Queue: 2
ERROR:cache_service:Error setting OHLC batch: Object of type datetime is not JSON serializable
INFO:root:💾 Saved 500 records in 1.48s (338 rec/s) | 10 15min, 245 hourly, 245 daily | Queue: 2
ERROR:cache_service:Error setting OHLC batch: Object of type datetime is not JSON serializable
INFO:root:💾 Saved 500 records in 1.39s (360 rec/s) | 11 15min, 244 hourly, 245 daily | Queue: 2
ERROR:cache_service:Error setting OHLC batch: Object of type datetime is not JSON serializable
INFO:root:💾 Saved 500 records in 1.63s (307 rec/s) | 10 15min, 245 hourly, 245 daily | Queue: 2
ERROR:cache_service:Error setting OHLC batch: Object of type datetime is not JSON serializable
INFO:root:💾 Saved 184 records in 0.40s (462 rec/s) | 4 15min, 90 hourly, 90 daily | Queue: 2
ERROR:cache_service:Error setting OHLC batch: Object of type datetime is not JSON serializable
INFO:root:💾 Saved 500 records in 0.85s (590 rec/s) | 21 15min, 240 hourly, 239 daily | Queue: 1
ERROR:cache_service:Error setting OHLC batch: Object of type datetime is not JSON serializable
INFO:root:💾 Saved 500 records in 0.68s (738 rec/s) | 13 15min, 243 hourly, 244 daily | Queue: 1
INFO:root:📊 STATUS: 14,205,316 received | 14,189,324 processed | 15992 buffered | 1972 active | ProcQ: 0 | DBQ: 1 | 1,464,077 saved | Failed: 0 | Vol: TEXINFRA:81,193, DPWIRES:5,648
ERROR:cache_service:Error setting OHLC batch: Object of type datetime is not JSON serializable
INFO:root:💾 Saved 500 records in 0.71s (700 rec/s) | 17 15min, 242 hourly, 241 daily | Queue: 1
ERROR:cache_service:Error setting OHLC batch: Object of type datetime is not JSON serializable
INFO:root:💾 Saved 500 records in 0.78s (643 rec/s) | 15 15min, 242 hourly, 243 daily | Queue: 1
ERROR:cache_service:Error setting OHLC batch: Object of type datetime is not JSON serializable
INFO:root:💾 Saved 500 records in 0.64s (783 rec/s) | 19 15min, 241 hourly, 240 daily | Queue: 1
ERROR:cache_service:Error setting OHLC batch: Object of type datetime is not JSON serializable
INFO:root:💾 Saved 500 records in 0.49s (1019 rec/s) | 13 15min, 243 hourly, 244 daily | Queue: 1
ERROR:cache_service:Error setting OHLC batch: Object of type datetime is not JSON serializable
INFO:root:💾 Saved 500 records in 0.48s (1046 rec/s) | 9 15min, 246 hourly, 245 daily | Queue: 1
ERROR:cache_service:Error setting OHLC batch: Object of type datetime is not JSON serializable
INFO:root:💾 Saved 500 records in 0.82s (609 rec/s) | 11 15min, 244 hourly, 245 daily | Queue: 1
ERROR:cache_service:Error setting OHLC batch: Object of type datetime is not JSON serializable
INFO:root:💾 Saved 500 records in 1.34s (373 rec/s) | 10 15min, 245 hourly, 245 daily | Queue: 1
ERROR:cache_service:Error setting OHLC batch: Object of type datetime is not JSON serializable
INFO:root:💾 Saved 284 records in 0.70s (405 rec/s) | 4 15min, 140 hourly, 140 daily | Queue: 1
ERROR:cache_service:Error setting OHLC batch: Object of type datetime is not JSON serializable
INFO:root:💾 Saved 500 records in 1.05s (477 rec/s) | 21 15min, 240 hourly, 239 daily | Queue: 0
ERROR:cache_service:Error setting OHLC batch: Object of type datetime is not JSON serializable
INFO:root:💾 Saved 500 records in 0.95s (527 rec/s) | 13 15min, 243 hourly, 244 daily | Queue: 0
ERROR:cache_service:Error setting OHLC batch: Object of type datetime is not JSON serializable
INFO:root:💾 Saved 500 records in 0.81s (617 rec/s) | 17 15min, 242 hourly, 241 daily | Queue: 0
ERROR:cache_service:Error setting OHLC batch: Object of type datetime is not JSON serializable
INFO:root:💾 Saved 500 records in 0.95s (525 rec/s) | 15 15min, 242 hourly, 243 daily | Queue: 0
ERROR:cache_service:Error setting OHLC batch: Object of type datetime is not JSON serializable
INFO:root:💾 Saved 500 records in 1.00s (500 rec/s) | 19 15min, 241 hourly, 240 daily | Queue: 0
ERROR:cache_service:Error setting OHLC batch: Object of type datetime is not JSON serializable
INFO:root:💾 Saved 500 records in 0.83s (600 rec/s) | 13 15min, 243 hourly, 244 daily | Queue: 0
ERROR:cache_service:Error setting OHLC batch: Object of type datetime is not JSON serializable
INFO:root:💾 Saved 500 records in 0.42s (1205 rec/s) | 9 15min, 246 hourly, 245 daily | Queue: 0
ERROR:cache_service:Error setting OHLC batch: Object of type datetime is not JSON serializable
INFO:root:💾 Saved 500 records in 0.61s (817 rec/s) | 11 15min, 244 hourly, 245 daily | Queue: 0
ERROR:cache_service:Error setting OHLC batch: Object of type datetime is not JSON serializable
INFO:root:💾 Saved 500 records in 0.45s (1103 rec/s) | 10 15min, 245 hourly, 245 daily | Queue: 0
ERROR:cache_service:Error setting OHLC batch: Object of type datetime is not JSON serializable
INFO:root:💾 Saved 202 records in 0.20s (998 rec/s) | 4 15min, 99 hourly, 99 daily | Queue: 0
INFO:root:📊 STATUS: 14,228,268 received | 14,189,324 processed | 38944 buffered | 2307 active | ProcQ: 0 | DBQ: 0 | 1,472,563 saved | Failed: 0 | Vol: TEXINFRA:81,193, DPWIRES:5,648
INFO:root:⏰ Interval update (60s): 08:25:58 UTC
INFO:root:📤 Queued 46563 ticks from 2340 instruments | Processing queue: 1
ERROR:cache_service:Error setting OHLC batch: Object of type datetime is not JSON serializable
INFO:root:💾 Saved 500 records in 2.61s (192 rec/s) | 21 15min, 240 hourly, 239 daily | Queue: 0
ERROR:cache_service:Error setting OHLC batch: Object of type datetime is not JSON serializable
INFO:root:💾 Saved 500 records in 3.12s (160 rec/s) | 15 15min, 242 hourly, 243 daily | Queue: 0
ERROR:cache_service:Error setting OHLC batch: Object of type datetime is not JSON serializable
INFO:root:💾 Saved 500 records in 3.24s (154 rec/s) | 15 15min, 243 hourly, 242 daily | Queue: 0
ERROR:cache_service:Error setting OHLC batch: Object of type datetime is not JSON serializable
INFO:root:💾 Saved 500 records in 4.11s (122 rec/s) | 15 15min, 242 hourly, 243 daily | Queue: 0
ERROR:cache_service:Error setting OHLC batch: Object of type datetime is not JSON serializable
INFO:root:💾 Saved 500 records in 1.84s (271 rec/s) | 15 15min, 243 hourly, 242 daily | Queue: 0
ERROR:cache_service:Error setting OHLC batch: Object of type datetime is not JSON serializable
INFO:root:💾 Saved 500 records in 1.82s (274 rec/s) | 17 15min, 241 hourly, 242 daily | Queue: 0
ERROR:cache_service:Error setting OHLC batch: Object of type datetime is not JSON serializable
INFO:root:💾 Saved 500 records in 2.45s (204 rec/s) | 9 15min, 246 hourly, 245 daily | Queue: 0
INFO:root:📊 STATUS: 14,251,861 received | 14,235,887 processed | 15974 buffered | 2096 active | ProcQ: 0 | DBQ: 0 | 1,476,063 saved | Failed: 0 | Vol: TEXINFRA:81,228, DPWIRES:5,648
ERROR:cache_service:Error setting OHLC batch: Object of type datetime is not JSON serializable
INFO:root:💾 Saved 500 records in 3.47s (144 rec/s) | 9 15min, 245 hourly, 246 daily | Queue: 0
ERROR:cache_service:Error setting OHLC batch: Object of type datetime is not JSON serializable
INFO:root:💾 Saved 500 records in 2.71s (184 rec/s) | 10 15min, 245 hourly, 245 daily | Queue: 0
ERROR:cache_service:Error setting OHLC batch: Object of type datetime is not JSON serializable
INFO:root:💾 Saved 312 records in 1.83s (170 rec/s) | 6 15min, 153 hourly, 153 daily | Queue: 0
INFO:root:📊 STATUS: 14,276,603 received | 14,235,887 processed | 40716 buffered | 2294 active | ProcQ: 0 | DBQ: 0 | 1,477,375 saved | Failed: 0 | Vol: TEXINFRA:81,228, DPWIRES:5,648
INFO:root:⏰ Interval update (60s): 08:26:58 UTC
INFO:root:📤 Queued 48920 ticks from 2333 instruments | Processing queue: 1
ERROR:cache_service:Error setting OHLC batch: Object of type datetime is not JSON serializable
INFO:root:💾 Saved 500 records in 1.79s (279 rec/s) | 21 15min, 240 hourly, 239 daily | Queue: 0
ERROR:cache_service:Error setting OHLC batch: Object of type datetime is not JSON serializable
INFO:root:💾 Saved 500 records in 1.51s (331 rec/s) | 13 15min, 243 hourly, 244 daily | Queue: 0
ERROR:cache_service:Error setting OHLC batch: Object of type datetime is not JSON serializable
INFO:root:💾 Saved 500 records in 1.28s (390 rec/s) | 17 15min, 242 hourly, 241 daily | Queue: 0
ERROR:cache_service:Error setting OHLC batch: Object of type datetime is not JSON serializable
INFO:root:💾 Saved 500 records in 1.13s (444 rec/s) | 15 15min, 242 hourly, 243 daily | Queue: 0
ERROR:cache_service:Error setting OHLC batch: Object of type datetime is not JSON serializable
INFO:root:💾 Saved 500 records in 1.07s (466 rec/s) | 15 15min, 243 hourly, 242 daily | Queue: 0
ERROR:cache_service:Error setting OHLC batch: Object of type datetime is not JSON serializable
INFO:root:💾 Saved 500 records in 1.01s (497 rec/s) | 17 15min, 241 hourly, 242 daily | Queue: 0
ERROR:cache_service:Error setting OHLC batch: Object of type datetime is not JSON serializable
INFO:root:💾 Saved 500 records in 1.07s (468 rec/s) | 9 15min, 246 hourly, 245 daily | Queue: 0
ERROR:cache_service:Error setting OHLC batch: Object of type datetime is not JSON serializable
INFO:root:💾 Saved 500 records in 0.69s (725 rec/s) | 8 15min, 246 hourly, 246 daily | Queue: 0
ERROR:cache_service:Error setting OHLC batch: Object of type datetime is not JSON serializable
INFO:root:💾 Saved 500 records in 0.30s (1666 rec/s) | 13 15min, 243 hourly, 244 daily | Queue: 0
ERROR:cache_service:Error setting OHLC batch: Object of type datetime is not JSON serializable
INFO:root:💾 Saved 298 records in 0.15s (1994 rec/s) | 4 15min, 147 hourly, 147 daily | Queue: 0
INFO:root:📊 STATUS: 14,301,448 received | 14,284,807 processed | 16641 buffered | 2023 active | ProcQ: 0 | DBQ: 0 | 1,482,173 saved | Failed: 0 | Vol: TEXINFRA:81,576, DPWIRES:5,706
INFO:root:📊 STATUS: 14,325,014 received | 14,284,807 processed | 40207 buffered | 2272 active | ProcQ: 0 | DBQ: 0 | 1,482,173 saved | Failed: 0 | Vol: TEXINFRA:81,576, DPWIRES:5,706
INFO:root:⏰ Interval update (60s): 08:27:59 UTC
INFO:root:📤 Queued 47483 ticks from 2339 instruments | Processing queue: 1
ERROR:cache_service:Error setting OHLC batch: Object of type datetime is not JSON serializable
INFO:root:💾 Saved 500 records in 0.22s (2244 rec/s) | 21 15min, 240 hourly, 239 daily | Queue: 0
ERROR:cache_service:Error setting OHLC batch: Object of type datetime is not JSON serializable
INFO:root:💾 Saved 500 records in 0.27s (1834 rec/s) | 13 15min, 243 hourly, 244 daily | Queue: 0
ERROR:cache_service:Error setting OHLC batch: Object of type datetime is not JSON serializable
INFO:root:💾 Saved 500 records in 0.20s (2448 rec/s) | 17 15min, 242 hourly, 241 daily | Queue: 0
ERROR:cache_service:Error setting OHLC batch: Object of type datetime is not JSON serializable
INFO:root:💾 Saved 500 records in 0.17s (2866 rec/s) | 15 15min, 242 hourly, 243 daily | Queue: 0
ERROR:cache_service:Error setting OHLC batch: Object of type datetime is not JSON serializable
INFO:root:💾 Saved 500 records in 0.16s (3209 rec/s) | 16 15min, 242 hourly, 242 daily | Queue: 0
ERROR:cache_service:Error setting OHLC batch: Object of type datetime is not JSON serializable
INFO:root:💾 Saved 500 records in 0.13s (3936 rec/s) | 16 15min, 242 hourly, 242 daily | Queue: 0
ERROR:cache_service:Error setting OHLC batch: Object of type datetime is not JSON serializable
INFO:root:💾 Saved 500 records in 0.16s (3152 rec/s) | 9 15min, 246 hourly, 245 daily | Queue: 0
ERROR:cache_service:Error setting OHLC batch: Object of type datetime is not JSON serializable
INFO:root:💾 Saved 500 records in 0.17s (2991 rec/s) | 11 15min, 244 hourly, 245 daily | Queue: 0
ERROR:cache_service:Error setting OHLC batch: Object of type datetime is not JSON serializable
INFO:root:💾 Saved 500 records in 0.19s (2627 rec/s) | 10 15min, 245 hourly, 245 daily | Queue: 0
ERROR:cache_service:Error setting OHLC batch: Object of type datetime is not JSON serializable
INFO:root:💾 Saved 310 records in 0.15s (2084 rec/s) | 4 15min, 153 hourly, 153 daily | Queue: 0
INFO:root:📊 STATUS: 14,348,234 received | 14,332,290 processed | 15944 buffered | 2163 active | ProcQ: 0 | DBQ: 0 | 1,486,983 saved | Failed: 0 | Vol: TEXINFRA:81,576, DPWIRES:5,706
INFO:root:📊 STATUS: 14,372,021 received | 14,332,290 processed | 39731 buffered | 2315 active | ProcQ: 0 | DBQ: 0 | 1,486,983 saved | Failed: 0 | Vol: TEXINFRA:81,576, DPWIRES:5,706
INFO:root:⏰ Interval update (60s): 08:28:59 UTC
INFO:root:📤 Queued 46953 ticks from 2347 instruments | Processing queue: 1
ERROR:cache_service:Error setting OHLC batch: Object of type datetime is not JSON serializable
INFO:root:💾 Saved 500 records in 0.34s (1467 rec/s) | 21 15min, 240 hourly, 239 daily | Queue: 0
ERROR:cache_service:Error setting OHLC batch: Object of type datetime is not JSON serializable
INFO:root:💾 Saved 500 records in 0.13s (3823 rec/s) | 13 15min, 243 hourly, 244 daily | Queue: 0
ERROR:cache_service:Error setting OHLC batch: Object of type datetime is not JSON serializable
INFO:root:💾 Saved 500 records in 0.12s (4131 rec/s) | 17 15min, 242 hourly, 241 daily | Queue: 0
ERROR:cache_service:Error setting OHLC batch: Object of type datetime is not JSON serializable
INFO:root:💾 Saved 500 records in 0.11s (4629 rec/s) | 15 15min, 242 hourly, 243 daily | Queue: 0
ERROR:cache_service:Error setting OHLC batch: Object of type datetime is not JSON serializable
INFO:root:💾 Saved 500 records in 0.12s (4189 rec/s) | 19 15min, 241 hourly, 240 daily | Queue: 0
ERROR:cache_service:Error setting OHLC batch: Object of type datetime is not JSON serializable
INFO:root:💾 Saved 500 records in 0.15s (3329 rec/s) | 13 15min, 243 hourly, 244 daily | Queue: 0
ERROR:cache_service:Error setting OHLC batch: Object of type datetime is not JSON serializable
INFO:root:💾 Saved 500 records in 0.09s (5437 rec/s) | 9 15min, 246 hourly, 245 daily | Queue: 0
ERROR:cache_service:Error setting OHLC batch: Object of type datetime is not JSON serializable
INFO:root:💾 Saved 500 records in 0.15s (3371 rec/s) | 9 15min, 245 hourly, 246 daily | Queue: 0
ERROR:cache_service:Error setting OHLC batch: Object of type datetime is not JSON serializable
INFO:root:💾 Saved 500 records in 0.13s (3783 rec/s) | 8 15min, 246 hourly, 246 daily | Queue: 0
ERROR:cache_service:Error setting OHLC batch: Object of type datetime is not JSON serializable
INFO:root:💾 Saved 326 records in 0.09s (3467 rec/s) | 8 15min, 159 hourly, 159 daily | Queue: 0
INFO:root:📊 STATUS: 14,395,249 received | 14,379,243 processed | 16006 buffered | 2015 active | ProcQ: 0 | DBQ: 0 | 1,491,809 saved | Failed: 0 | Vol: TEXINFRA:81,576, DPWIRES:5,706
INFO:root:📊 STATUS: 14,420,468 received | 14,379,243 processed | 41225 buffered | 2341 active | ProcQ: 0 | DBQ: 0 | 1,491,809 saved | Failed: 0 | Vol: TEXINFRA:81,576, DPWIRES:5,706
INFO:root:⏰ Interval update (60s): 08:29:59 UTC
INFO:root:📤 Queued 49437 ticks from 2366 instruments | Processing queue: 1
ERROR:cache_service:Error setting OHLC batch: Object of type datetime is not JSON serializable
INFO:root:💾 Saved 500 records in 0.31s (1620 rec/s) | 21 15min, 240 hourly, 239 daily | Queue: 0
ERROR:cache_service:Error setting OHLC batch: Object of type datetime is not JSON serializable
INFO:root:💾 Saved 500 records in 0.13s (3716 rec/s) | 13 15min, 243 hourly, 244 daily | Queue: 0
ERROR:cache_service:Error setting OHLC batch: Object of type datetime is not JSON serializable
INFO:root:💾 Saved 500 records in 0.11s (4567 rec/s) | 17 15min, 242 hourly, 241 daily | Queue: 0
ERROR:cache_service:Error setting OHLC batch: Object of type datetime is not JSON serializable
INFO:root:💾 Saved 500 records in 0.10s (5156 rec/s) | 15 15min, 242 hourly, 243 daily | Queue: 0
ERROR:cache_service:Error setting OHLC batch: Object of type datetime is not JSON serializable
INFO:root:💾 Saved 500 records in 0.12s (4291 rec/s) | 15 15min, 243 hourly, 242 daily | Queue: 0
ERROR:cache_service:Error setting OHLC batch: Object of type datetime is not JSON serializable
INFO:root:💾 Saved 500 records in 0.10s (5206 rec/s) | 17 15min, 241 hourly, 242 daily | Queue: 0
ERROR:cache_service:Error setting OHLC batch: Object of type datetime is not JSON serializable
INFO:root:💾 Saved 500 records in 0.08s (6010 rec/s) | 6 15min, 247 hourly, 247 daily | Queue: 0
ERROR:cache_service:Error setting OHLC batch: Object of type datetime is not JSON serializable
INFO:root:💾 Saved 500 records in 0.10s (5200 rec/s) | 11 15min, 245 hourly, 244 daily | Queue: 0
ERROR:cache_service:Error setting OHLC batch: Object of type datetime is not JSON serializable
INFO:root:💾 Saved 500 records in 0.10s (4936 rec/s) | 9 15min, 245 hourly, 246 daily | Queue: 0
ERROR:cache_service:Error setting OHLC batch: Object of type datetime is not JSON serializable
INFO:root:💾 Saved 364 records in 0.10s (3728 rec/s) | 8 15min, 178 hourly, 178 daily | Queue: 0
INFO:root:📊 STATUS: 14,445,497 received | 14,428,680 processed | 16817 buffered | 2051 active | ProcQ: 0 | DBQ: 0 | 1,496,673 saved | Failed: 0 | Vol: TEXINFRA:82,628, DPWIRES:5,706
INFO:root:📊 STATUS: 14,468,975 received | 14,428,680 processed | 40295 buffered | 2257 active | ProcQ: 0 | DBQ: 0 | 1,496,673 saved | Failed: 0 | Vol: TEXINFRA:82,628, DPWIRES:5,706
INFO:root:⏰ Interval update (60s): 08:30:59 UTC
INFO:root:📤 Queued 47272 ticks from 2312 instruments | Processing queue: 1
ERROR:cache_service:Error setting OHLC batch: Object of type datetime is not JSON serializable
INFO:root:💾 Saved 500 records in 2.42s (207 rec/s) | 21 15min, 240 hourly, 239 daily | Queue: 0
ERROR:cache_service:Error setting OHLC batch: Object of type datetime is not JSON serializable
INFO:root:💾 Saved 500 records in 2.13s (235 rec/s) | 15 15min, 242 hourly, 243 daily | Queue: 0
ERROR:cache_service:Error setting OHLC batch: Object of type datetime is not JSON serializable
INFO:root:💾 Saved 500 records in 1.65s (303 rec/s) | 15 15min, 243 hourly, 242 daily | Queue: 0
ERROR:cache_service:Error setting OHLC batch: Object of type datetime is not JSON serializable
INFO:root:💾 Saved 500 records in 1.53s (327 rec/s) | 15 15min, 242 hourly, 243 daily | Queue: 0
ERROR:cache_service:Error setting OHLC batch: Object of type datetime is not JSON serializable
INFO:root:💾 Saved 500 records in 1.25s (401 rec/s) | 19 15min, 241 hourly, 240 daily | Queue: 0
ERROR:cache_service:Error setting OHLC batch: Object of type datetime is not JSON serializable
INFO:root:💾 Saved 500 records in 1.05s (475 rec/s) | 13 15min, 243 hourly, 244 daily | Queue: 0
ERROR:cache_service:Error setting OHLC batch: Object of type datetime is not JSON serializable
INFO:root:💾 Saved 500 records in 0.99s (507 rec/s) | 9 15min, 246 hourly, 245 daily | Queue: 0
ERROR:cache_service:Error setting OHLC batch: Object of type datetime is not JSON serializable
INFO:root:💾 Saved 500 records in 0.99s (506 rec/s) | 11 15min, 244 hourly, 245 daily | Queue: 0
ERROR:cache_service:Error setting OHLC batch: Object of type datetime is not JSON serializable
INFO:root:💾 Saved 500 records in 1.03s (487 rec/s) | 10 15min, 245 hourly, 245 daily | Queue: 0
ERROR:cache_service:Error setting OHLC batch: Object of type datetime is not JSON serializable
INFO:root:💾 Saved 256 records in 0.35s (736 rec/s) | 4 15min, 126 hourly, 126 daily | Queue: 0
INFO:root:📊 STATUS: 14,492,534 received | 14,475,952 processed | 16582 buffered | 2121 active | ProcQ: 0 | DBQ: 0 | 1,501,429 saved | Failed: 0 | Vol: TEXINFRA:82,628, DPWIRES:5,706
INFO:root:📊 STATUS: 14,515,075 received | 14,475,952 processed | 39123 buffered | 2307 active | ProcQ: 0 | DBQ: 0 | 1,501,429 saved | Failed: 0 | Vol: TEXINFRA:82,628, DPWIRES:5,706
INFO:root:⏰ Interval update (60s): 08:31:59 UTC
INFO:root:📤 Queued 45681 ticks from 2329 instruments | Processing queue: 1
ERROR:cache_service:Error setting OHLC batch: Object of type datetime is not JSON serializable
INFO:root:💾 Saved 500 records in 0.60s (834 rec/s) | 21 15min, 240 hourly, 239 daily | Queue: 0
ERROR:cache_service:Error setting OHLC batch: Object of type datetime is not JSON serializable
INFO:root:💾 Saved 500 records in 0.49s (1022 rec/s) | 13 15min, 243 hourly, 244 daily | Queue: 0
ERROR:cache_service:Error setting OHLC batch: Object of type datetime is not JSON serializable
INFO:root:💾 Saved 500 records in 0.41s (1231 rec/s) | 17 15min, 242 hourly, 241 daily | Queue: 0
ERROR:cache_service:Error setting OHLC batch: Object of type datetime is not JSON serializable
INFO:root:💾 Saved 500 records in 0.29s (1753 rec/s) | 15 15min, 242 hourly, 243 daily | Queue: 0
ERROR:cache_service:Error setting OHLC batch: Object of type datetime is not JSON serializable
INFO:root:💾 Saved 500 records in 0.31s (1637 rec/s) | 15 15min, 243 hourly, 242 daily | Queue: 0
ERROR:cache_service:Error setting OHLC batch: Object of type datetime is not JSON serializable
INFO:root:💾 Saved 500 records in 0.25s (2030 rec/s) | 17 15min, 241 hourly, 242 daily | Queue: 0
ERROR:cache_service:Error setting OHLC batch: Object of type datetime is not JSON serializable
INFO:root:💾 Saved 500 records in 0.25s (1969 rec/s) | 9 15min, 246 hourly, 245 daily | Queue: 0
ERROR:cache_service:Error setting OHLC batch: Object of type datetime is not JSON serializable
INFO:root:💾 Saved 500 records in 0.27s (1883 rec/s) | 11 15min, 244 hourly, 245 daily | Queue: 0
ERROR:cache_service:Error setting OHLC batch: Object of type datetime is not JSON serializable
INFO:root:💾 Saved 500 records in 0.30s (1650 rec/s) | 10 15min, 245 hourly, 245 daily | Queue: 0
ERROR:cache_service:Error setting OHLC batch: Object of type datetime is not JSON serializable
INFO:root:💾 Saved 290 records in 0.19s (1529 rec/s) | 4 15min, 143 hourly, 143 daily | Queue: 0
INFO:root:📊 STATUS: 14,537,399 received | 14,521,633 processed | 15766 buffered | 2084 active | ProcQ: 0 | DBQ: 0 | 1,506,219 saved | Failed: 0 | Vol: TEXINFRA:83,586, DPWIRES:5,706
INFO:root:📊 STATUS: 14,561,519 received | 14,521,633 processed | 39886 buffered | 2273 active | ProcQ: 0 | DBQ: 0 | 1,506,219 saved | Failed: 0 | Vol: TEXINFRA:83,586, DPWIRES:5,706
INFO:root:⏰ Interval update (60s): 08:32:59 UTC
INFO:root:📤 Queued 46875 ticks from 2301 instruments | Processing queue: 1
ERROR:cache_service:Error setting OHLC batch: Object of type datetime is not JSON serializable
INFO:root:💾 Saved 500 records in 1.38s (364 rec/s) | 21 15min, 240 hourly, 239 daily | Queue: 0
ERROR:cache_service:Error setting OHLC batch: Object of type datetime is not JSON serializable
INFO:root:💾 Saved 500 records in 1.36s (369 rec/s) | 13 15min, 243 hourly, 244 daily | Queue: 0
ERROR:cache_service:Error setting OHLC batch: Object of type datetime is not JSON serializable
INFO:root:💾 Saved 500 records in 1.30s (385 rec/s) | 17 15min, 242 hourly, 241 daily | Queue: 0
ERROR:cache_service:Error setting OHLC batch: Object of type datetime is not JSON serializable
INFO:root:💾 Saved 500 records in 3.03s (165 rec/s) | 14 15min, 243 hourly, 243 daily | Queue: 0
ERROR:cache_service:Error setting OHLC batch: Object of type datetime is not JSON serializable
INFO:root:💾 Saved 500 records in 4.90s (102 rec/s) | 17 15min, 241 hourly, 242 daily | Queue: 0
ERROR:cache_service:Error setting OHLC batch: Object of type datetime is not JSON serializable
INFO:root:💾 Saved 500 records in 5.33s (94 rec/s) | 15 15min, 243 hourly, 242 daily | Queue: 0
INFO:root:📊 STATUS: 14,585,333 received | 14,568,508 processed | 16825 buffered | 2065 active | ProcQ: 0 | DBQ: 0 | 1,509,219 saved | Failed: 0 | Vol: TEXINFRA:83,649, DPWIRES:5,706
ERROR:cache_service:Error setting OHLC batch: Object of type datetime is not JSON serializable
INFO:root:💾 Saved 500 records in 7.01s (71 rec/s) | 9 15min, 245 hourly, 246 daily | Queue: 0
ERROR:cache_service:Error setting OHLC batch: Object of type datetime is not JSON serializable
INFO:root:💾 Saved 500 records in 5.54s (90 rec/s) | 12 15min, 244 hourly, 244 daily | Queue: 0
ERROR:cache_service:Error setting OHLC batch: Object of type datetime is not JSON serializable
INFO:root:💾 Saved 500 records in 1.78s (281 rec/s) | 10 15min, 245 hourly, 245 daily | Queue: 0
ERROR:cache_service:Error setting OHLC batch: Object of type datetime is not JSON serializable
INFO:root:💾 Saved 234 records in 0.85s (275 rec/s) | 4 15min, 115 hourly, 115 daily | Queue: 0
INFO:root:📊 STATUS: 14,608,303 received | 14,568,508 processed | 39795 buffered | 2270 active | ProcQ: 0 | DBQ: 0 | 1,510,953 saved | Failed: 0 | Vol: TEXINFRA:83,649, DPWIRES:5,706
INFO:root:⏰ Interval update (60s): 08:33:59 UTC
INFO:root:📤 Queued 45973 ticks from 2312 instruments | Processing queue: 1
ERROR:cache_service:Error setting OHLC batch: Object of type datetime is not JSON serializable
INFO:root:💾 Saved 500 records in 2.10s (238 rec/s) | 21 15min, 240 hourly, 239 daily | Queue: 0
ERROR:cache_service:Error setting OHLC batch: Object of type datetime is not JSON serializable
INFO:root:💾 Saved 500 records in 1.98s (253 rec/s) | 13 15min, 243 hourly, 244 daily | Queue: 0
ERROR:cache_service:Error setting OHLC batch: Object of type datetime is not JSON serializable
INFO:root:💾 Saved 500 records in 2.89s (173 rec/s) | 17 15min, 242 hourly, 241 daily | Queue: 0
ERROR:cache_service:Error setting OHLC batch: Object of type datetime is not JSON serializable
INFO:root:💾 Saved 500 records in 2.30s (218 rec/s) | 15 15min, 242 hourly, 243 daily | Queue: 0
ERROR:cache_service:Error setting OHLC batch: Object of type datetime is not JSON serializable
INFO:root:💾 Saved 500 records in 2.98s (168 rec/s) | 15 15min, 243 hourly, 242 daily | Queue: 0
ERROR:cache_service:Error setting OHLC batch: Object of type datetime is not JSON serializable
INFO:root:💾 Saved 500 records in 3.01s (166 rec/s) | 17 15min, 241 hourly, 242 daily | Queue: 0
ERROR:cache_service:Error setting OHLC batch: Object of type datetime is not JSON serializable
INFO:root:💾 Saved 500 records in 4.76s (105 rec/s) | 9 15min, 246 hourly, 245 daily | Queue: 0
INFO:root:📊 STATUS: 14,631,225 received | 14,614,481 processed | 16744 buffered | 1979 active | ProcQ: 0 | DBQ: 0 | 1,514,453 saved | Failed: 0 | Vol: TEXINFRA:84,322, DPWIRES:5,706
ERROR:cache_service:Error setting OHLC batch: Object of type datetime is not JSON serializable
INFO:root:💾 Saved 500 records in 8.12s (62 rec/s) | 11 15min, 244 hourly, 245 daily | Queue: 0
ERROR:cache_service:Error setting OHLC batch: Object of type datetime is not JSON serializable
INFO:root:💾 Saved 500 records in 6.76s (74 rec/s) | 10 15min, 245 hourly, 245 daily | Queue: 0
ERROR:cache_service:Error setting OHLC batch: Object of type datetime is not JSON serializable
INFO:root:💾 Saved 256 records in 3.20s (80 rec/s) | 4 15min, 126 hourly, 126 daily | Queue: 0
INFO:root:📊 STATUS: 14,654,171 received | 14,614,481 processed | 39690 buffered | 2265 active | ProcQ: 0 | DBQ: 0 | 1,515,709 saved | Failed: 0 | Vol: TEXINFRA:84,322, DPWIRES:5,706
INFO:root:⏰ Interval update (60s): 08:34:59 UTC
INFO:root:📤 Queued 46039 ticks from 2297 instruments | Processing queue: 1
ERROR:cache_service:Error setting OHLC batch: Object of type datetime is not JSON serializable
INFO:root:💾 Saved 500 records in 12.57s (40 rec/s) | 21 15min, 240 hourly, 239 daily | Queue: 0
ERROR:cache_service:Error setting OHLC batch: Object of type datetime is not JSON serializable
INFO:root:💾 Saved 500 records in 5.52s (91 rec/s) | 13 15min, 243 hourly, 244 daily | Queue: 0
INFO:root:📊 STATUS: 14,677,781 received | 14,660,520 processed | 17261 buffered | 2060 active | ProcQ: 0 | DBQ: 0 | 1,516,709 saved | Failed: 0 | Vol: TEXINFRA:85,219, DPWIRES:5,706
ERROR:cache_service:Error setting OHLC batch: Object of type datetime is not JSON serializable
INFO:root:💾 Saved 500 records in 5.08s (99 rec/s) | 17 15min, 242 hourly, 241 daily | Queue: 0
ERROR:cache_service:Error setting OHLC batch: Object of type datetime is not JSON serializable
INFO:root:💾 Saved 500 records in 5.27s (95 rec/s) | 14 15min, 243 hourly, 243 daily | Queue: 0
INFO:root:📊 STATUS: 14,701,966 received | 14,660,520 processed | 41446 buffered | 2280 active | ProcQ: 0 | DBQ: 0 | 1,517,709 saved | Failed: 0 | Vol: TEXINFRA:85,219, DPWIRES:5,706
ERROR:cache_service:Error setting OHLC batch: Object of type datetime is not JSON serializable
INFO:root:💾 Saved 500 records in 27.20s (18 rec/s) | 17 15min, 241 hourly, 242 daily | Queue: 0
INFO:root:⏰ Interval update (60s): 08:36:00 UTC
INFO:root:📤 Queued 48553 ticks from 2308 instruments | Processing queue: 1
ERROR:cache_service:Error setting OHLC batch: Object of type datetime is not JSON serializable
INFO:root:💾 Saved 500 records in 14.77s (34 rec/s) | 15 15min, 243 hourly, 242 daily | Queue: 1
ERROR:cache_service:Error setting OHLC batch: Object of type datetime is not JSON serializable
INFO:root:💾 Saved 500 records in 6.18s (81 rec/s) | 10 15min, 245 hourly, 245 daily | Queue: 1
INFO:root:📊 STATUS: 14,726,640 received | 14,709,073 processed | 17567 buffered | 2044 active | ProcQ: 0 | DBQ: 1 | 1,519,209 saved | Failed: 0 | Vol: TEXINFRA:86,353, DPWIRES:5,706
ERROR:cache_service:Error setting OHLC batch: Object of type datetime is not JSON serializable
INFO:root:💾 Saved 500 records in 18.36s (27 rec/s) | 11 15min, 244 hourly, 245 daily | Queue: 1
INFO:root:📊 STATUS: 14,749,791 received | 14,709,073 processed | 40718 buffered | 2310 active | ProcQ: 0 | DBQ: 1 | 1,519,709 saved | Failed: 0 | Vol: TEXINFRA:86,353, DPWIRES:5,706
INFO:root:⏰ Interval update (60s): 08:37:00 UTC
INFO:root:📤 Queued 46913 ticks from 2350 instruments | Processing queue: 1
INFO:root:📊 STATUS: 14,773,399 received | 14,755,986 processed | 17413 buffered | 2108 active | ProcQ: 0 | DBQ: 2 | 1,519,709 saved | Failed: 0 | Vol: TEXINFRA:86,691, DPWIRES:5,706
ERROR:cache_service:Error setting OHLC batch: Object of type datetime is not JSON serializable
INFO:root:💾 Saved 500 records in 47.02s (11 rec/s) | 10 15min, 245 hourly, 245 daily | Queue: 2
ERROR:cache_service:Error setting OHLC batch: Object of type datetime is not JSON serializable
INFO:root:💾 Saved 226 records in 16.87s (13 rec/s) | 4 15min, 111 hourly, 111 daily | Queue: 2
INFO:root:📊 STATUS: 14,796,628 received | 14,755,986 processed | 40642 buffered | 2282 active | ProcQ: 0 | DBQ: 1 | 1,520,435 saved | Failed: 0 | Vol: TEXINFRA:86,691, DPWIRES:5,706
ERROR:cache_service:Error setting OHLC batch: Object of type datetime is not JSON serializable
INFO:root:💾 Saved 500 records in 13.01s (38 rec/s) | 21 15min, 240 hourly, 239 daily | Queue: 1
INFO:root:⏰ Interval update (60s): 08:38:00 UTC
INFO:root:📤 Queued 46593 ticks from 2305 instruments | Processing queue: 1
ERROR:cache_service:Error setting OHLC batch: Object of type datetime is not JSON serializable
INFO:root:💾 Saved 500 records in 10.63s (47 rec/s) | 13 15min, 243 hourly, 244 daily | Queue: 2
ERROR:cache_service:Error setting OHLC batch: Object of type datetime is not JSON serializable
INFO:root:💾 Saved 500 records in 9.95s (50 rec/s) | 17 15min, 242 hourly, 241 daily | Queue: 2
ERROR:cache_service:Error setting OHLC batch: Object of type datetime is not JSON serializable
INFO:root:💾 Saved 500 records in 7.09s (71 rec/s) | 14 15min, 243 hourly, 243 daily | Queue: 2
INFO:root:📊 STATUS: 14,819,782 received | 14,802,579 processed | 17203 buffered | 2096 active | ProcQ: 0 | DBQ: 2 | 1,522,435 saved | Failed: 0 | Vol: TEXINFRA:86,855, DPWIRES:5,706
ERROR:cache_service:Error setting OHLC batch: Object of type datetime is not JSON serializable
INFO:root:💾 Saved 500 records in 3.84s (130 rec/s) | 15 15min, 242 hourly, 243 daily | Queue: 2
ERROR:cache_service:Error setting OHLC batch: Object of type datetime is not JSON serializable
INFO:root:💾 Saved 500 records in 3.58s (140 rec/s) | 17 15min, 242 hourly, 241 daily | Queue: 2
ERROR:cache_service:Error setting OHLC batch: Object of type datetime is not JSON serializable
INFO:root:💾 Saved 500 records in 3.45s (145 rec/s) | 9 15min, 245 hourly, 246 daily | Queue: 2
ERROR:cache_service:Error setting OHLC batch: Object of type datetime is not JSON serializable
INFO:root:💾 Saved 500 records in 3.23s (155 rec/s) | 12 15min, 244 hourly, 244 daily | Queue: 2
ERROR:cache_service:Error setting OHLC batch: Object of type datetime is not JSON serializable
INFO:root:💾 Saved 500 records in 3.00s (167 rec/s) | 10 15min, 245 hourly, 245 daily | Queue: 2
ERROR:cache_service:Error setting OHLC batch: Object of type datetime is not JSON serializable
INFO:root:💾 Saved 248 records in 1.61s (154 rec/s) | 4 15min, 122 hourly, 122 daily | Queue: 2
ERROR:cache_service:Error setting OHLC batch: Object of type datetime is not JSON serializable
INFO:root:💾 Saved 500 records in 3.26s (153 rec/s) | 20 15min, 240 hourly, 240 daily | Queue: 1
ERROR:cache_service:Error setting OHLC batch: Object of type datetime is not JSON serializable
INFO:root:💾 Saved 500 records in 3.03s (165 rec/s) | 13 15min, 244 hourly, 243 daily | Queue: 1
INFO:root:📊 STATUS: 14,844,061 received | 14,802,579 processed | 41482 buffered | 2291 active | ProcQ: 0 | DBQ: 1 | 1,526,183 saved | Failed: 0 | Vol: TEXINFRA:86,855, DPWIRES:5,706
ERROR:cache_service:Error setting OHLC batch: Object of type datetime is not JSON serializable
INFO:root:💾 Saved 500 records in 8.30s (60 rec/s) | 17 15min, 241 hourly, 242 daily | Queue: 1
INFO:root:⏰ Interval update (60s): 08:39:00 UTC
INFO:root:📤 Queued 48487 ticks from 2327 instruments | Processing queue: 1
ERROR:cache_service:Error setting OHLC batch: Object of type datetime is not JSON serializable
INFO:root:💾 Saved 500 records in 13.03s (38 rec/s) | 15 15min, 243 hourly, 242 daily | Queue: 2
INFO:root:📊 STATUS: 14,868,609 received | 14,851,066 processed | 17543 buffered | 2039 active | ProcQ: 0 | DBQ: 2 | 1,527,183 saved | Failed: 0 | Vol: TEXINFRA:87,516, DPWIRES:5,716
INFO:root:📊 STATUS: 14,891,937 received | 14,851,066 processed | 40871 buffered | 2280 active | ProcQ: 0 | DBQ: 2 | 1,527,183 saved | Failed: 0 | Vol: TEXINFRA:87,516, DPWIRES:5,716
INFO:root:⏰ Interval update (60s): 08:40:00 UTC
INFO:root:📤 Queued 46532 ticks from 2313 instruments | Processing queue: 1
ERROR:cache_service:Error setting OHLC batch: Object of type datetime is not JSON serializable
INFO:root:💾 Saved 500 records in 75.65s (7 rec/s) | 16 15min, 242 hourly, 242 daily | Queue: 3
INFO:root:📊 STATUS: 14,915,067 received | 14,897,598 processed | 17469 buffered | 2123 active | ProcQ: 0 | DBQ: 3 | 1,527,683 saved | Failed: 0 | Vol: TEXINFRA:87,566, DPWIRES:5,716
INFO:root:📊 STATUS: 14,938,396 received | 14,897,598 processed | 40798 buffered | 2323 active | ProcQ: 0 | DBQ: 3 | 1,527,683 saved | Failed: 0 | Vol: TEXINFRA:87,566, DPWIRES:5,716
INFO:root:⏰ Interval update (60s): 08:41:00 UTC
INFO:root:📤 Queued 46405 ticks from 2387 instruments | Processing queue: 1
ERROR:cache_service:Error setting OHLC batch: Object of type datetime is not JSON serializable
INFO:root:💾 Saved 500 records in 40.75s (12 rec/s) | 17 15min, 241 hourly, 242 daily | Queue: 4
ERROR:cache_service:Error setting OHLC batch: Object of type datetime is not JSON serializable
INFO:root:💾 Saved 500 records in 4.19s (119 rec/s) | 6 15min, 247 hourly, 247 daily | Queue: 4
ERROR:cache_service:Error setting OHLC batch: Object of type datetime is not JSON serializable
INFO:root:💾 Saved 500 records in 4.14s (121 rec/s) | 11 15min, 245 hourly, 244 daily | Queue: 4
ERROR:cache_service:Error setting OHLC batch: Object of type datetime is not JSON serializable
INFO:root:💾 Saved 500 records in 4.03s (124 rec/s) | 9 15min, 245 hourly, 246 daily | Queue: 4
ERROR:cache_service:Error setting OHLC batch: Object of type datetime is not JSON serializable
INFO:root:💾 Saved 332 records in 2.44s (136 rec/s) | 8 15min, 162 hourly, 162 daily | Queue: 4
ERROR:cache_service:Error setting OHLC batch: Object of type datetime is not JSON serializable
INFO:root:💾 Saved 500 records in 4.38s (114 rec/s) | 21 15min, 240 hourly, 239 daily | Queue: 3
INFO:root:📊 STATUS: 14,961,104 received | 14,944,003 processed | 17101 buffered | 2111 active | ProcQ: 0 | DBQ: 3 | 1,530,515 saved | Failed: 0 | Vol: TEXINFRA:88,158, DPWIRES:5,716
ERROR:cache_service:Error setting OHLC batch: Object of type datetime is not JSON serializable
INFO:root:💾 Saved 500 records in 4.61s (108 rec/s) | 13 15min, 243 hourly, 244 daily | Queue: 3
ERROR:cache_service:Error setting OHLC batch: Object of type datetime is not JSON serializable
INFO:root:💾 Saved 500 records in 3.87s (129 rec/s) | 17 15min, 242 hourly, 241 daily | Queue: 3
ERROR:cache_service:Error setting OHLC batch: Object of type datetime is not JSON serializable
INFO:root:💾 Saved 500 records in 5.11s (98 rec/s) | 15 15min, 242 hourly, 243 daily | Queue: 3
ERROR:cache_service:Error setting OHLC batch: Object of type datetime is not JSON serializable
INFO:root:💾 Saved 500 records in 3.38s (148 rec/s) | 15 15min, 243 hourly, 242 daily | Queue: 3
ERROR:cache_service:Error setting OHLC batch: Object of type datetime is not JSON serializable
INFO:root:💾 Saved 500 records in 1.91s (262 rec/s) | 17 15min, 241 hourly, 242 daily | Queue: 3
ERROR:cache_service:Error setting OHLC batch: Object of type datetime is not JSON serializable
INFO:root:💾 Saved 500 records in 1.75s (286 rec/s) | 9 15min, 246 hourly, 245 daily | Queue: 3
ERROR:cache_service:Error setting OHLC batch: Object of type datetime is not JSON serializable
INFO:root:💾 Saved 500 records in 1.89s (264 rec/s) | 11 15min, 244 hourly, 245 daily | Queue: 3
ERROR:cache_service:Error setting OHLC batch: Object of type datetime is not JSON serializable
INFO:root:💾 Saved 500 records in 2.34s (213 rec/s) | 10 15min, 245 hourly, 245 daily | Queue: 3
ERROR:cache_service:Error setting OHLC batch: Object of type datetime is not JSON serializable
INFO:root:💾 Saved 242 records in 1.25s (194 rec/s) | 4 15min, 119 hourly, 119 daily | Queue: 3
ERROR:cache_service:Error setting OHLC batch: Object of type datetime is not JSON serializable
INFO:root:💾 Saved 500 records in 4.21s (119 rec/s) | 21 15min, 240 hourly, 239 daily | Queue: 2
INFO:root:📊 STATUS: 14,984,735 received | 14,944,003 processed | 40732 buffered | 2333 active | ProcQ: 0 | DBQ: 2 | 1,535,257 saved | Failed: 0 | Vol: TEXINFRA:88,158, DPWIRES:5,716
ERROR:cache_service:Error setting OHLC batch: Object of type datetime is not JSON serializable
INFO:root:💾 Saved 500 records in 2.66s (188 rec/s) | 15 15min, 242 hourly, 243 daily | Queue: 2
ERROR:cache_service:Error setting OHLC batch: Object of type datetime is not JSON serializable
INFO:root:💾 Saved 500 records in 2.72s (184 rec/s) | 15 15min, 243 hourly, 242 daily | Queue: 2
INFO:root:⏰ Interval update (60s): 08:42:00 UTC
INFO:root:📤 Queued 46906 ticks from 2346 instruments | Processing queue: 1
ERROR:cache_service:Error setting OHLC batch: Object of type datetime is not JSON serializable
INFO:root:💾 Saved 500 records in 3.25s (154 rec/s) | 15 15min, 242 hourly, 243 daily | Queue: 2
ERROR:cache_service:Error setting OHLC batch: Object of type datetime is not JSON serializable
INFO:root:💾 Saved 500 records in 3.11s (161 rec/s) | 15 15min, 243 hourly, 242 daily | Queue: 3
ERROR:cache_service:Error setting OHLC batch: Object of type datetime is not JSON serializable
INFO:root:💾 Saved 500 records in 2.37s (211 rec/s) | 17 15min, 241 hourly, 242 daily | Queue: 3
ERROR:cache_service:Error setting OHLC batch: Object of type datetime is not JSON serializable
INFO:root:💾 Saved 500 records in 3.01s (166 rec/s) | 9 15min, 246 hourly, 245 daily | Queue: 3
ERROR:cache_service:Error setting OHLC batch: Object of type datetime is not JSON serializable
INFO:root:💾 Saved 500 records in 2.92s (171 rec/s) | 11 15min, 244 hourly, 245 daily | Queue: 3
ERROR:cache_service:Error setting OHLC batch: Object of type datetime is not JSON serializable
INFO:root:💾 Saved 500 records in 2.32s (216 rec/s) | 10 15min, 245 hourly, 245 daily | Queue: 3
ERROR:cache_service:Error setting OHLC batch: Object of type datetime is not JSON serializable
INFO:root:💾 Saved 286 records in 1.22s (235 rec/s) | 4 15min, 141 hourly, 141 daily | Queue: 3
ERROR:cache_service:Error setting OHLC batch: Object of type datetime is not JSON serializable
INFO:root:💾 Saved 500 records in 2.15s (232 rec/s) | 21 15min, 240 hourly, 239 daily | Queue: 2
ERROR:cache_service:Error setting OHLC batch: Object of type datetime is not JSON serializable
INFO:root:💾 Saved 500 records in 2.05s (244 rec/s) | 15 15min, 242 hourly, 243 daily | Queue: 2
ERROR:cache_service:Error setting OHLC batch: Object of type datetime is not JSON serializable
INFO:root:💾 Saved 500 records in 1.71s (292 rec/s) | 15 15min, 243 hourly, 242 daily | Queue: 2
INFO:root:📊 STATUS: 15,009,036 received | 14,990,909 processed | 18127 buffered | 2084 active | ProcQ: 0 | DBQ: 2 | 1,541,043 saved | Failed: 0 | Vol: TEXINFRA:88,443, DPWIRES:5,716
ERROR:cache_service:Error setting OHLC batch: Object of type datetime is not JSON serializable
INFO:root:💾 Saved 500 records in 3.48s (144 rec/s) | 15 15min, 242 hourly, 243 daily | Queue: 2
ERROR:cache_service:Error setting OHLC batch: Object of type datetime is not JSON serializable
INFO:root:💾 Saved 500 records in 4.30s (116 rec/s) | 19 15min, 241 hourly, 240 daily | Queue: 2
ERROR:cache_service:Error setting OHLC batch: Object of type datetime is not JSON serializable
INFO:root:💾 Saved 500 records in 6.30s (79 rec/s) | 13 15min, 243 hourly, 244 daily | Queue: 2
ERROR:cache_service:Error setting OHLC batch: Object of type datetime is not JSON serializable
INFO:root:💾 Saved 500 records in 5.44s (92 rec/s) | 9 15min, 246 hourly, 245 daily | Queue: 2
ERROR:cache_service:Error setting OHLC batch: Object of type datetime is not JSON serializable
INFO:root:💾 Saved 500 records in 5.58s (90 rec/s) | 11 15min, 244 hourly, 245 daily | Queue: 2
ERROR:cache_service:Error setting OHLC batch: Object of type datetime is not JSON serializable
INFO:root:💾 Saved 500 records in 5.42s (92 rec/s) | 10 15min, 245 hourly, 245 daily | Queue: 2
INFO:root:📊 STATUS: 15,031,906 received | 14,990,909 processed | 40997 buffered | 2344 active | ProcQ: 0 | DBQ: 2 | 1,544,043 saved | Failed: 0 | Vol: TEXINFRA:88,443, DPWIRES:5,716
ERROR:cache_service:Error setting OHLC batch: Object of type datetime is not JSON serializable
INFO:root:💾 Saved 258 records in 3.22s (80 rec/s) | 4 15min, 127 hourly, 127 daily | Queue: 2
ERROR:cache_service:Error setting OHLC batch: Object of type datetime is not JSON serializable
INFO:root:💾 Saved 500 records in 5.23s (96 rec/s) | 21 15min, 240 hourly, 239 daily | Queue: 1
INFO:root:⏰ Interval update (60s): 08:43:01 UTC
INFO:root:📤 Queued 46010 ticks from 2362 instruments | Processing queue: 1
ERROR:cache_service:Error setting OHLC batch: Object of type datetime is not JSON serializable
INFO:root:💾 Saved 500 records in 4.18s (120 rec/s) | 13 15min, 243 hourly, 244 daily | Queue: 2
ERROR:cache_service:Error setting OHLC batch: Object of type datetime is not JSON serializable
INFO:root:💾 Saved 500 records in 3.23s (155 rec/s) | 17 15min, 242 hourly, 241 daily | Queue: 2
ERROR:cache_service:Error setting OHLC batch: Object of type datetime is not JSON serializable
INFO:root:💾 Saved 500 records in 2.52s (199 rec/s) | 14 15min, 243 hourly, 243 daily | Queue: 2
ERROR:cache_service:Error setting OHLC batch: Object of type datetime is not JSON serializable
INFO:root:💾 Saved 500 records in 2.37s (211 rec/s) | 15 15min, 242 hourly, 243 daily | Queue: 2
ERROR:cache_service:Error setting OHLC batch: Object of type datetime is not JSON serializable
INFO:root:💾 Saved 500 records in 3.96s (126 rec/s) | 13 15min, 244 hourly, 243 daily | Queue: 2
INFO:root:📊 STATUS: 15,054,846 received | 15,036,919 processed | 17927 buffered | 2044 active | ProcQ: 0 | DBQ: 2 | 1,547,301 saved | Failed: 0 | Vol: TEXINFRA:88,443, DPWIRES:5,716
ERROR:cache_service:Error setting OHLC batch: Object of type datetime is not JSON serializable
INFO:root:💾 Saved 500 records in 20.95s (24 rec/s) | 10 15min, 245 hourly, 245 daily | Queue: 2
ERROR:cache_service:Error setting OHLC batch: Object of type datetime is not JSON serializable
INFO:root:💾 Saved 500 records in 4.25s (118 rec/s) | 12 15min, 244 hourly, 244 daily | Queue: 2
ERROR:cache_service:Error setting OHLC batch: Object of type datetime is not JSON serializable
INFO:root:💾 Saved 500 records in 2.90s (172 rec/s) | 9 15min, 245 hourly, 246 daily | Queue: 2
ERROR:cache_service:Error setting OHLC batch: Object of type datetime is not JSON serializable
INFO:root:💾 Saved 406 records in 2.69s (151 rec/s) | 8 15min, 199 hourly, 199 daily | Queue: 2
ERROR:cache_service:Error setting OHLC batch: Object of type datetime is not JSON serializable
INFO:root:💾 Saved 500 records in 3.30s (151 rec/s) | 21 15min, 240 hourly, 239 daily | Queue: 1
ERROR:cache_service:Error setting OHLC batch: Object of type datetime is not JSON serializable
INFO:root:💾 Saved 500 records in 3.30s (151 rec/s) | 13 15min, 243 hourly, 244 daily | Queue: 1
INFO:root:📊 STATUS: 15,077,524 received | 15,036,919 processed | 40605 buffered | 2292 active | ProcQ: 0 | DBQ: 1 | 1,550,207 saved | Failed: 0 | Vol: TEXINFRA:88,443, DPWIRES:5,716
ERROR:cache_service:Error setting OHLC batch: Object of type datetime is not JSON serializable
INFO:root:💾 Saved 500 records in 3.05s (164 rec/s) | 17 15min, 242 hourly, 241 daily | Queue: 1
ERROR:cache_service:Error setting OHLC batch: Object of type datetime is not JSON serializable
INFO:root:💾 Saved 500 records in 2.94s (170 rec/s) | 15 15min, 242 hourly, 243 daily | Queue: 1
INFO:root:⏰ Interval update (60s): 08:44:01 UTC
INFO:root:📤 Queued 45687 ticks from 2320 instruments | Processing queue: 1
ERROR:cache_service:Error setting OHLC batch: Object of type datetime is not JSON serializable
INFO:root:💾 Saved 500 records in 2.74s (183 rec/s) | 15 15min, 243 hourly, 242 daily | Queue: 2
ERROR:cache_service:Error setting OHLC batch: Object of type datetime is not JSON serializable
INFO:root:💾 Saved 500 records in 2.54s (197 rec/s) | 17 15min, 241 hourly, 242 daily | Queue: 2
ERROR:cache_service:Error setting OHLC batch: Object of type datetime is not JSON serializable
INFO:root:💾 Saved 500 records in 2.01s (249 rec/s) | 6 15min, 247 hourly, 247 daily | Queue: 2
ERROR:cache_service:Error setting OHLC batch: Object of type datetime is not JSON serializable
INFO:root:💾 Saved 500 records in 0.60s (838 rec/s) | 11 15min, 245 hourly, 244 daily | Queue: 2
ERROR:cache_service:Error setting OHLC batch: Object of type datetime is not JSON serializable
INFO:root:💾 Saved 500 records in 0.53s (951 rec/s) | 9 15min, 245 hourly, 246 daily | Queue: 2
ERROR:cache_service:Error setting OHLC batch: Object of type datetime is not JSON serializable
INFO:root:💾 Saved 324 records in 0.28s (1152 rec/s) | 8 15min, 158 hourly, 158 daily | Queue: 2
ERROR:cache_service:Error setting OHLC batch: Object of type datetime is not JSON serializable
INFO:root:💾 Saved 500 records in 0.39s (1267 rec/s) | 21 15min, 240 hourly, 239 daily | Queue: 1
ERROR:cache_service:Error setting OHLC batch: Object of type datetime is not JSON serializable
INFO:root:💾 Saved 500 records in 0.35s (1415 rec/s) | 13 15min, 243 hourly, 244 daily | Queue: 1
ERROR:cache_service:Error setting OHLC batch: Object of type datetime is not JSON serializable
INFO:root:💾 Saved 500 records in 0.36s (1396 rec/s) | 17 15min, 242 hourly, 241 daily | Queue: 1
ERROR:cache_service:Error setting OHLC batch: Object of type datetime is not JSON serializable
INFO:root:💾 Saved 500 records in 0.30s (1646 rec/s) | 15 15min, 242 hourly, 243 daily | Queue: 1
ERROR:cache_service:Error setting OHLC batch: Object of type datetime is not JSON serializable
INFO:root:💾 Saved 500 records in 0.31s (1615 rec/s) | 15 15min, 243 hourly, 242 daily | Queue: 1
ERROR:cache_service:Error setting OHLC batch: Object of type datetime is not JSON serializable
INFO:root:💾 Saved 500 records in 0.26s (1922 rec/s) | 17 15min, 241 hourly, 242 daily | Queue: 1
ERROR:cache_service:Error setting OHLC batch: Object of type datetime is not JSON serializable
INFO:root:💾 Saved 500 records in 0.50s (1007 rec/s) | 6 15min, 247 hourly, 247 daily | Queue: 1
ERROR:cache_service:Error setting OHLC batch: Object of type datetime is not JSON serializable
INFO:root:💾 Saved 500 records in 0.24s (2059 rec/s) | 11 15min, 245 hourly, 244 daily | Queue: 1
ERROR:cache_service:Error setting OHLC batch: Object of type datetime is not JSON serializable
INFO:root:💾 Saved 500 records in 0.24s (2041 rec/s) | 9 15min, 245 hourly, 246 daily | Queue: 1
ERROR:cache_service:Error setting OHLC batch: Object of type datetime is not JSON serializable
INFO:root:💾 Saved 356 records in 0.24s (1458 rec/s) | 8 15min, 174 hourly, 174 daily | Queue: 1
ERROR:cache_service:Error setting OHLC batch: Object of type datetime is not JSON serializable
INFO:root:💾 Saved 500 records in 0.24s (2061 rec/s) | 21 15min, 240 hourly, 239 daily | Queue: 0
ERROR:cache_service:Error setting OHLC batch: Object of type datetime is not JSON serializable
INFO:root:💾 Saved 500 records in 0.21s (2399 rec/s) | 13 15min, 243 hourly, 244 daily | Queue: 0
ERROR:cache_service:Error setting OHLC batch: Object of type datetime is not JSON serializable
INFO:root:💾 Saved 500 records in 0.27s (1852 rec/s) | 17 15min, 242 hourly, 241 daily | Queue: 0
ERROR:cache_service:Error setting OHLC batch: Object of type datetime is not JSON serializable
INFO:root:💾 Saved 500 records in 0.18s (2836 rec/s) | 14 15min, 243 hourly, 243 daily | Queue: 0
ERROR:cache_service:Error setting OHLC batch: Object of type datetime is not JSON serializable
INFO:root:💾 Saved 500 records in 0.24s (2061 rec/s) | 15 15min, 242 hourly, 243 daily | Queue: 0
ERROR:cache_service:Error setting OHLC batch: Object of type datetime is not JSON serializable
INFO:root:💾 Saved 500 records in 0.24s (2093 rec/s) | 17 15min, 242 hourly, 241 daily | Queue: 0
ERROR:cache_service:Error setting OHLC batch: Object of type datetime is not JSON serializable
INFO:root:💾 Saved 500 records in 0.23s (2216 rec/s) | 10 15min, 245 hourly, 245 daily | Queue: 0
ERROR:cache_service:Error setting OHLC batch: Object of type datetime is not JSON serializable
INFO:root:💾 Saved 500 records in 0.16s (3164 rec/s) | 11 15min, 244 hourly, 245 daily | Queue: 0
ERROR:cache_service:Error setting OHLC batch: Object of type datetime is not JSON serializable
INFO:root:💾 Saved 500 records in 0.21s (2361 rec/s) | 10 15min, 245 hourly, 245 daily | Queue: 0
ERROR:cache_service:Error setting OHLC batch: Object of type datetime is not JSON serializable
INFO:root:💾 Saved 272 records in 0.13s (2056 rec/s) | 4 15min, 134 hourly, 134 daily | Queue: 0
INFO:root:📊 STATUS: 15,100,514 received | 15,082,606 processed | 17908 buffered | 2109 active | ProcQ: 0 | DBQ: 0 | 1,563,659 saved | Failed: 0 | Vol: TEXINFRA:88,443, DPWIRES:5,716
INFO:root:📊 STATUS: 15,124,830 received | 15,082,606 processed | 42224 buffered | 2308 active | ProcQ: 0 | DBQ: 0 | 1,563,659 saved | Failed: 0 | Vol: TEXINFRA:88,443, DPWIRES:5,716
INFO:root:⏰ Interval update (60s): 08:45:01 UTC
INFO:root:📤 Queued 48168 ticks from 2322 instruments | Processing queue: 1
ERROR:cache_service:Error setting OHLC batch: Object of type datetime is not JSON serializable
INFO:root:💾 Saved 500 records in 0.25s (1966 rec/s) | 21 15min, 240 hourly, 239 daily | Queue: 0
ERROR:cache_service:Error setting OHLC batch: Object of type datetime is not JSON serializable
INFO:root:💾 Saved 500 records in 0.31s (1601 rec/s) | 13 15min, 243 hourly, 244 daily | Queue: 0
ERROR:cache_service:Error setting OHLC batch: Object of type datetime is not JSON serializable
INFO:root:💾 Saved 500 records in 0.24s (2073 rec/s) | 17 15min, 242 hourly, 241 daily | Queue: 0
ERROR:cache_service:Error setting OHLC batch: Object of type datetime is not JSON serializable
INFO:root:💾 Saved 500 records in 0.22s (2314 rec/s) | 15 15min, 242 hourly, 243 daily | Queue: 0
ERROR:cache_service:Error setting OHLC batch: Object of type datetime is not JSON serializable
INFO:root:💾 Saved 500 records in 0.33s (1509 rec/s) | 15 15min, 243 hourly, 242 daily | Queue: 0
ERROR:cache_service:Error setting OHLC batch: Object of type datetime is not JSON serializable
INFO:root:💾 Saved 500 records in 0.23s (2164 rec/s) | 17 15min, 241 hourly, 242 daily | Queue: 0
ERROR:cache_service:Error setting OHLC batch: Object of type datetime is not JSON serializable
INFO:root:💾 Saved 500 records in 0.20s (2550 rec/s) | 9 15min, 246 hourly, 245 daily | Queue: 0
ERROR:cache_service:Error setting OHLC batch: Object of type datetime is not JSON serializable
INFO:root:💾 Saved 500 records in 0.25s (2040 rec/s) | 11 15min, 244 hourly, 245 daily | Queue: 0
ERROR:cache_service:Error setting OHLC batch: Object of type datetime is not JSON serializable
INFO:root:💾 Saved 500 records in 0.25s (1972 rec/s) | 10 15min, 245 hourly, 245 daily | Queue: 0
ERROR:cache_service:Error setting OHLC batch: Object of type datetime is not JSON serializable
INFO:root:💾 Saved 276 records in 0.13s (2103 rec/s) | 4 15min, 136 hourly, 136 daily | Queue: 0
INFO:root:📊 STATUS: 15,149,284 received | 15,130,774 processed | 18510 buffered | 2124 active | ProcQ: 0 | DBQ: 0 | 1,568,435 saved | Failed: 0 | Vol: TEXINFRA:88,443, DPWIRES:5,716
INFO:root:📊 STATUS: 15,172,612 received | 15,130,774 processed | 41838 buffered | 2352 active | ProcQ: 0 | DBQ: 0 | 1,568,435 saved | Failed: 0 | Vol: TEXINFRA:88,443, DPWIRES:5,716
INFO:root:⏰ Interval update (60s): 08:46:01 UTC
INFO:root:📤 Queued 47057 ticks from 2380 instruments | Processing queue: 1
ERROR:cache_service:Error setting OHLC batch: Object of type datetime is not JSON serializable
INFO:root:💾 Saved 500 records in 0.68s (734 rec/s) | 21 15min, 240 hourly, 239 daily | Queue: 0
ERROR:cache_service:Error setting OHLC batch: Object of type datetime is not JSON serializable
INFO:root:💾 Saved 500 records in 0.47s (1071 rec/s) | 13 15min, 243 hourly, 244 daily | Queue: 0
ERROR:cache_service:Error setting OHLC batch: Object of type datetime is not JSON serializable
INFO:root:💾 Saved 500 records in 1.60s (313 rec/s) | 17 15min, 242 hourly, 241 daily | Queue: 0
ERROR:cache_service:Error setting OHLC batch: Object of type datetime is not JSON serializable
INFO:root:💾 Saved 500 records in 1.76s (283 rec/s) | 15 15min, 242 hourly, 243 daily | Queue: 0
ERROR:cache_service:Error setting OHLC batch: Object of type datetime is not JSON serializable
INFO:root:💾 Saved 500 records in 2.15s (232 rec/s) | 15 15min, 243 hourly, 242 daily | Queue: 0
ERROR:cache_service:Error setting OHLC batch: Object of type datetime is not JSON serializable
INFO:root:💾 Saved 500 records in 1.82s (274 rec/s) | 15 15min, 242 hourly, 243 daily | Queue: 0
ERROR:cache_service:Error setting OHLC batch: Object of type datetime is not JSON serializable
INFO:root:💾 Saved 500 records in 2.64s (189 rec/s) | 8 15min, 246 hourly, 246 daily | Queue: 0
ERROR:cache_service:Error setting OHLC batch: Object of type datetime is not JSON serializable
INFO:root:💾 Saved 500 records in 2.85s (176 rec/s) | 11 15min, 245 hourly, 244 daily | Queue: 0
ERROR:cache_service:Error setting OHLC batch: Object of type datetime is not JSON serializable
INFO:root:💾 Saved 500 records in 5.68s (88 rec/s) | 9 15min, 245 hourly, 246 daily | Queue: 0
INFO:root:📊 STATUS: 15,195,658 received | 15,177,831 processed | 17827 buffered | 2137 active | ProcQ: 0 | DBQ: 0 | 1,572,935 saved | Failed: 0 | Vol: TEXINFRA:88,443, DPWIRES:5,913
ERROR:cache_service:Error setting OHLC batch: Object of type datetime is not JSON serializable
INFO:root:💾 Saved 392 records in 2.64s (148 rec/s) | 8 15min, 192 hourly, 192 daily | Queue: 0
INFO:root:📊 STATUS: 15,218,505 received | 15,177,831 processed | 40674 buffered | 2342 active | ProcQ: 0 | DBQ: 0 | 1,573,327 saved | Failed: 0 | Vol: TEXINFRA:88,443, DPWIRES:5,913
INFO:root:⏰ Interval update (60s): 08:47:01 UTC
INFO:root:📤 Queued 45576 ticks from 2366 instruments | Processing queue: 1
ERROR:cache_service:Error setting OHLC batch: Object of type datetime is not JSON serializable
INFO:root:💾 Saved 500 records in 2.16s (231 rec/s) | 21 15min, 240 hourly, 239 daily | Queue: 0
ERROR:cache_service:Error setting OHLC batch: Object of type datetime is not JSON serializable
INFO:root:💾 Saved 500 records in 1.89s (265 rec/s) | 13 15min, 243 hourly, 244 daily | Queue: 0
ERROR:cache_service:Error setting OHLC batch: Object of type datetime is not JSON serializable
INFO:root:💾 Saved 500 records in 1.74s (287 rec/s) | 17 15min, 242 hourly, 241 daily | Queue: 0
ERROR:cache_service:Error setting OHLC batch: Object of type datetime is not JSON serializable
INFO:root:💾 Saved 500 records in 1.68s (298 rec/s) | 15 15min, 242 hourly, 243 daily | Queue: 0
ERROR:cache_service:Error setting OHLC batch: Object of type datetime is not JSON serializable
INFO:root:💾 Saved 500 records in 1.91s (261 rec/s) | 15 15min, 243 hourly, 242 daily | Queue: 0
ERROR:cache_service:Error setting OHLC batch: Object of type datetime is not JSON serializable
INFO:root:💾 Saved 500 records in 1.55s (323 rec/s) | 17 15min, 241 hourly, 242 daily | Queue: 0
ERROR:cache_service:Error setting OHLC batch: Object of type datetime is not JSON serializable
INFO:root:💾 Saved 500 records in 1.42s (351 rec/s) | 6 15min, 247 hourly, 247 daily | Queue: 0
ERROR:cache_service:Error setting OHLC batch: Object of type datetime is not JSON serializable
INFO:root:💾 Saved 500 records in 1.19s (420 rec/s) | 11 15min, 245 hourly, 244 daily | Queue: 0
ERROR:cache_service:Error setting OHLC batch: Object of type datetime is not JSON serializable
INFO:root:💾 Saved 500 records in 0.95s (524 rec/s) | 9 15min, 245 hourly, 246 daily | Queue: 0
ERROR:cache_service:Error setting OHLC batch: Object of type datetime is not JSON serializable
INFO:root:💾 Saved 364 records in 0.31s (1175 rec/s) | 8 15min, 178 hourly, 178 daily | Queue: 0
INFO:root:📊 STATUS: 15,241,715 received | 15,223,407 processed | 18308 buffered | 2156 active | ProcQ: 0 | DBQ: 0 | 1,578,191 saved | Failed: 0 | Vol: TEXINFRA:88,443, DPWIRES:5,913
INFO:root:📊 STATUS: 15,265,824 received | 15,223,407 processed | 42417 buffered | 2334 active | ProcQ: 0 | DBQ: 0 | 1,578,191 saved | Failed: 0 | Vol: TEXINFRA:88,443, DPWIRES:5,913
INFO:root:⏰ Interval update (60s): 08:48:02 UTC
INFO:root:📤 Queued 47741 ticks from 2360 instruments | Processing queue: 1
ERROR:cache_service:Error setting OHLC batch: Object of type datetime is not JSON serializable
INFO:root:💾 Saved 500 records in 0.51s (974 rec/s) | 21 15min, 240 hourly, 239 daily | Queue: 0
ERROR:cache_service:Error setting OHLC batch: Object of type datetime is not JSON serializable
INFO:root:💾 Saved 500 records in 0.42s (1178 rec/s) | 13 15min, 243 hourly, 244 daily | Queue: 0
ERROR:cache_service:Error setting OHLC batch: Object of type datetime is not JSON serializable
INFO:root:💾 Saved 500 records in 0.26s (1899 rec/s) | 17 15min, 242 hourly, 241 daily | Queue: 0
ERROR:cache_service:Error setting OHLC batch: Object of type datetime is not JSON serializable
INFO:root:💾 Saved 500 records in 0.20s (2559 rec/s) | 15 15min, 242 hourly, 243 daily | Queue: 0
ERROR:cache_service:Error setting OHLC batch: Object of type datetime is not JSON serializable
INFO:root:💾 Saved 500 records in 0.18s (2734 rec/s) | 15 15min, 243 hourly, 242 daily | Queue: 0
ERROR:cache_service:Error setting OHLC batch: Object of type datetime is not JSON serializable
INFO:root:💾 Saved 500 records in 0.18s (2757 rec/s) | 17 15min, 241 hourly, 242 daily | Queue: 0
ERROR:cache_service:Error setting OHLC batch: Object of type datetime is not JSON serializable
INFO:root:💾 Saved 500 records in 0.17s (2973 rec/s) | 8 15min, 246 hourly, 246 daily | Queue: 0
ERROR:cache_service:Error setting OHLC batch: Object of type datetime is not JSON serializable
INFO:root:💾 Saved 500 records in 0.19s (2663 rec/s) | 9 15min, 246 hourly, 245 daily | Queue: 0
ERROR:cache_service:Error setting OHLC batch: Object of type datetime is not JSON serializable
INFO:root:💾 Saved 500 records in 0.14s (3564 rec/s) | 9 15min, 245 hourly, 246 daily | Queue: 0
ERROR:cache_service:Error setting OHLC batch: Object of type datetime is not JSON serializable
INFO:root:💾 Saved 352 records in 0.10s (3480 rec/s) | 8 15min, 172 hourly, 172 daily | Queue: 0
INFO:root:📊 STATUS: 15,290,072 received | 15,271,148 processed | 18924 buffered | 2155 active | ProcQ: 0 | DBQ: 0 | 1,583,043 saved | Failed: 0 | Vol: TEXINFRA:88,443, DPWIRES:5,913
INFO:root:📊 STATUS: 15,313,035 received | 15,271,148 processed | 41887 buffered | 2357 active | ProcQ: 0 | DBQ: 0 | 1,583,043 saved | Failed: 0 | Vol: TEXINFRA:88,443, DPWIRES:5,913
INFO:root:⏰ Interval update (60s): 08:49:02 UTC
INFO:root:📤 Queued 46624 ticks from 2380 instruments | Processing queue: 1
ERROR:cache_service:Error setting OHLC batch: Object of type datetime is not JSON serializable
INFO:root:💾 Saved 500 records in 5.50s (91 rec/s) | 21 15min, 240 hourly, 239 daily | Queue: 0
ERROR:cache_service:Error setting OHLC batch: Object of type datetime is not JSON serializable
INFO:root:💾 Saved 500 records in 4.26s (117 rec/s) | 13 15min, 243 hourly, 244 daily | Queue: 0
ERROR:cache_service:Error setting OHLC batch: Object of type datetime is not JSON serializable
INFO:root:💾 Saved 500 records in 4.81s (104 rec/s) | 17 15min, 242 hourly, 241 daily | Queue: 0
ERROR:cache_service:Error setting OHLC batch: Object of type datetime is not JSON serializable
INFO:root:💾 Saved 500 records in 6.00s (83 rec/s) | 14 15min, 243 hourly, 243 daily | Queue: 0
INFO:root:📊 STATUS: 15,336,036 received | 15,317,772 processed | 18264 buffered | 2145 active | ProcQ: 0 | DBQ: 0 | 1,585,043 saved | Failed: 0 | Vol: TEXINFRA:88,443, DPWIRES:5,913
ERROR:cache_service:Error setting OHLC batch: Object of type datetime is not JSON serializable
INFO:root:💾 Saved 500 records in 5.45s (92 rec/s) | 15 15min, 242 hourly, 243 daily | Queue: 0
ERROR:cache_service:Error setting OHLC batch: Object of type datetime is not JSON serializable
INFO:root:💾 Saved 500 records in 2.37s (211 rec/s) | 13 15min, 244 hourly, 243 daily | Queue: 0
ERROR:cache_service:Error setting OHLC batch: Object of type datetime is not JSON serializable
INFO:root:💾 Saved 500 records in 1.65s (304 rec/s) | 10 15min, 245 hourly, 245 daily | Queue: 0
ERROR:cache_service:Error setting OHLC batch: Object of type datetime is not JSON serializable
INFO:root:💾 Saved 500 records in 1.80s (277 rec/s) | 12 15min, 244 hourly, 244 daily | Queue: 0
ERROR:cache_service:Error setting OHLC batch: Object of type datetime is not JSON serializable
INFO:root:💾 Saved 500 records in 2.01s (249 rec/s) | 9 15min, 245 hourly, 246 daily | Queue: 0
ERROR:cache_service:Error setting OHLC batch: Object of type datetime is not JSON serializable
INFO:root:💾 Saved 392 records in 1.46s (268 rec/s) | 8 15min, 192 hourly, 192 daily | Queue: 0
INFO:root:📊 STATUS: 15,358,576 received | 15,317,772 processed | 40804 buffered | 2314 active | ProcQ: 0 | DBQ: 0 | 1,587,935 saved | Failed: 0 | Vol: TEXINFRA:88,443, DPWIRES:5,913
INFO:root:⏰ Interval update (60s): 08:50:03 UTC
INFO:root:📤 Queued 45076 ticks from 2338 instruments | Processing queue: 1
ERROR:cache_service:Error setting OHLC batch: Object of type datetime is not JSON serializable
INFO:root:💾 Saved 500 records in 3.59s (139 rec/s) | 21 15min, 240 hourly, 239 daily | Queue: 0
ERROR:cache_service:Error setting OHLC batch: Object of type datetime is not JSON serializable
INFO:root:💾 Saved 500 records in 3.74s (134 rec/s) | 13 15min, 243 hourly, 244 daily | Queue: 0
ERROR:cache_service:Error setting OHLC batch: Object of type datetime is not JSON serializable
INFO:root:💾 Saved 500 records in 2.82s (177 rec/s) | 17 15min, 242 hourly, 241 daily | Queue: 0
ERROR:cache_service:Error setting OHLC batch: Object of type datetime is not JSON serializable
INFO:root:💾 Saved 500 records in 4.14s (121 rec/s) | 15 15min, 242 hourly, 243 daily | Queue: 0
ERROR:cache_service:Error setting OHLC batch: Object of type datetime is not JSON serializable
INFO:root:💾 Saved 500 records in 2.93s (171 rec/s) | 15 15min, 243 hourly, 242 daily | Queue: 0
ERROR:cache_service:Error setting OHLC batch: Object of type datetime is not JSON serializable
INFO:root:💾 Saved 500 records in 2.07s (241 rec/s) | 17 15min, 241 hourly, 242 daily | Queue: 0
INFO:root:📊 STATUS: 15,381,372 received | 15,362,848 processed | 18524 buffered | 2163 active | ProcQ: 0 | DBQ: 0 | 1,590,935 saved | Failed: 0 | Vol: TEXINFRA:88,443, DPWIRES:5,913
ERROR:cache_service:Error setting OHLC batch: Object of type datetime is not JSON serializable
INFO:root:💾 Saved 500 records in 3.19s (157 rec/s) | 9 15min, 246 hourly, 245 daily | Queue: 0
ERROR:cache_service:Error setting OHLC batch: Object of type datetime is not JSON serializable
INFO:root:💾 Saved 500 records in 3.64s (137 rec/s) | 10 15min, 245 hourly, 245 daily | Queue: 0
ERROR:cache_service:Error setting OHLC batch: Object of type datetime is not JSON serializable
INFO:root:💾 Saved 500 records in 4.92s (102 rec/s) | 9 15min, 245 hourly, 246 daily | Queue: 0
ERROR:cache_service:Error setting OHLC batch: Object of type datetime is not JSON serializable
INFO:root:💾 Saved 308 records in 3.01s (102 rec/s) | 6 15min, 151 hourly, 151 daily | Queue: 0
INFO:root:📊 STATUS: 15,405,918 received | 15,362,848 processed | 43070 buffered | 2330 active | ProcQ: 0 | DBQ: 0 | 1,592,743 saved | Failed: 0 | Vol: TEXINFRA:88,443, DPWIRES:5,913
INFO:root:⏰ Interval update (60s): 08:51:03 UTC
INFO:root:📤 Queued 48489 ticks from 2343 instruments | Processing queue: 1
INFO:root:📊 STATUS: 15,430,241 received | 15,411,337 processed | 18904 buffered | 2129 active | ProcQ: 0 | DBQ: 0 | 1,592,743 saved | Failed: 0 | Vol: TEXINFRA:88,443, DPWIRES:5,913
ERROR:cache_service:Error setting OHLC batch: Object of type datetime is not JSON serializable
INFO:root:💾 Saved 500 records in 39.91s (13 rec/s) | 21 15min, 240 hourly, 239 daily | Queue: 0
INFO:root:📊 STATUS: 15,453,301 received | 15,411,337 processed | 41964 buffered | 2313 active | ProcQ: 0 | DBQ: 0 | 1,593,243 saved | Failed: 0 | Vol: TEXINFRA:88,443, DPWIRES:5,913
INFO:root:⏰ Interval update (60s): 08:52:04 UTC
INFO:root:📤 Queued 47478 ticks from 2333 instruments | Processing queue: 1
INFO:root:📊 STATUS: 15,476,785 received | 15,458,815 processed | 17970 buffered | 2128 active | ProcQ: 0 | DBQ: 1 | 1,593,243 saved | Failed: 0 | Vol: TEXINFRA:88,443, DPWIRES:5,913
ERROR:cache_service:Error setting OHLC batch: Object of type datetime is not JSON serializable
INFO:root:💾 Saved 500 records in 54.80s (9 rec/s) | 16 15min, 242 hourly, 242 daily | Queue: 1
ERROR:cache_service:Error setting OHLC batch: Object of type datetime is not JSON serializable
INFO:root:💾 Saved 500 records in 12.48s (40 rec/s) | 14 15min, 243 hourly, 243 daily | Queue: 1
INFO:root:📊 STATUS: 15,500,350 received | 15,458,815 processed | 41535 buffered | 2330 active | ProcQ: 0 | DBQ: 1 | 1,594,243 saved | Failed: 0 | Vol: TEXINFRA:88,443, DPWIRES:5,913
ERROR:cache_service:Error setting OHLC batch: Object of type datetime is not JSON serializable
INFO:root:💾 Saved 500 records in 8.13s (62 rec/s) | 15 15min, 242 hourly, 243 daily | Queue: 1
INFO:root:⏰ Interval update (60s): 08:53:04 UTC
INFO:root:📤 Queued 46641 ticks from 2361 instruments | Processing queue: 1
ERROR:cache_service:Error setting OHLC batch: Object of type datetime is not JSON serializable
INFO:root:💾 Saved 500 records in 8.85s (56 rec/s) | 15 15min, 243 hourly, 242 daily | Queue: 2
ERROR:cache_service:Error setting OHLC batch: Object of type datetime is not JSON serializable
INFO:root:💾 Saved 500 records in 8.16s (61 rec/s) | 17 15min, 241 hourly, 242 daily | Queue: 2
INFO:root:📊 STATUS: 15,523,955 received | 15,505,456 processed | 18499 buffered | 2136 active | ProcQ: 0 | DBQ: 2 | 1,595,743 saved | Failed: 0 | Vol: TEXINFRA:88,608, DPWIRES:5,913
INFO:root:📊 STATUS: 15,548,436 received | 15,505,456 processed | 42980 buffered | 2353 active | ProcQ: 0 | DBQ: 2 | 1,595,743 saved | Failed: 0 | Vol: TEXINFRA:88,608, DPWIRES:5,913
INFO:root:⏰ Interval update (60s): 08:54:04 UTC
INFO:root:📤 Queued 49650 ticks from 2386 instruments | Processing queue: 1
INFO:root:📊 STATUS: 15,573,351 received | 15,555,106 processed | 18245 buffered | 2081 active | ProcQ: 0 | DBQ: 3 | 1,595,743 saved | Failed: 0 | Vol: TEXINFRA:109,008, DPWIRES:5,913
ERROR:cache_service:Error setting OHLC batch: Object of type datetime is not JSON serializable
INFO:root:💾 Saved 500 records in 77.81s (6 rec/s) | 8 15min, 246 hourly, 246 daily | Queue: 3
INFO:root:📊 STATUS: 15,596,603 received | 15,555,106 processed | 41497 buffered | 2324 active | ProcQ: 0 | DBQ: 3 | 1,596,243 saved | Failed: 0 | Vol: TEXINFRA:109,008, DPWIRES:5,913
INFO:root:⏰ Interval update (60s): 08:55:04 UTC
INFO:root:📤 Queued 46156 ticks from 2346 instruments | Processing queue: 1
ERROR:cache_service:Error setting OHLC batch: Object of type datetime is not JSON serializable
INFO:root:💾 Saved 500 records in 32.33s (15 rec/s) | 9 15min, 246 hourly, 245 daily | Queue: 4
ERROR:cache_service:Error setting OHLC batch: Object of type datetime is not JSON serializable
INFO:root:💾 Saved 500 records in 8.98s (56 rec/s) | 9 15min, 245 hourly, 246 daily | Queue: 4
INFO:root:📊 STATUS: 15,619,685 received | 15,601,262 processed | 18423 buffered | 2150 active | ProcQ: 0 | DBQ: 4 | 1,597,243 saved | Failed: 0 | Vol: TEXINFRA:109,008, DPWIRES:5,913
ERROR:cache_service:Error setting OHLC batch: Object of type datetime is not JSON serializable
INFO:root:💾 Saved 318 records in 29.38s (11 rec/s) | 8 15min, 155 hourly, 155 daily | Queue: 4
INFO:root:📊 STATUS: 15,642,898 received | 15,601,262 processed | 41636 buffered | 2341 active | ProcQ: 0 | DBQ: 3 | 1,597,561 saved | Failed: 0 | Vol: TEXINFRA:109,008, DPWIRES:5,913
ERROR:cache_service:Error setting OHLC batch: Object of type datetime is not JSON serializable
INFO:root:💾 Saved 500 records in 15.20s (33 rec/s) | 21 15min, 240 hourly, 239 daily | Queue: 3
INFO:root:⏰ Interval update (60s): 08:56:04 UTC
INFO:root:📤 Queued 46732 ticks from 2370 instruments | Processing queue: 1
INFO:root:📊 STATUS: 15,666,177 received | 15,647,994 processed | 18183 buffered | 2150 active | ProcQ: 0 | DBQ: 4 | 1,598,061 saved | Failed: 0 | Vol: TEXINFRA:109,668, DPWIRES:5,913
INFO:root:📊 STATUS: 15,690,559 received | 15,647,994 processed | 42565 buffered | 2354 active | ProcQ: 0 | DBQ: 4 | 1,598,061 saved | Failed: 0 | Vol: TEXINFRA:109,668, DPWIRES:5,913
INFO:root:⏰ Interval update (60s): 08:57:04 UTC
INFO:root:📤 Queued 48309 ticks from 2380 instruments | Processing queue: 1
ERROR:cache_service:Error setting OHLC batch: Object of type datetime is not JSON serializable
INFO:root:💾 Saved 500 records in 76.03s (7 rec/s) | 13 15min, 243 hourly, 244 daily | Queue: 5
ERROR:cache_service:Error setting OHLC batch: Object of type datetime is not JSON serializable
INFO:root:💾 Saved 500 records in 7.03s (71 rec/s) | 17 15min, 242 hourly, 241 daily | Queue: 5
INFO:root:📊 STATUS: 15,715,460 received | 15,696,303 processed | 19157 buffered | 2110 active | ProcQ: 0 | DBQ: 5 | 1,599,061 saved | Failed: 0 | Vol: TEXINFRA:109,669, DPWIRES:5,918
ERROR:cache_service:Error setting OHLC batch: Object of type datetime is not JSON serializable
INFO:root:💾 Saved 500 records in 4.95s (101 rec/s) | 15 15min, 242 hourly, 243 daily | Queue: 5
ERROR:cache_service:Error setting OHLC batch: Object of type datetime is not JSON serializable
INFO:root:💾 Saved 500 records in 4.08s (123 rec/s) | 15 15min, 243 hourly, 242 daily | Queue: 5
ERROR:cache_service:Error setting OHLC batch: Object of type datetime is not JSON serializable
INFO:root:💾 Saved 500 records in 4.36s (115 rec/s) | 17 15min, 241 hourly, 242 daily | Queue: 5
ERROR:cache_service:Error setting OHLC batch: Object of type datetime is not JSON serializable
INFO:root:💾 Saved 500 records in 4.69s (107 rec/s) | 6 15min, 247 hourly, 247 daily | Queue: 5
ERROR:cache_service:Error setting OHLC batch: Object of type datetime is not JSON serializable
INFO:root:💾 Saved 500 records in 8.80s (57 rec/s) | 14 15min, 243 hourly, 243 daily | Queue: 5
ERROR:cache_service:Error setting OHLC batch: Object of type datetime is not JSON serializable
INFO:root:💾 Saved 500 records in 7.33s (68 rec/s) | 10 15min, 245 hourly, 245 daily | Queue: 5
INFO:root:📊 STATUS: 15,738,670 received | 15,696,303 processed | 42367 buffered | 2298 active | ProcQ: 0 | DBQ: 5 | 1,602,061 saved | Failed: 0 | Vol: TEXINFRA:109,669, DPWIRES:5,918
ERROR:cache_service:Error setting OHLC batch: Object of type datetime is not JSON serializable
INFO:root:💾 Saved 298 records in 3.74s (80 rec/s) | 4 15min, 147 hourly, 147 daily | Queue: 5
INFO:root:⏰ Interval update (60s): 08:58:05 UTC
INFO:root:📤 Queued 47231 ticks from 2346 instruments | Processing queue: 1
ERROR:cache_service:Error setting OHLC batch: Object of type datetime is not JSON serializable
INFO:root:💾 Saved 500 records in 4.55s (110 rec/s) | 21 15min, 240 hourly, 239 daily | Queue: 5
ERROR:cache_service:Error setting OHLC batch: Object of type datetime is not JSON serializable
INFO:root:💾 Saved 500 records in 4.48s (112 rec/s) | 13 15min, 243 hourly, 244 daily | Queue: 5
ERROR:cache_service:Error setting OHLC batch: Object of type datetime is not JSON serializable
INFO:root:💾 Saved 500 records in 1.92s (260 rec/s) | 17 15min, 242 hourly, 241 daily | Queue: 5
ERROR:cache_service:Error setting OHLC batch: Object of type datetime is not JSON serializable
INFO:root:💾 Saved 500 records in 1.09s (458 rec/s) | 15 15min, 242 hourly, 243 daily | Queue: 5
ERROR:cache_service:Error setting OHLC batch: Object of type datetime is not JSON serializable
INFO:root:💾 Saved 500 records in 1.04s (481 rec/s) | 15 15min, 243 hourly, 242 daily | Queue: 5
ERROR:cache_service:Error setting OHLC batch: Object of type datetime is not JSON serializable
INFO:root:💾 Saved 500 records in 1.14s (437 rec/s) | 13 15min, 243 hourly, 244 daily | Queue: 5
ERROR:cache_service:Error setting OHLC batch: Object of type datetime is not JSON serializable
INFO:root:💾 Saved 500 records in 0.98s (510 rec/s) | 10 15min, 245 hourly, 245 daily | Queue: 5
ERROR:cache_service:Error setting OHLC batch: Object of type datetime is not JSON serializable
INFO:root:💾 Saved 500 records in 1.23s (408 rec/s) | 11 15min, 245 hourly, 244 daily | Queue: 5
ERROR:cache_service:Error setting OHLC batch: Object of type datetime is not JSON serializable
INFO:root:💾 Saved 500 records in 0.52s (953 rec/s) | 9 15min, 245 hourly, 246 daily | Queue: 5
ERROR:cache_service:Error setting OHLC batch: Object of type datetime is not JSON serializable
INFO:root:💾 Saved 354 records in 0.25s (1390 rec/s) | 8 15min, 173 hourly, 173 daily | Queue: 5
ERROR:cache_service:Error setting OHLC batch: Object of type datetime is not JSON serializable
INFO:root:💾 Saved 500 records in 0.45s (1115 rec/s) | 21 15min, 240 hourly, 239 daily | Queue: 4
ERROR:cache_service:Error setting OHLC batch: Object of type datetime is not JSON serializable
INFO:root:💾 Saved 500 records in 0.34s (1462 rec/s) | 13 15min, 243 hourly, 244 daily | Queue: 4
ERROR:cache_service:Error setting OHLC batch: Object of type datetime is not JSON serializable
INFO:root:💾 Saved 500 records in 0.26s (1944 rec/s) | 17 15min, 242 hourly, 241 daily | Queue: 4
ERROR:cache_service:Error setting OHLC batch: Object of type datetime is not JSON serializable
INFO:root:💾 Saved 500 records in 0.21s (2405 rec/s) | 15 15min, 242 hourly, 243 daily | Queue: 4
ERROR:cache_service:Error setting OHLC batch: Object of type datetime is not JSON serializable
INFO:root:💾 Saved 500 records in 0.26s (1931 rec/s) | 15 15min, 243 hourly, 242 daily | Queue: 4
ERROR:cache_service:Error setting OHLC batch: Object of type datetime is not JSON serializable
INFO:root:💾 Saved 500 records in 0.26s (1933 rec/s) | 13 15min, 243 hourly, 244 daily | Queue: 4
ERROR:cache_service:Error setting OHLC batch: Object of type datetime is not JSON serializable
INFO:root:💾 Saved 500 records in 0.28s (1769 rec/s) | 10 15min, 245 hourly, 245 daily | Queue: 4
ERROR:cache_service:Error setting OHLC batch: Object of type datetime is not JSON serializable
INFO:root:💾 Saved 500 records in 0.31s (1625 rec/s) | 11 15min, 245 hourly, 244 daily | Queue: 4
ERROR:cache_service:Error setting OHLC batch: Object of type datetime is not JSON serializable
INFO:root:💾 Saved 500 records in 0.19s (2572 rec/s) | 9 15min, 245 hourly, 246 daily | Queue: 4
ERROR:cache_service:Error setting OHLC batch: Object of type datetime is not JSON serializable
INFO:root:💾 Saved 404 records in 0.16s (2454 rec/s) | 8 15min, 198 hourly, 198 daily | Queue: 4
ERROR:cache_service:Error setting OHLC batch: Object of type datetime is not JSON serializable
INFO:root:💾 Saved 500 records in 0.17s (2905 rec/s) | 21 15min, 240 hourly, 239 daily | Queue: 3
ERROR:cache_service:Error setting OHLC batch: Object of type datetime is not JSON serializable
INFO:root:💾 Saved 500 records in 0.23s (2182 rec/s) | 13 15min, 243 hourly, 244 daily | Queue: 3
ERROR:cache_service:Error setting OHLC batch: Object of type datetime is not JSON serializable
INFO:root:💾 Saved 500 records in 0.17s (3007 rec/s) | 17 15min, 242 hourly, 241 daily | Queue: 3
ERROR:cache_service:Error setting OHLC batch: Object of type datetime is not JSON serializable
INFO:root:💾 Saved 500 records in 0.20s (2562 rec/s) | 15 15min, 242 hourly, 243 daily | Queue: 3
ERROR:cache_service:Error setting OHLC batch: Object of type datetime is not JSON serializable
INFO:root:💾 Saved 500 records in 0.22s (2270 rec/s) | 15 15min, 243 hourly, 242 daily | Queue: 3
ERROR:cache_service:Error setting OHLC batch: Object of type datetime is not JSON serializable
INFO:root:💾 Saved 500 records in 0.14s (3574 rec/s) | 17 15min, 241 hourly, 242 daily | Queue: 3
ERROR:cache_service:Error setting OHLC batch: Object of type datetime is not JSON serializable
INFO:root:💾 Saved 500 records in 0.17s (2992 rec/s) | 6 15min, 247 hourly, 247 daily | Queue: 3
ERROR:cache_service:Error setting OHLC batch: Object of type datetime is not JSON serializable
INFO:root:💾 Saved 500 records in 0.31s (1615 rec/s) | 11 15min, 245 hourly, 244 daily | Queue: 3
ERROR:cache_service:Error setting OHLC batch: Object of type datetime is not JSON serializable
INFO:root:💾 Saved 500 records in 0.21s (2439 rec/s) | 9 15min, 245 hourly, 246 daily | Queue: 3
ERROR:cache_service:Error setting OHLC batch: Object of type datetime is not JSON serializable
INFO:root:💾 Saved 324 records in 0.14s (2249 rec/s) | 8 15min, 158 hourly, 158 daily | Queue: 3
ERROR:cache_service:Error setting OHLC batch: Object of type datetime is not JSON serializable
INFO:root:💾 Saved 500 records in 0.22s (2248 rec/s) | 21 15min, 240 hourly, 239 daily | Queue: 2
ERROR:cache_service:Error setting OHLC batch: Object of type datetime is not JSON serializable
INFO:root:💾 Saved 500 records in 0.17s (2995 rec/s) | 13 15min, 243 hourly, 244 daily | Queue: 2
ERROR:cache_service:Error setting OHLC batch: Object of type datetime is not JSON serializable
INFO:root:💾 Saved 500 records in 0.16s (3036 rec/s) | 17 15min, 242 hourly, 241 daily | Queue: 2
ERROR:cache_service:Error setting OHLC batch: Object of type datetime is not JSON serializable
INFO:root:💾 Saved 500 records in 0.14s (3602 rec/s) | 15 15min, 242 hourly, 243 daily | Queue: 2
ERROR:cache_service:Error setting OHLC batch: Object of type datetime is not JSON serializable
INFO:root:💾 Saved 500 records in 0.14s (3698 rec/s) | 15 15min, 243 hourly, 242 daily | Queue: 2
ERROR:cache_service:Error setting OHLC batch: Object of type datetime is not JSON serializable
INFO:root:💾 Saved 500 records in 0.20s (2466 rec/s) | 13 15min, 243 hourly, 244 daily | Queue: 2
ERROR:cache_service:Error setting OHLC batch: Object of type datetime is not JSON serializable
INFO:root:💾 Saved 500 records in 0.14s (3697 rec/s) | 10 15min, 245 hourly, 245 daily | Queue: 2
ERROR:cache_service:Error setting OHLC batch: Object of type datetime is not JSON serializable
INFO:root:💾 Saved 500 records in 0.16s (3113 rec/s) | 11 15min, 245 hourly, 244 daily | Queue: 2
ERROR:cache_service:Error setting OHLC batch: Object of type datetime is not JSON serializable
INFO:root:💾 Saved 500 records in 0.16s (3213 rec/s) | 9 15min, 245 hourly, 246 daily | Queue: 2
ERROR:cache_service:Error setting OHLC batch: Object of type datetime is not JSON serializable
INFO:root:💾 Saved 372 records in 0.11s (3325 rec/s) | 8 15min, 182 hourly, 182 daily | Queue: 2
ERROR:cache_service:Error setting OHLC batch: Object of type datetime is not JSON serializable
INFO:root:💾 Saved 500 records in 0.23s (2168 rec/s) | 21 15min, 240 hourly, 239 daily | Queue: 1
ERROR:cache_service:Error setting OHLC batch: Object of type datetime is not JSON serializable
INFO:root:💾 Saved 500 records in 0.16s (3210 rec/s) | 13 15min, 243 hourly, 244 daily | Queue: 1
ERROR:cache_service:Error setting OHLC batch: Object of type datetime is not JSON serializable
INFO:root:💾 Saved 500 records in 0.38s (1326 rec/s) | 17 15min, 242 hourly, 241 daily | Queue: 1
ERROR:cache_service:Error setting OHLC batch: Object of type datetime is not JSON serializable
INFO:root:💾 Saved 500 records in 0.24s (2069 rec/s) | 14 15min, 243 hourly, 243 daily | Queue: 1
ERROR:cache_service:Error setting OHLC batch: Object of type datetime is not JSON serializable
INFO:root:💾 Saved 500 records in 0.16s (3158 rec/s) | 15 15min, 242 hourly, 243 daily | Queue: 1
ERROR:cache_service:Error setting OHLC batch: Object of type datetime is not JSON serializable
INFO:root:💾 Saved 500 records in 0.12s (4271 rec/s) | 13 15min, 244 hourly, 243 daily | Queue: 1
ERROR:cache_service:Error setting OHLC batch: Object of type datetime is not JSON serializable
INFO:root:💾 Saved 500 records in 0.15s (3403 rec/s) | 10 15min, 245 hourly, 245 daily | Queue: 1
ERROR:cache_service:Error setting OHLC batch: Object of type datetime is not JSON serializable
INFO:root:💾 Saved 500 records in 0.18s (2742 rec/s) | 12 15min, 244 hourly, 244 daily | Queue: 1
ERROR:cache_service:Error setting OHLC batch: Object of type datetime is not JSON serializable
INFO:root:💾 Saved 500 records in 0.23s (2201 rec/s) | 9 15min, 245 hourly, 246 daily | Queue: 1
ERROR:cache_service:Error setting OHLC batch: Object of type datetime is not JSON serializable
INFO:root:💾 Saved 392 records in 0.13s (2961 rec/s) | 8 15min, 192 hourly, 192 daily | Queue: 1
ERROR:cache_service:Error setting OHLC batch: Object of type datetime is not JSON serializable
INFO:root:💾 Saved 500 records in 0.23s (2204 rec/s) | 21 15min, 240 hourly, 239 daily | Queue: 0
ERROR:cache_service:Error setting OHLC batch: Object of type datetime is not JSON serializable
INFO:root:💾 Saved 500 records in 0.16s (3154 rec/s) | 13 15min, 243 hourly, 244 daily | Queue: 0
ERROR:cache_service:Error setting OHLC batch: Object of type datetime is not JSON serializable
INFO:root:💾 Saved 500 records in 0.17s (2983 rec/s) | 17 15min, 242 hourly, 241 daily | Queue: 0
ERROR:cache_service:Error setting OHLC batch: Object of type datetime is not JSON serializable
INFO:root:💾 Saved 500 records in 0.17s (2942 rec/s) | 15 15min, 242 hourly, 243 daily | Queue: 0
INFO:root:📊 STATUS: 15,761,635 received | 15,743,534 processed | 18101 buffered | 2136 active | ProcQ: 0 | DBQ: 0 | 1,628,705 saved | Failed: 0 | Vol: TEXINFRA:111,349, DPWIRES:5,918
ERROR:cache_service:Error setting OHLC batch: Object of type datetime is not JSON serializable
INFO:root:💾 Saved 500 records in 0.13s (3963 rec/s) | 15 15min, 243 hourly, 242 daily | Queue: 0
ERROR:cache_service:Error setting OHLC batch: Object of type datetime is not JSON serializable
INFO:root:💾 Saved 500 records in 0.17s (2946 rec/s) | 17 15min, 241 hourly, 242 daily | Queue: 0
ERROR:cache_service:Error setting OHLC batch: Object of type datetime is not JSON serializable
INFO:root:💾 Saved 500 records in 0.18s (2722 rec/s) | 8 15min, 246 hourly, 246 daily | Queue: 0
ERROR:cache_service:Error setting OHLC batch: Object of type datetime is not JSON serializable
INFO:root:💾 Saved 500 records in 0.14s (3488 rec/s) | 9 15min, 246 hourly, 245 daily | Queue: 0
ERROR:cache_service:Error setting OHLC batch: Object of type datetime is not JSON serializable
INFO:root:💾 Saved 500 records in 0.15s (3323 rec/s) | 9 15min, 245 hourly, 246 daily | Queue: 0
ERROR:cache_service:Error setting OHLC batch: Object of type datetime is not JSON serializable
INFO:root:💾 Saved 324 records in 0.13s (2578 rec/s) | 8 15min, 158 hourly, 158 daily | Queue: 0
INFO:root:📊 STATUS: 15,784,746 received | 15,743,534 processed | 41212 buffered | 2375 active | ProcQ: 0 | DBQ: 0 | 1,631,529 saved | Failed: 0 | Vol: TEXINFRA:111,349, DPWIRES:5,918
INFO:root:⏰ Interval update (60s): 08:59:05 UTC
INFO:root:📤 Queued 45497 ticks from 2416 instruments | Processing queue: 1
ERROR:cache_service:Error setting OHLC batch: Object of type datetime is not JSON serializable
INFO:root:💾 Saved 500 records in 3.40s (147 rec/s) | 21 15min, 240 hourly, 239 daily | Queue: 0
ERROR:cache_service:Error setting OHLC batch: Object of type datetime is not JSON serializable
INFO:root:💾 Saved 500 records in 4.01s (125 rec/s) | 13 15min, 243 hourly, 244 daily | Queue: 0
ERROR:cache_service:Error setting OHLC batch: Object of type datetime is not JSON serializable
INFO:root:💾 Saved 500 records in 4.19s (119 rec/s) | 17 15min, 242 hourly, 241 daily | Queue: 0
ERROR:cache_service:Error setting OHLC batch: Object of type datetime is not JSON serializable
INFO:root:💾 Saved 500 records in 4.29s (117 rec/s) | 15 15min, 242 hourly, 243 daily | Queue: 0
ERROR:cache_service:Error setting OHLC batch: Object of type datetime is not JSON serializable
INFO:root:💾 Saved 500 records in 4.08s (122 rec/s) | 12 15min, 244 hourly, 244 daily | Queue: 0
INFO:root:📊 STATUS: 15,807,617 received | 15,789,031 processed | 18586 buffered | 2280 active | ProcQ: 0 | DBQ: 0 | 1,634,029 saved | Failed: 0 | Vol: TEXINFRA:111,349, DPWIRES:5,918
ERROR:cache_service:Error setting OHLC batch: Object of type datetime is not JSON serializable
INFO:root:💾 Saved 500 records in 3.81s (131 rec/s) | 16 15min, 242 hourly, 242 daily | Queue: 0
ERROR:cache_service:Error setting OHLC batch: Object of type datetime is not JSON serializable
INFO:root:💾 Saved 500 records in 4.22s (118 rec/s) | 10 15min, 245 hourly, 245 daily | Queue: 0
ERROR:cache_service:Error setting OHLC batch: Object of type datetime is not JSON serializable
INFO:root:💾 Saved 500 records in 6.52s (77 rec/s) | 11 15min, 245 hourly, 244 daily | Queue: 0
ERROR:cache_service:Error setting OHLC batch: Object of type datetime is not JSON serializable
INFO:root:💾 Saved 500 records in 4.59s (109 rec/s) | 9 15min, 245 hourly, 246 daily | Queue: 0
ERROR:cache_service:Error setting OHLC batch: Object of type datetime is not JSON serializable
INFO:root:💾 Saved 464 records in 3.10s (150 rec/s) | 8 15min, 228 hourly, 228 daily | Queue: 0
INFO:root:📊 STATUS: 15,831,753 received | 15,789,031 processed | 42722 buffered | 2423 active | ProcQ: 0 | DBQ: 0 | 1,636,493 saved | Failed: 0 | Vol: TEXINFRA:111,349, DPWIRES:5,918
INFO:root:🕐 New hour detected (UTC): 2026-04-28 09:00:00+00:00
INFO:root:📤 Queued 43677 ticks from 2428 instruments | Processing queue: 1
INFO:root:⏰ Interval update (60s): 09:00:05 UTC
INFO:root:📤 Queued 2444 ticks from 1073 instruments | Processing queue: 1
ERROR:cache_service:Error setting OHLC batch: Object of type datetime is not JSON serializable
INFO:root:💾 Saved 500 records in 3.73s (134 rec/s) | 21 15min, 240 hourly, 239 daily | Queue: 0
ERROR:cache_service:Error setting OHLC batch: Object of type datetime is not JSON serializable
INFO:root:💾 Saved 500 records in 3.03s (165 rec/s) | 13 15min, 243 hourly, 244 daily | Queue: 1
ERROR:cache_service:Error setting OHLC batch: Object of type datetime is not JSON serializable
INFO:root:💾 Saved 500 records in 2.15s (232 rec/s) | 17 15min, 242 hourly, 241 daily | Queue: 1
ERROR:cache_service:Error setting OHLC batch: Object of type datetime is not JSON serializable
INFO:root:💾 Saved 500 records in 2.35s (213 rec/s) | 15 15min, 242 hourly, 243 daily | Queue: 1
ERROR:cache_service:Error setting OHLC batch: Object of type datetime is not JSON serializable
INFO:root:💾 Saved 500 records in 2.32s (215 rec/s) | 10 15min, 245 hourly, 245 daily | Queue: 1
ERROR:cache_service:Error setting OHLC batch: Object of type datetime is not JSON serializable
INFO:root:💾 Saved 500 records in 2.24s (223 rec/s) | 18 15min, 241 hourly, 241 daily | Queue: 1
ERROR:cache_service:Error setting OHLC batch: Object of type datetime is not JSON serializable
INFO:root:💾 Saved 500 records in 2.15s (233 rec/s) | 10 15min, 245 hourly, 245 daily | Queue: 1
ERROR:cache_service:Error setting OHLC batch: Object of type datetime is not JSON serializable
INFO:root:💾 Saved 500 records in 1.89s (264 rec/s) | 11 15min, 245 hourly, 244 daily | Queue: 1
ERROR:cache_service:Error setting OHLC batch: Object of type datetime is not JSON serializable
INFO:root:💾 Saved 500 records in 1.16s (431 rec/s) | 9 15min, 245 hourly, 246 daily | Queue: 1
ERROR:cache_service:Error setting OHLC batch: Object of type datetime is not JSON serializable
INFO:root:💾 Saved 488 records in 0.88s (552 rec/s) | 8 15min, 240 hourly, 240 daily | Queue: 1
ERROR:cache_service:Error setting OHLC batch: Object of type datetime is not JSON serializable
INFO:root:💾 Saved 500 records in 0.55s (905 rec/s) | 26 15min, 237 hourly, 237 daily | Queue: 0
ERROR:cache_service:Error setting OHLC batch: Object of type datetime is not JSON serializable
INFO:root:💾 Saved 500 records in 0.42s (1198 rec/s) | 30 15min, 235 hourly, 235 daily | Queue: 0
ERROR:cache_service:Error setting OHLC batch: Object of type datetime is not JSON serializable
INFO:root:💾 Saved 500 records in 0.54s (930 rec/s) | 33 15min, 234 hourly, 233 daily | Queue: 0
ERROR:cache_service:Error setting OHLC batch: Object of type datetime is not JSON serializable
INFO:root:💾 Saved 500 records in 0.70s (719 rec/s) | 22 15min, 239 hourly, 239 daily | Queue: 0
ERROR:cache_service:Error setting OHLC batch: Object of type datetime is not JSON serializable
INFO:root:💾 Saved 278 records in 0.35s (790 rec/s) | 21 15min, 128 hourly, 129 daily | Queue: 0
INFO:root:📊 STATUS: 15,856,480 received | 15,835,152 processed | 21328 buffered | 2259 active | ProcQ: 0 | DBQ: 0 | 1,643,759 saved | Failed: 0 | Vol: TEXINFRA:111,351, DPWIRES:5,918
INFO:root:📊 STATUS: 15,879,759 received | 15,835,152 processed | 44607 buffered | 2404 active | ProcQ: 0 | DBQ: 0 | 1,643,759 saved | Failed: 0 | Vol: TEXINFRA:111,351, DPWIRES:5,918
INFO:root:⏰ Interval update (60s): 09:01:05 UTC
INFO:root:📤 Queued 48903 ticks from 2423 instruments | Processing queue: 1
ERROR:cache_service:Error setting OHLC batch: Object of type datetime is not JSON serializable
INFO:root:💾 Saved 500 records in 1.80s (278 rec/s) | 21 15min, 240 hourly, 239 daily | Queue: 0
ERROR:cache_service:Error setting OHLC batch: Object of type datetime is not JSON serializable
INFO:root:💾 Saved 500 records in 1.95s (256 rec/s) | 13 15min, 243 hourly, 244 daily | Queue: 0
ERROR:cache_service:Error setting OHLC batch: Object of type datetime is not JSON serializable
INFO:root:💾 Saved 500 records in 1.94s (258 rec/s) | 17 15min, 242 hourly, 241 daily | Queue: 0
ERROR:cache_service:Error setting OHLC batch: Object of type datetime is not JSON serializable
INFO:root:💾 Saved 500 records in 2.38s (210 rec/s) | 15 15min, 242 hourly, 243 daily | Queue: 0
ERROR:cache_service:Error setting OHLC batch: Object of type datetime is not JSON serializable
INFO:root:💾 Saved 500 records in 3.28s (152 rec/s) | 13 15min, 244 hourly, 243 daily | Queue: 0
ERROR:cache_service:Error setting OHLC batch: Object of type datetime is not JSON serializable
INFO:root:💾 Saved 500 records in 4.77s (105 rec/s) | 15 15min, 242 hourly, 243 daily | Queue: 0
ERROR:cache_service:Error setting OHLC batch: Object of type datetime is not JSON serializable
INFO:root:💾 Saved 500 records in 4.75s (105 rec/s) | 10 15min, 245 hourly, 245 daily | Queue: 0
INFO:root:📊 STATUS: 15,903,653 received | 15,884,055 processed | 19598 buffered | 2297 active | ProcQ: 0 | DBQ: 0 | 1,647,259 saved | Failed: 0 | Vol: TEXINFRA:111,351, DPWIRES:5,918
ERROR:cache_service:Error setting OHLC batch: Object of type datetime is not JSON serializable
INFO:root:💾 Saved 500 records in 3.62s (138 rec/s) | 11 15min, 245 hourly, 244 daily | Queue: 0
ERROR:cache_service:Error setting OHLC batch: Object of type datetime is not JSON serializable
INFO:root:💾 Saved 500 records in 2.26s (221 rec/s) | 9 15min, 245 hourly, 246 daily | Queue: 0
ERROR:cache_service:Error setting OHLC batch: Object of type datetime is not JSON serializable
INFO:root:💾 Saved 478 records in 2.27s (211 rec/s) | 8 15min, 235 hourly, 235 daily | Queue: 0
INFO:root:📊 STATUS: 15,927,784 received | 15,884,055 processed | 43729 buffered | 2522 active | ProcQ: 0 | DBQ: 0 | 1,648,737 saved | Failed: 0 | Vol: TEXINFRA:111,351, DPWIRES:5,918
INFO:root:⏰ Interval update (60s): 09:02:05 UTC
INFO:root:📤 Queued 48779 ticks from 2558 instruments | Processing queue: 1
ERROR:cache_service:Error setting OHLC batch: Object of type datetime is not JSON serializable
INFO:root:💾 Saved 500 records in 1.10s (455 rec/s) | 21 15min, 240 hourly, 239 daily | Queue: 0
ERROR:cache_service:Error setting OHLC batch: Object of type datetime is not JSON serializable
INFO:root:💾 Saved 500 records in 1.03s (486 rec/s) | 13 15min, 243 hourly, 244 daily | Queue: 0
ERROR:cache_service:Error setting OHLC batch: Object of type datetime is not JSON serializable
INFO:root:💾 Saved 500 records in 0.88s (569 rec/s) | 14 15min, 243 hourly, 243 daily | Queue: 0
ERROR:cache_service:Error setting OHLC batch: Object of type datetime is not JSON serializable
INFO:root:💾 Saved 500 records in 0.64s (779 rec/s) | 13 15min, 244 hourly, 243 daily | Queue: 0
ERROR:cache_service:Error setting OHLC batch: Object of type datetime is not JSON serializable
INFO:root:💾 Saved 500 records in 0.78s (643 rec/s) | 15 15min, 242 hourly, 243 daily | Queue: 0
ERROR:cache_service:Error setting OHLC batch: Object of type datetime is not JSON serializable
INFO:root:💾 Saved 500 records in 0.61s (824 rec/s) | 13 15min, 244 hourly, 243 daily | Queue: 0
ERROR:cache_service:Error setting OHLC batch: Object of type datetime is not JSON serializable
INFO:root:💾 Saved 500 records in 0.29s (1754 rec/s) | 12 15min, 244 hourly, 244 daily | Queue: 0
ERROR:cache_service:Error setting OHLC batch: Object of type datetime is not JSON serializable
INFO:root:💾 Saved 500 records in 0.29s (1745 rec/s) | 9 15min, 245 hourly, 246 daily | Queue: 0
ERROR:cache_service:Error setting OHLC batch: Object of type datetime is not JSON serializable
INFO:root:💾 Saved 500 records in 0.24s (2089 rec/s) | 8 15min, 246 hourly, 246 daily | Queue: 0
ERROR:cache_service:Error setting OHLC batch: Object of type datetime is not JSON serializable
INFO:root:💾 Saved 500 records in 0.27s (1854 rec/s) | 10 15min, 245 hourly, 245 daily | Queue: 0
ERROR:cache_service:Error setting OHLC batch: Object of type datetime is not JSON serializable
INFO:root:💾 Saved 248 records in 0.11s (2200 rec/s) | 4 15min, 122 hourly, 122 daily | Queue: 0
INFO:root:📊 STATUS: 15,951,448 received | 15,932,834 processed | 18614 buffered | 2348 active | ProcQ: 0 | DBQ: 0 | 1,653,985 saved | Failed: 0 | Vol: TEXINFRA:111,872, DPWIRES:5,918
INFO:root:📊 STATUS: 15,976,393 received | 15,932,834 processed | 43559 buffered | 2525 active | ProcQ: 0 | DBQ: 0 | 1,653,985 saved | Failed: 0 | Vol: TEXINFRA:111,872, DPWIRES:5,918
INFO:root:⏰ Interval update (60s): 09:03:06 UTC
INFO:root:📤 Queued 49632 ticks from 2536 instruments | Processing queue: 1
ERROR:cache_service:Error setting OHLC batch: Object of type datetime is not JSON serializable
INFO:root:💾 Saved 500 records in 1.57s (318 rec/s) | 21 15min, 240 hourly, 239 daily | Queue: 0
ERROR:cache_service:Error setting OHLC batch: Object of type datetime is not JSON serializable
INFO:root:💾 Saved 500 records in 1.51s (332 rec/s) | 13 15min, 243 hourly, 244 daily | Queue: 0
ERROR:cache_service:Error setting OHLC batch: Object of type datetime is not JSON serializable
INFO:root:💾 Saved 500 records in 1.44s (346 rec/s) | 14 15min, 243 hourly, 243 daily | Queue: 0
ERROR:cache_service:Error setting OHLC batch: Object of type datetime is not JSON serializable
INFO:root:💾 Saved 500 records in 1.46s (343 rec/s) | 13 15min, 244 hourly, 243 daily | Queue: 0
ERROR:cache_service:Error setting OHLC batch: Object of type datetime is not JSON serializable
INFO:root:💾 Saved 500 records in 1.47s (340 rec/s) | 15 15min, 242 hourly, 243 daily | Queue: 0
ERROR:cache_service:Error setting OHLC batch: Object of type datetime is not JSON serializable
INFO:root:💾 Saved 500 records in 1.60s (312 rec/s) | 13 15min, 244 hourly, 243 daily | Queue: 0
ERROR:cache_service:Error setting OHLC batch: Object of type datetime is not JSON serializable
INFO:root:💾 Saved 500 records in 1.78s (280 rec/s) | 12 15min, 244 hourly, 244 daily | Queue: 0
ERROR:cache_service:Error setting OHLC batch: Object of type datetime is not JSON serializable
INFO:root:💾 Saved 500 records in 1.85s (271 rec/s) | 9 15min, 245 hourly, 246 daily | Queue: 0
ERROR:cache_service:Error setting OHLC batch: Object of type datetime is not JSON serializable
INFO:root:💾 Saved 500 records in 1.73s (289 rec/s) | 8 15min, 246 hourly, 246 daily | Queue: 0
ERROR:cache_service:Error setting OHLC batch: Object of type datetime is not JSON serializable
INFO:root:💾 Saved 500 records in 1.65s (303 rec/s) | 10 15min, 245 hourly, 245 daily | Queue: 0
ERROR:cache_service:Error setting OHLC batch: Object of type datetime is not JSON serializable
INFO:root:💾 Saved 204 records in 0.64s (320 rec/s) | 4 15min, 100 hourly, 100 daily | Queue: 0
INFO:root:📊 STATUS: 16,001,460 received | 15,982,466 processed | 18994 buffered | 2146 active | ProcQ: 0 | DBQ: 0 | 1,659,189 saved | Failed: 0 | Vol: TEXINFRA:111,872, DPWIRES:5,918
INFO:root:📊 STATUS: 16,024,778 received | 15,982,466 processed | 42312 buffered | 2345 active | ProcQ: 0 | DBQ: 0 | 1,659,189 saved | Failed: 0 | Vol: TEXINFRA:111,872, DPWIRES:5,918
INFO:root:⏰ Interval update (60s): 09:04:06 UTC
INFO:root:📤 Queued 47284 ticks from 2362 instruments | Processing queue: 1
ERROR:cache_service:Error setting OHLC batch: Object of type datetime is not JSON serializable
INFO:root:💾 Saved 500 records in 3.69s (136 rec/s) | 21 15min, 240 hourly, 239 daily | Queue: 0
ERROR:cache_service:Error setting OHLC batch: Object of type datetime is not JSON serializable
INFO:root:💾 Saved 500 records in 2.42s (207 rec/s) | 13 15min, 243 hourly, 244 daily | Queue: 0
ERROR:cache_service:Error setting OHLC batch: Object of type datetime is not JSON serializable
INFO:root:💾 Saved 500 records in 1.79s (279 rec/s) | 17 15min, 242 hourly, 241 daily | Queue: 0
ERROR:cache_service:Error setting OHLC batch: Object of type datetime is not JSON serializable
INFO:root:💾 Saved 500 records in 1.28s (390 rec/s) | 15 15min, 242 hourly, 243 daily | Queue: 0
ERROR:cache_service:Error setting OHLC batch: Object of type datetime is not JSON serializable
INFO:root:💾 Saved 500 records in 1.36s (368 rec/s) | 15 15min, 243 hourly, 242 daily | Queue: 0
ERROR:cache_service:Error setting OHLC batch: Object of type datetime is not JSON serializable
INFO:root:💾 Saved 500 records in 1.23s (406 rec/s) | 15 15min, 242 hourly, 243 daily | Queue: 0
ERROR:cache_service:Error setting OHLC batch: Object of type datetime is not JSON serializable
INFO:root:💾 Saved 500 records in 1.17s (426 rec/s) | 8 15min, 246 hourly, 246 daily | Queue: 0
ERROR:cache_service:Error setting OHLC batch: Object of type datetime is not JSON serializable
INFO:root:💾 Saved 500 records in 1.13s (441 rec/s) | 11 15min, 245 hourly, 244 daily | Queue: 0
ERROR:cache_service:Error setting OHLC batch: Object of type datetime is not JSON serializable
INFO:root:💾 Saved 500 records in 1.57s (319 rec/s) | 9 15min, 245 hourly, 246 daily | Queue: 0
ERROR:cache_service:Error setting OHLC batch: Object of type datetime is not JSON serializable
INFO:root:💾 Saved 356 records in 1.33s (267 rec/s) | 8 15min, 174 hourly, 174 daily | Queue: 0
INFO:root:📊 STATUS: 16,048,280 received | 16,029,750 processed | 18530 buffered | 2127 active | ProcQ: 0 | DBQ: 0 | 1,664,045 saved | Failed: 0 | Vol: TEXINFRA:112,125, DPWIRES:5,918
INFO:root:📊 STATUS: 16,072,257 received | 16,029,750 processed | 42507 buffered | 2395 active | ProcQ: 0 | DBQ: 0 | 1,664,045 saved | Failed: 0 | Vol: TEXINFRA:112,125, DPWIRES:5,918
INFO:root:⏰ Interval update (60s): 09:05:06 UTC
INFO:root:📤 Queued 45913 ticks from 2416 instruments | Processing queue: 1
ERROR:cache_service:Error setting OHLC batch: Object of type datetime is not JSON serializable
INFO:root:💾 Saved 500 records in 21.36s (23 rec/s) | 21 15min, 240 hourly, 239 daily | Queue: 0
INFO:root:📊 STATUS: 16,095,950 received | 16,075,663 processed | 20287 buffered | 2215 active | ProcQ: 0 | DBQ: 0 | 1,664,545 saved | Failed: 0 | Vol: TEXINFRA:112,125, DPWIRES:5,918
ERROR:cache_service:Error setting OHLC batch: Object of type datetime is not JSON serializable
INFO:root:💾 Saved 500 records in 6.59s (76 rec/s) | 13 15min, 243 hourly, 244 daily | Queue: 0
ERROR:cache_service:Error setting OHLC batch: Object of type datetime is not JSON serializable
INFO:root:💾 Saved 500 records in 5.13s (97 rec/s) | 17 15min, 242 hourly, 241 daily | Queue: 0
ERROR:cache_service:Error setting OHLC batch: Object of type datetime is not JSON serializable
INFO:root:💾 Saved 500 records in 12.09s (41 rec/s) | 15 15min, 242 hourly, 243 daily | Queue: 0
INFO:root:📊 STATUS: 16,120,523 received | 16,075,663 processed | 44860 buffered | 2372 active | ProcQ: 0 | DBQ: 0 | 1,666,045 saved | Failed: 0 | Vol: TEXINFRA:112,125, DPWIRES:5,918
INFO:root:⏰ Interval update (60s): 09:06:06 UTC
INFO:root:📤 Queued 50648 ticks from 2397 instruments | Processing queue: 1
ERROR:cache_service:Error setting OHLC batch: Object of type datetime is not JSON serializable
INFO:root:💾 Saved 500 records in 26.21s (19 rec/s) | 14 15min, 243 hourly, 243 daily | Queue: 1
ERROR:cache_service:Error setting OHLC batch: Object of type datetime is not JSON serializable
INFO:root:💾 Saved 500 records in 8.41s (59 rec/s) | 14 15min, 243 hourly, 243 daily | Queue: 1
INFO:root:📊 STATUS: 16,145,486 received | 16,126,311 processed | 19175 buffered | 2184 active | ProcQ: 0 | DBQ: 1 | 1,667,045 saved | Failed: 0 | Vol: TEXINFRA:112,125, DPWIRES:5,918
ERROR:cache_service:Error setting OHLC batch: Object of type datetime is not JSON serializable
INFO:root:💾 Saved 500 records in 10.79s (46 rec/s) | 10 15min, 245 hourly, 245 daily | Queue: 1
INFO:root:📊 STATUS: 16,168,700 received | 16,126,311 processed | 42389 buffered | 2378 active | ProcQ: 0 | DBQ: 1 | 1,667,545 saved | Failed: 0 | Vol: TEXINFRA:112,125, DPWIRES:5,918
INFO:root:⏰ Interval update (60s): 09:07:06 UTC
INFO:root:📤 Queued 47238 ticks from 2404 instruments | Processing queue: 1
ERROR:cache_service:Error setting OHLC batch: Object of type datetime is not JSON serializable
INFO:root:💾 Saved 500 records in 36.01s (14 rec/s) | 11 15min, 245 hourly, 244 daily | Queue: 2
ERROR:cache_service:Error setting OHLC batch: Object of type datetime is not JSON serializable
INFO:root:💾 Saved 500 records in 13.86s (36 rec/s) | 9 15min, 245 hourly, 246 daily | Queue: 2
INFO:root:📊 STATUS: 16,192,128 received | 16,173,549 processed | 18579 buffered | 2197 active | ProcQ: 0 | DBQ: 2 | 1,668,545 saved | Failed: 0 | Vol: TEXINFRA:112,125, DPWIRES:5,918
ERROR:cache_service:Error setting OHLC batch: Object of type datetime is not JSON serializable
INFO:root:💾 Saved 464 records in 12.44s (37 rec/s) | 8 15min, 228 hourly, 228 daily | Queue: 2
INFO:root:📊 STATUS: 16,215,918 received | 16,173,549 processed | 42369 buffered | 2349 active | ProcQ: 0 | DBQ: 1 | 1,669,009 saved | Failed: 0 | Vol: TEXINFRA:112,125, DPWIRES:5,918
ERROR:cache_service:Error setting OHLC batch: Object of type datetime is not JSON serializable
INFO:root:💾 Saved 500 records in 24.16s (21 rec/s) | 21 15min, 240 hourly, 239 daily | Queue: 1
INFO:root:⏰ Interval update (60s): 09:08:06 UTC
INFO:root:📤 Queued 46569 ticks from 2378 instruments | Processing queue: 1
INFO:root:📊 STATUS: 16,239,525 received | 16,220,118 processed | 19407 buffered | 2226 active | ProcQ: 0 | DBQ: 2 | 1,669,509 saved | Failed: 0 | Vol: TEXINFRA:112,125, DPWIRES:5,918
ERROR:cache_service:Error setting OHLC batch: Object of type datetime is not JSON serializable
INFO:root:💾 Saved 500 records in 29.21s (17 rec/s) | 13 15min, 243 hourly, 244 daily | Queue: 2
INFO:root:📊 STATUS: 16,263,969 received | 16,220,118 processed | 43851 buffered | 2377 active | ProcQ: 0 | DBQ: 2 | 1,670,009 saved | Failed: 0 | Vol: TEXINFRA:112,125, DPWIRES:5,918
INFO:root:⏰ Interval update (60s): 09:09:07 UTC
INFO:root:📤 Queued 49021 ticks from 2397 instruments | Processing queue: 1
ERROR:cache_service:Error setting OHLC batch: Object of type datetime is not JSON serializable
INFO:root:💾 Saved 500 records in 38.73s (13 rec/s) | 17 15min, 242 hourly, 241 daily | Queue: 3
INFO:root:📊 STATUS: 16,290,040 received | 16,269,139 processed | 20901 buffered | 2173 active | ProcQ: 0 | DBQ: 3 | 1,670,509 saved | Failed: 0 | Vol: TEXINFRA:112,125, DPWIRES:5,918
ERROR:cache_service:Error setting OHLC batch: Object of type datetime is not JSON serializable
INFO:root:💾 Saved 500 records in 29.33s (17 rec/s) | 15 15min, 242 hourly, 243 daily | Queue: 3
ERROR:cache_service:Error setting OHLC batch: Object of type datetime is not JSON serializable
INFO:root:💾 Saved 500 records in 5.40s (93 rec/s) | 15 15min, 243 hourly, 242 daily | Queue: 3
ERROR:cache_service:Error setting OHLC batch: Object of type datetime is not JSON serializable
INFO:root:💾 Saved 500 records in 4.54s (110 rec/s) | 13 15min, 243 hourly, 244 daily | Queue: 3
ERROR:cache_service:Error setting OHLC batch: Object of type datetime is not JSON serializable
INFO:root:💾 Saved 500 records in 4.68s (107 rec/s) | 10 15min, 245 hourly, 245 daily | Queue: 3
ERROR:cache_service:Error setting OHLC batch: Object of type datetime is not JSON serializable
INFO:root:💾 Saved 500 records in 4.71s (106 rec/s) | 11 15min, 245 hourly, 244 daily | Queue: 3
INFO:root:📊 STATUS: 16,312,815 received | 16,269,139 processed | 43676 buffered | 2342 active | ProcQ: 0 | DBQ: 3 | 1,673,009 saved | Failed: 0 | Vol: TEXINFRA:112,125, DPWIRES:5,918
ERROR:cache_service:Error setting OHLC batch: Object of type datetime is not JSON serializable
INFO:root:💾 Saved 500 records in 4.40s (114 rec/s) | 9 15min, 245 hourly, 246 daily | Queue: 3
INFO:root:⏰ Interval update (60s): 09:10:07 UTC
INFO:root:📤 Queued 47641 ticks from 2384 instruments | Processing queue: 1
ERROR:cache_service:Error setting OHLC batch: Object of type datetime is not JSON serializable
INFO:root:💾 Saved 426 records in 3.72s (115 rec/s) | 8 15min, 209 hourly, 209 daily | Queue: 4
ERROR:cache_service:Error setting OHLC batch: Object of type datetime is not JSON serializable
INFO:root:💾 Saved 500 records in 5.82s (86 rec/s) | 21 15min, 240 hourly, 239 daily | Queue: 3
ERROR:cache_service:Error setting OHLC batch: Object of type datetime is not JSON serializable
INFO:root:💾 Saved 500 records in 10.47s (48 rec/s) | 13 15min, 243 hourly, 244 daily | Queue: 3
INFO:root:📊 STATUS: 16,337,485 received | 16,316,780 processed | 20705 buffered | 2147 active | ProcQ: 0 | DBQ: 3 | 1,674,935 saved | Failed: 0 | Vol: TEXINFRA:112,125, DPWIRES:5,918
ERROR:cache_service:Error setting OHLC batch: Object of type datetime is not JSON serializable
INFO:root:💾 Saved 500 records in 8.37s (60 rec/s) | 17 15min, 242 hourly, 241 daily | Queue: 3
ERROR:cache_service:Error setting OHLC batch: Object of type datetime is not JSON serializable
INFO:root:💾 Saved 500 records in 7.38s (68 rec/s) | 15 15min, 242 hourly, 243 daily | Queue: 3
ERROR:cache_service:Error setting OHLC batch: Object of type datetime is not JSON serializable
INFO:root:💾 Saved 500 records in 6.41s (78 rec/s) | 15 15min, 243 hourly, 242 daily | Queue: 3
INFO:root:📊 STATUS: 16,360,800 received | 16,316,780 processed | 44020 buffered | 2332 active | ProcQ: 0 | DBQ: 3 | 1,676,435 saved | Failed: 0 | Vol: TEXINFRA:112,125, DPWIRES:5,918
ERROR:cache_service:Error setting OHLC batch: Object of type datetime is not JSON serializable
INFO:root:💾 Saved 500 records in 15.86s (32 rec/s) | 13 15min, 243 hourly, 244 daily | Queue: 3
INFO:root:⏰ Interval update (60s): 09:11:07 UTC
INFO:root:📤 Queued 48022 ticks from 2365 instruments | Processing queue: 1
ERROR:cache_service:Error setting OHLC batch: Object of type datetime is not JSON serializable
INFO:root:💾 Saved 500 records in 5.84s (86 rec/s) | 10 15min, 245 hourly, 245 daily | Queue: 4
ERROR:cache_service:Error setting OHLC batch: Object of type datetime is not JSON serializable
INFO:root:💾 Saved 500 records in 5.03s (99 rec/s) | 11 15min, 245 hourly, 244 daily | Queue: 4
ERROR:cache_service:Error setting OHLC batch: Object of type datetime is not JSON serializable
INFO:root:💾 Saved 500 records in 5.85s (85 rec/s) | 9 15min, 245 hourly, 246 daily | Queue: 4
ERROR:cache_service:Error setting OHLC batch: Object of type datetime is not JSON serializable
INFO:root:💾 Saved 440 records in 6.04s (73 rec/s) | 8 15min, 216 hourly, 216 daily | Queue: 4
ERROR:cache_service:Error setting OHLC batch: Object of type datetime is not JSON serializable
INFO:root:💾 Saved 500 records in 5.35s (93 rec/s) | 21 15min, 240 hourly, 239 daily | Queue: 3
INFO:root:📊 STATUS: 16,385,094 received | 16,364,802 processed | 20292 buffered | 2132 active | ProcQ: 0 | DBQ: 3 | 1,679,375 saved | Failed: 0 | Vol: TEXINFRA:112,126, DPWIRES:5,918
ERROR:cache_service:Error setting OHLC batch: Object of type datetime is not JSON serializable
INFO:root:💾 Saved 500 records in 5.75s (87 rec/s) | 13 15min, 243 hourly, 244 daily | Queue: 3
ERROR:cache_service:Error setting OHLC batch: Object of type datetime is not JSON serializable
INFO:root:💾 Saved 500 records in 5.23s (96 rec/s) | 17 15min, 242 hourly, 241 daily | Queue: 3
ERROR:cache_service:Error setting OHLC batch: Object of type datetime is not JSON serializable
INFO:root:💾 Saved 500 records in 5.34s (94 rec/s) | 15 15min, 242 hourly, 243 daily | Queue: 3
ERROR:cache_service:Error setting OHLC batch: Object of type datetime is not JSON serializable
INFO:root:💾 Saved 500 records in 5.06s (99 rec/s) | 15 15min, 243 hourly, 242 daily | Queue: 3
ERROR:cache_service:Error setting OHLC batch: Object of type datetime is not JSON serializable
INFO:root:💾 Saved 500 records in 7.76s (64 rec/s) | 14 15min, 243 hourly, 243 daily | Queue: 3
INFO:root:📊 STATUS: 16,409,291 received | 16,364,802 processed | 44489 buffered | 2316 active | ProcQ: 0 | DBQ: 3 | 1,681,875 saved | Failed: 0 | Vol: TEXINFRA:112,126, DPWIRES:5,918
INFO:root:⏰ Interval update (60s): 09:12:07 UTC
INFO:root:📤 Queued 49177 ticks from 2344 instruments | Processing queue: 1
ERROR:cache_service:Error setting OHLC batch: Object of type datetime is not JSON serializable
INFO:root:💾 Saved 500 records in 9.34s (54 rec/s) | 9 15min, 245 hourly, 246 daily | Queue: 4
ERROR:cache_service:Error setting OHLC batch: Object of type datetime is not JSON serializable
INFO:root:💾 Saved 500 records in 7.71s (65 rec/s) | 11 15min, 245 hourly, 244 daily | Queue: 4
ERROR:cache_service:Error setting OHLC batch: Object of type datetime is not JSON serializable
INFO:root:💾 Saved 500 records in 6.69s (75 rec/s) | 9 15min, 245 hourly, 246 daily | Queue: 4
ERROR:cache_service:Error setting OHLC batch: Object of type datetime is not JSON serializable
INFO:root:💾 Saved 388 records in 6.14s (63 rec/s) | 8 15min, 190 hourly, 190 daily | Queue: 4
INFO:root:📊 STATUS: 16,434,535 received | 16,413,979 processed | 20556 buffered | 2148 active | ProcQ: 0 | DBQ: 3 | 1,683,763 saved | Failed: 0 | Vol: TEXINFRA:112,126, DPWIRES:5,918
ERROR:cache_service:Error setting OHLC batch: Object of type datetime is not JSON serializable
INFO:root:💾 Saved 500 records in 6.88s (73 rec/s) | 21 15min, 240 hourly, 239 daily | Queue: 3
ERROR:cache_service:Error setting OHLC batch: Object of type datetime is not JSON serializable
INFO:root:💾 Saved 500 records in 5.19s (96 rec/s) | 13 15min, 243 hourly, 244 daily | Queue: 3
ERROR:cache_service:Error setting OHLC batch: Object of type datetime is not JSON serializable
INFO:root:💾 Saved 500 records in 5.02s (100 rec/s) | 17 15min, 242 hourly, 241 daily | Queue: 3
ERROR:cache_service:Error setting OHLC batch: Object of type datetime is not JSON serializable
INFO:root:💾 Saved 500 records in 5.75s (87 rec/s) | 15 15min, 242 hourly, 243 daily | Queue: 3
ERROR:cache_service:Error setting OHLC batch: Object of type datetime is not JSON serializable
INFO:root:💾 Saved 500 records in 5.07s (99 rec/s) | 15 15min, 243 hourly, 242 daily | Queue: 3
INFO:root:📊 STATUS: 16,457,463 received | 16,413,979 processed | 43484 buffered | 2330 active | ProcQ: 0 | DBQ: 3 | 1,686,263 saved | Failed: 0 | Vol: TEXINFRA:112,126, DPWIRES:5,918
ERROR:cache_service:Error setting OHLC batch: Object of type datetime is not JSON serializable
INFO:root:💾 Saved 500 records in 4.09s (122 rec/s) | 13 15min, 243 hourly, 244 daily | Queue: 3
ERROR:cache_service:Error setting OHLC batch: Object of type datetime is not JSON serializable
INFO:root:💾 Saved 500 records in 3.03s (165 rec/s) | 10 15min, 245 hourly, 245 daily | Queue: 3
INFO:root:⏰ Interval update (60s): 09:13:07 UTC
INFO:root:📤 Queued 46670 ticks from 2352 instruments | Processing queue: 1
ERROR:cache_service:Error setting OHLC batch: Object of type datetime is not JSON serializable
INFO:root:💾 Saved 500 records in 2.88s (174 rec/s) | 11 15min, 245 hourly, 244 daily | Queue: 4
ERROR:cache_service:Error setting OHLC batch: Object of type datetime is not JSON serializable
INFO:root:💾 Saved 500 records in 2.85s (175 rec/s) | 9 15min, 245 hourly, 246 daily | Queue: 4
ERROR:cache_service:Error setting OHLC batch: Object of type datetime is not JSON serializable
INFO:root:💾 Saved 426 records in 2.13s (200 rec/s) | 8 15min, 209 hourly, 209 daily | Queue: 4
ERROR:cache_service:Error setting OHLC batch: Object of type datetime is not JSON serializable
INFO:root:💾 Saved 500 records in 2.85s (176 rec/s) | 20 15min, 240 hourly, 240 daily | Queue: 3
ERROR:cache_service:Error setting OHLC batch: Object of type datetime is not JSON serializable
INFO:root:💾 Saved 500 records in 3.30s (151 rec/s) | 13 15min, 244 hourly, 243 daily | Queue: 3
ERROR:cache_service:Error setting OHLC batch: Object of type datetime is not JSON serializable
INFO:root:💾 Saved 500 records in 2.30s (218 rec/s) | 17 15min, 241 hourly, 242 daily | Queue: 3
ERROR:cache_service:Error setting OHLC batch: Object of type datetime is not JSON serializable
INFO:root:💾 Saved 500 records in 2.55s (196 rec/s) | 15 15min, 243 hourly, 242 daily | Queue: 3
ERROR:cache_service:Error setting OHLC batch: Object of type datetime is not JSON serializable
INFO:root:💾 Saved 500 records in 2.78s (180 rec/s) | 15 15min, 242 hourly, 243 daily | Queue: 3
ERROR:cache_service:Error setting OHLC batch: Object of type datetime is not JSON serializable
INFO:root:💾 Saved 500 records in 2.70s (185 rec/s) | 14 15min, 243 hourly, 243 daily | Queue: 3
ERROR:cache_service:Error setting OHLC batch: Object of type datetime is not JSON serializable
INFO:root:💾 Saved 500 records in 2.09s (239 rec/s) | 10 15min, 245 hourly, 245 daily | Queue: 3
INFO:root:📊 STATUS: 16,480,226 received | 16,460,649 processed | 19577 buffered | 2183 active | ProcQ: 0 | DBQ: 3 | 1,692,189 saved | Failed: 0 | Vol: TEXINFRA:112,126, DPWIRES:5,918
ERROR:cache_service:Error setting OHLC batch: Object of type datetime is not JSON serializable
INFO:root:💾 Saved 500 records in 1.72s (291 rec/s) | 11 15min, 245 hourly, 244 daily | Queue: 3
ERROR:cache_service:Error setting OHLC batch: Object of type datetime is not JSON serializable
INFO:root:💾 Saved 500 records in 1.83s (273 rec/s) | 9 15min, 245 hourly, 246 daily | Queue: 3
ERROR:cache_service:Error setting OHLC batch: Object of type datetime is not JSON serializable
INFO:root:💾 Saved 400 records in 1.23s (325 rec/s) | 8 15min, 196 hourly, 196 daily | Queue: 3
ERROR:cache_service:Error setting OHLC batch: Object of type datetime is not JSON serializable
INFO:root:💾 Saved 500 records in 1.16s (430 rec/s) | 21 15min, 240 hourly, 239 daily | Queue: 2
ERROR:cache_service:Error setting OHLC batch: Object of type datetime is not JSON serializable
INFO:root:💾 Saved 500 records in 0.93s (537 rec/s) | 13 15min, 243 hourly, 244 daily | Queue: 2
ERROR:cache_service:Error setting OHLC batch: Object of type datetime is not JSON serializable
INFO:root:💾 Saved 500 records in 1.14s (440 rec/s) | 17 15min, 242 hourly, 241 daily | Queue: 2
ERROR:cache_service:Error setting OHLC batch: Object of type datetime is not JSON serializable
INFO:root:💾 Saved 500 records in 1.43s (351 rec/s) | 15 15min, 242 hourly, 243 daily | Queue: 2
ERROR:cache_service:Error setting OHLC batch: Object of type datetime is not JSON serializable
INFO:root:💾 Saved 500 records in 1.22s (410 rec/s) | 15 15min, 243 hourly, 242 daily | Queue: 2
ERROR:cache_service:Error setting OHLC batch: Object of type datetime is not JSON serializable
INFO:root:💾 Saved 500 records in 1.25s (401 rec/s) | 13 15min, 243 hourly, 244 daily | Queue: 2
ERROR:cache_service:Error setting OHLC batch: Object of type datetime is not JSON serializable
INFO:root:💾 Saved 500 records in 0.55s (904 rec/s) | 10 15min, 245 hourly, 245 daily | Queue: 2
ERROR:cache_service:Error setting OHLC batch: Object of type datetime is not JSON serializable
INFO:root:💾 Saved 500 records in 0.75s (671 rec/s) | 11 15min, 245 hourly, 244 daily | Queue: 2
ERROR:cache_service:Error setting OHLC batch: Object of type datetime is not JSON serializable
INFO:root:💾 Saved 500 records in 0.51s (990 rec/s) | 9 15min, 245 hourly, 246 daily | Queue: 2
ERROR:cache_service:Error setting OHLC batch: Object of type datetime is not JSON serializable
INFO:root:💾 Saved 362 records in 0.25s (1471 rec/s) | 8 15min, 177 hourly, 177 daily | Queue: 2
ERROR:cache_service:Error setting OHLC batch: Object of type datetime is not JSON serializable
INFO:root:💾 Saved 500 records in 0.24s (2094 rec/s) | 21 15min, 240 hourly, 239 daily | Queue: 1
ERROR:cache_service:Error setting OHLC batch: Object of type datetime is not JSON serializable
INFO:root:💾 Saved 500 records in 0.16s (3076 rec/s) | 13 15min, 243 hourly, 244 daily | Queue: 1
ERROR:cache_service:Error setting OHLC batch: Object of type datetime is not JSON serializable
INFO:root:💾 Saved 500 records in 0.28s (1787 rec/s) | 17 15min, 242 hourly, 241 daily | Queue: 1
ERROR:cache_service:Error setting OHLC batch: Object of type datetime is not JSON serializable
INFO:root:💾 Saved 500 records in 0.21s (2388 rec/s) | 15 15min, 242 hourly, 243 daily | Queue: 1
ERROR:cache_service:Error setting OHLC batch: Object of type datetime is not JSON serializable
INFO:root:💾 Saved 500 records in 0.18s (2847 rec/s) | 15 15min, 243 hourly, 242 daily | Queue: 1
ERROR:cache_service:Error setting OHLC batch: Object of type datetime is not JSON serializable
INFO:root:💾 Saved 500 records in 0.26s (1906 rec/s) | 17 15min, 241 hourly, 242 daily | Queue: 1
ERROR:cache_service:Error setting OHLC batch: Object of type datetime is not JSON serializable
INFO:root:💾 Saved 500 records in 0.19s (2606 rec/s) | 6 15min, 247 hourly, 247 daily | Queue: 1
ERROR:cache_service:Error setting OHLC batch: Object of type datetime is not JSON serializable
INFO:root:💾 Saved 500 records in 0.21s (2421 rec/s) | 12 15min, 244 hourly, 244 daily | Queue: 1
ERROR:cache_service:Error setting OHLC batch: Object of type datetime is not JSON serializable
INFO:root:💾 Saved 500 records in 0.18s (2738 rec/s) | 10 15min, 245 hourly, 245 daily | Queue: 1
ERROR:cache_service:Error setting OHLC batch: Object of type datetime is not JSON serializable
INFO:root:💾 Saved 320 records in 0.14s (2254 rec/s) | 6 15min, 157 hourly, 157 daily | Queue: 1
ERROR:cache_service:Error setting OHLC batch: Object of type datetime is not JSON serializable
INFO:root:💾 Saved 500 records in 0.14s (3686 rec/s) | 21 15min, 240 hourly, 239 daily | Queue: 0
ERROR:cache_service:Error setting OHLC batch: Object of type datetime is not JSON serializable
INFO:root:💾 Saved 500 records in 0.19s (2634 rec/s) | 13 15min, 243 hourly, 244 daily | Queue: 0
ERROR:cache_service:Error setting OHLC batch: Object of type datetime is not JSON serializable
INFO:root:💾 Saved 500 records in 0.16s (3101 rec/s) | 17 15min, 242 hourly, 241 daily | Queue: 0
ERROR:cache_service:Error setting OHLC batch: Object of type datetime is not JSON serializable
INFO:root:💾 Saved 500 records in 0.17s (3006 rec/s) | 15 15min, 242 hourly, 243 daily | Queue: 0
ERROR:cache_service:Error setting OHLC batch: Object of type datetime is not JSON serializable
INFO:root:💾 Saved 500 records in 0.20s (2562 rec/s) | 15 15min, 243 hourly, 242 daily | Queue: 0
ERROR:cache_service:Error setting OHLC batch: Object of type datetime is not JSON serializable
INFO:root:💾 Saved 500 records in 0.16s (3083 rec/s) | 17 15min, 241 hourly, 242 daily | Queue: 0
ERROR:cache_service:Error setting OHLC batch: Object of type datetime is not JSON serializable
INFO:root:💾 Saved 500 records in 0.17s (2990 rec/s) | 6 15min, 247 hourly, 247 daily | Queue: 0
ERROR:cache_service:Error setting OHLC batch: Object of type datetime is not JSON serializable
INFO:root:💾 Saved 500 records in 0.24s (2119 rec/s) | 11 15min, 245 hourly, 244 daily | Queue: 0
ERROR:cache_service:Error setting OHLC batch: Object of type datetime is not JSON serializable
INFO:root:💾 Saved 500 records in 0.21s (2381 rec/s) | 9 15min, 245 hourly, 246 daily | Queue: 0
ERROR:cache_service:Error setting OHLC batch: Object of type datetime is not JSON serializable
INFO:root:💾 Saved 336 records in 0.13s (2629 rec/s) | 8 15min, 164 hourly, 164 daily | Queue: 0
INFO:root:📊 STATUS: 16,503,413 received | 16,460,649 processed | 42764 buffered | 2376 active | ProcQ: 0 | DBQ: 0 | 1,708,107 saved | Failed: 0 | Vol: TEXINFRA:112,126, DPWIRES:5,918
INFO:root:⏰ Interval update (60s): 09:14:08 UTC
INFO:root:📤 Queued 46360 ticks from 2389 instruments | Processing queue: 1
ERROR:cache_service:Error setting OHLC batch: Object of type datetime is not JSON serializable
INFO:root:💾 Saved 500 records in 0.16s (3067 rec/s) | 21 15min, 240 hourly, 239 daily | Queue: 0
ERROR:cache_service:Error setting OHLC batch: Object of type datetime is not JSON serializable
INFO:root:💾 Saved 500 records in 0.15s (3258 rec/s) | 13 15min, 243 hourly, 244 daily | Queue: 0
ERROR:cache_service:Error setting OHLC batch: Object of type datetime is not JSON serializable
INFO:root:💾 Saved 500 records in 0.12s (4197 rec/s) | 17 15min, 242 hourly, 241 daily | Queue: 0
ERROR:cache_service:Error setting OHLC batch: Object of type datetime is not JSON serializable
INFO:root:💾 Saved 500 records in 0.11s (4468 rec/s) | 15 15min, 242 hourly, 243 daily | Queue: 0
ERROR:cache_service:Error setting OHLC batch: Object of type datetime is not JSON serializable
INFO:root:💾 Saved 500 records in 0.12s (4153 rec/s) | 15 15min, 243 hourly, 242 daily | Queue: 0
ERROR:cache_service:Error setting OHLC batch: Object of type datetime is not JSON serializable
INFO:root:💾 Saved 500 records in 0.15s (3355 rec/s) | 13 15min, 243 hourly, 244 daily | Queue: 0
ERROR:cache_service:Error setting OHLC batch: Object of type datetime is not JSON serializable
INFO:root:💾 Saved 500 records in 0.13s (3773 rec/s) | 10 15min, 245 hourly, 245 daily | Queue: 0
ERROR:cache_service:Error setting OHLC batch: Object of type datetime is not JSON serializable
INFO:root:💾 Saved 500 records in 0.18s (2807 rec/s) | 11 15min, 245 hourly, 244 daily | Queue: 0
ERROR:cache_service:Error setting OHLC batch: Object of type datetime is not JSON serializable
INFO:root:💾 Saved 500 records in 0.16s (3132 rec/s) | 9 15min, 245 hourly, 246 daily | Queue: 0
ERROR:cache_service:Error setting OHLC batch: Object of type datetime is not JSON serializable
INFO:root:💾 Saved 410 records in 0.11s (3585 rec/s) | 8 15min, 201 hourly, 201 daily | Queue: 0
INFO:root:📊 STATUS: 16,527,387 received | 16,507,009 processed | 20378 buffered | 2158 active | ProcQ: 0 | DBQ: 0 | 1,713,017 saved | Failed: 0 | Vol: TEXINFRA:112,126, DPWIRES:5,918
INFO:root:📊 STATUS: 16,549,709 received | 16,507,009 processed | 42700 buffered | 2372 active | ProcQ: 0 | DBQ: 0 | 1,713,017 saved | Failed: 0 | Vol: TEXINFRA:112,126, DPWIRES:5,918
INFO:root:⏰ Interval update (60s): 09:15:08 UTC
INFO:root:📤 Queued 47731 ticks from 2404 instruments | Processing queue: 1
ERROR:cache_service:Error setting OHLC batch: Object of type datetime is not JSON serializable
INFO:root:💾 Saved 500 records in 0.12s (4284 rec/s) | 21 15min, 240 hourly, 239 daily | Queue: 0
ERROR:cache_service:Error setting OHLC batch: Object of type datetime is not JSON serializable
INFO:root:💾 Saved 500 records in 0.13s (3866 rec/s) | 13 15min, 243 hourly, 244 daily | Queue: 0
ERROR:cache_service:Error setting OHLC batch: Object of type datetime is not JSON serializable
INFO:root:💾 Saved 500 records in 0.12s (4074 rec/s) | 17 15min, 242 hourly, 241 daily | Queue: 0
ERROR:cache_service:Error setting OHLC batch: Object of type datetime is not JSON serializable
INFO:root:💾 Saved 500 records in 0.11s (4726 rec/s) | 15 15min, 242 hourly, 243 daily | Queue: 0
ERROR:cache_service:Error setting OHLC batch: Object of type datetime is not JSON serializable
INFO:root:💾 Saved 500 records in 0.13s (3845 rec/s) | 15 15min, 243 hourly, 242 daily | Queue: 0
ERROR:cache_service:Error setting OHLC batch: Object of type datetime is not JSON serializable
INFO:root:💾 Saved 500 records in 0.11s (4458 rec/s) | 13 15min, 243 hourly, 244 daily | Queue: 0
ERROR:cache_service:Error setting OHLC batch: Object of type datetime is not JSON serializable
INFO:root:💾 Saved 500 records in 0.12s (4137 rec/s) | 10 15min, 245 hourly, 245 daily | Queue: 0
ERROR:cache_service:Error setting OHLC batch: Object of type datetime is not JSON serializable
INFO:root:💾 Saved 500 records in 0.11s (4365 rec/s) | 11 15min, 245 hourly, 244 daily | Queue: 0
ERROR:cache_service:Error setting OHLC batch: Object of type datetime is not JSON serializable
INFO:root:💾 Saved 500 records in 0.10s (4776 rec/s) | 9 15min, 245 hourly, 246 daily | Queue: 0
ERROR:cache_service:Error setting OHLC batch: Object of type datetime is not JSON serializable
INFO:root:💾 Saved 440 records in 0.08s (5282 rec/s) | 8 15min, 216 hourly, 216 daily | Queue: 0
INFO:root:📊 STATUS: 16,577,065 received | 16,554,740 processed | 22325 buffered | 2195 active | ProcQ: 0 | DBQ: 0 | 1,717,957 saved | Failed: 0 | Vol: TEXINFRA:112,126, DPWIRES:5,924
INFO:root:📊 STATUS: 16,600,175 received | 16,554,740 processed | 45435 buffered | 2362 active | ProcQ: 0 | DBQ: 0 | 1,717,957 saved | Failed: 0 | Vol: TEXINFRA:112,126, DPWIRES:5,924
INFO:root:⏰ Interval update (60s): 09:16:08 UTC
INFO:root:📤 Queued 48515 ticks from 2387 instruments | Processing queue: 1
ERROR:cache_service:Error setting OHLC batch: Object of type datetime is not JSON serializable
INFO:root:💾 Saved 500 records in 2.63s (190 rec/s) | 21 15min, 240 hourly, 239 daily | Queue: 0
ERROR:cache_service:Error setting OHLC batch: Object of type datetime is not JSON serializable
INFO:root:💾 Saved 500 records in 2.07s (242 rec/s) | 13 15min, 243 hourly, 244 daily | Queue: 0
ERROR:cache_service:Error setting OHLC batch: Object of type datetime is not JSON serializable
INFO:root:💾 Saved 500 records in 1.63s (307 rec/s) | 17 15min, 242 hourly, 241 daily | Queue: 0
ERROR:cache_service:Error setting OHLC batch: Object of type datetime is not JSON serializable
INFO:root:💾 Saved 500 records in 1.51s (332 rec/s) | 15 15min, 242 hourly, 243 daily | Queue: 0
ERROR:cache_service:Error setting OHLC batch: Object of type datetime is not JSON serializable
INFO:root:💾 Saved 500 records in 1.71s (293 rec/s) | 15 15min, 243 hourly, 242 daily | Queue: 0
ERROR:cache_service:Error setting OHLC batch: Object of type datetime is not JSON serializable
INFO:root:💾 Saved 500 records in 1.56s (321 rec/s) | 13 15min, 243 hourly, 244 daily | Queue: 0
ERROR:cache_service:Error setting OHLC batch: Object of type datetime is not JSON serializable
INFO:root:💾 Saved 500 records in 1.75s (285 rec/s) | 10 15min, 245 hourly, 245 daily | Queue: 0
ERROR:cache_service:Error setting OHLC batch: Object of type datetime is not JSON serializable
INFO:root:💾 Saved 500 records in 1.75s (286 rec/s) | 11 15min, 245 hourly, 244 daily | Queue: 0
ERROR:cache_service:Error setting OHLC batch: Object of type datetime is not JSON serializable
INFO:root:💾 Saved 500 records in 1.73s (288 rec/s) | 9 15min, 245 hourly, 246 daily | Queue: 0
ERROR:cache_service:Error setting OHLC batch: Object of type datetime is not JSON serializable
INFO:root:💾 Saved 406 records in 1.43s (284 rec/s) | 8 15min, 199 hourly, 199 daily | Queue: 0
INFO:root:📊 STATUS: 16,623,584 received | 16,603,255 processed | 20329 buffered | 2167 active | ProcQ: 0 | DBQ: 0 | 1,722,863 saved | Failed: 0 | Vol: TEXINFRA:112,188, DPWIRES:6,031
INFO:root:📊 STATUS: 16,646,770 received | 16,603,255 processed | 43515 buffered | 2374 active | ProcQ: 0 | DBQ: 0 | 1,722,863 saved | Failed: 0 | Vol: TEXINFRA:112,188, DPWIRES:6,031
INFO:root:⏰ Interval update (60s): 09:17:08 UTC
INFO:root:📤 Queued 46443 ticks from 2405 instruments | Processing queue: 1
ERROR:cache_service:Error setting OHLC batch: Object of type datetime is not JSON serializable
INFO:root:💾 Saved 500 records in 1.30s (384 rec/s) | 21 15min, 240 hourly, 239 daily | Queue: 0
ERROR:cache_service:Error setting OHLC batch: Object of type datetime is not JSON serializable
INFO:root:💾 Saved 500 records in 1.18s (424 rec/s) | 13 15min, 243 hourly, 244 daily | Queue: 0
ERROR:cache_service:Error setting OHLC batch: Object of type datetime is not JSON serializable
INFO:root:💾 Saved 500 records in 1.20s (417 rec/s) | 17 15min, 242 hourly, 241 daily | Queue: 0
ERROR:cache_service:Error setting OHLC batch: Object of type datetime is not JSON serializable
INFO:root:💾 Saved 500 records in 0.90s (556 rec/s) | 15 15min, 242 hourly, 243 daily | Queue: 0
ERROR:cache_service:Error setting OHLC batch: Object of type datetime is not JSON serializable
INFO:root:💾 Saved 500 records in 0.93s (535 rec/s) | 15 15min, 243 hourly, 242 daily | Queue: 0
ERROR:cache_service:Error setting OHLC batch: Object of type datetime is not JSON serializable
INFO:root:💾 Saved 500 records in 0.82s (612 rec/s) | 13 15min, 243 hourly, 244 daily | Queue: 0
ERROR:cache_service:Error setting OHLC batch: Object of type datetime is not JSON serializable
INFO:root:💾 Saved 500 records in 0.76s (656 rec/s) | 10 15min, 245 hourly, 245 daily | Queue: 0
ERROR:cache_service:Error setting OHLC batch: Object of type datetime is not JSON serializable
INFO:root:💾 Saved 500 records in 0.89s (563 rec/s) | 11 15min, 245 hourly, 244 daily | Queue: 0
ERROR:cache_service:Error setting OHLC batch: Object of type datetime is not JSON serializable
INFO:root:💾 Saved 500 records in 1.04s (483 rec/s) | 9 15min, 245 hourly, 246 daily | Queue: 0
ERROR:cache_service:Error setting OHLC batch: Object of type datetime is not JSON serializable
INFO:root:💾 Saved 442 records in 0.81s (544 rec/s) | 8 15min, 217 hourly, 217 daily | Queue: 0
INFO:root:📊 STATUS: 16,669,904 received | 16,649,698 processed | 20206 buffered | 2172 active | ProcQ: 0 | DBQ: 0 | 1,727,805 saved | Failed: 0 | Vol: TEXINFRA:112,188, DPWIRES:6,031
INFO:root:📊 STATUS: 16,694,130 received | 16,649,698 processed | 44432 buffered | 2382 active | ProcQ: 0 | DBQ: 0 | 1,727,805 saved | Failed: 0 | Vol: TEXINFRA:112,188, DPWIRES:6,031
INFO:root:⏰ Interval update (60s): 09:18:08 UTC
INFO:root:📤 Queued 48208 ticks from 2413 instruments | Processing queue: 1
ERROR:cache_service:Error setting OHLC batch: Object of type datetime is not JSON serializable
INFO:root:💾 Saved 500 records in 0.93s (539 rec/s) | 21 15min, 240 hourly, 239 daily | Queue: 0
ERROR:cache_service:Error setting OHLC batch: Object of type datetime is not JSON serializable
INFO:root:💾 Saved 500 records in 0.73s (687 rec/s) | 13 15min, 243 hourly, 244 daily | Queue: 0
ERROR:cache_service:Error setting OHLC batch: Object of type datetime is not JSON serializable
INFO:root:💾 Saved 500 records in 0.89s (560 rec/s) | 17 15min, 242 hourly, 241 daily | Queue: 0
ERROR:cache_service:Error setting OHLC batch: Object of type datetime is not JSON serializable
INFO:root:💾 Saved 500 records in 0.86s (581 rec/s) | 14 15min, 243 hourly, 243 daily | Queue: 0
ERROR:cache_service:Error setting OHLC batch: Object of type datetime is not JSON serializable
INFO:root:💾 Saved 500 records in 0.62s (803 rec/s) | 10 15min, 245 hourly, 245 daily | Queue: 0
ERROR:cache_service:Error setting OHLC batch: Object of type datetime is not JSON serializable
INFO:root:💾 Saved 500 records in 0.80s (625 rec/s) | 18 15min, 241 hourly, 241 daily | Queue: 0
ERROR:cache_service:Error setting OHLC batch: Object of type datetime is not JSON serializable
INFO:root:💾 Saved 500 records in 0.79s (634 rec/s) | 10 15min, 245 hourly, 245 daily | Queue: 0
ERROR:cache_service:Error setting OHLC batch: Object of type datetime is not JSON serializable
INFO:root:💾 Saved 500 records in 1.02s (492 rec/s) | 12 15min, 244 hourly, 244 daily | Queue: 0
ERROR:cache_service:Error setting OHLC batch: Object of type datetime is not JSON serializable
INFO:root:💾 Saved 500 records in 0.91s (552 rec/s) | 9 15min, 245 hourly, 246 daily | Queue: 0
ERROR:cache_service:Error setting OHLC batch: Object of type datetime is not JSON serializable
INFO:root:💾 Saved 458 records in 0.76s (604 rec/s) | 8 15min, 225 hourly, 225 daily | Queue: 0
INFO:root:📊 STATUS: 16,719,842 received | 16,697,906 processed | 21936 buffered | 2227 active | ProcQ: 0 | DBQ: 0 | 1,732,763 saved | Failed: 0 | Vol: TEXINFRA:112,188, DPWIRES:6,036
INFO:root:📊 STATUS: 16,742,975 received | 16,697,906 processed | 45069 buffered | 2364 active | ProcQ: 0 | DBQ: 0 | 1,732,763 saved | Failed: 0 | Vol: TEXINFRA:112,188, DPWIRES:6,036
INFO:root:⏰ Interval update (60s): 09:19:08 UTC
INFO:root:📤 Queued 47599 ticks from 2390 instruments | Processing queue: 1
ERROR:cache_service:Error setting OHLC batch: Object of type datetime is not JSON serializable
INFO:root:💾 Saved 500 records in 2.02s (247 rec/s) | 21 15min, 240 hourly, 239 daily | Queue: 0
ERROR:cache_service:Error setting OHLC batch: Object of type datetime is not JSON serializable
INFO:root:💾 Saved 500 records in 1.58s (317 rec/s) | 13 15min, 243 hourly, 244 daily | Queue: 0
ERROR:cache_service:Error setting OHLC batch: Object of type datetime is not JSON serializable
INFO:root:💾 Saved 500 records in 1.35s (370 rec/s) | 17 15min, 242 hourly, 241 daily | Queue: 0
ERROR:cache_service:Error setting OHLC batch: Object of type datetime is not JSON serializable
INFO:root:💾 Saved 500 records in 1.11s (449 rec/s) | 15 15min, 242 hourly, 243 daily | Queue: 0
ERROR:cache_service:Error setting OHLC batch: Object of type datetime is not JSON serializable
INFO:root:💾 Saved 500 records in 1.17s (428 rec/s) | 12 15min, 244 hourly, 244 daily | Queue: 0
ERROR:cache_service:Error setting OHLC batch: Object of type datetime is not JSON serializable
INFO:root:💾 Saved 500 records in 1.01s (495 rec/s) | 16 15min, 242 hourly, 242 daily | Queue: 0
ERROR:cache_service:Error setting OHLC batch: Object of type datetime is not JSON serializable
INFO:root:💾 Saved 500 records in 1.10s (456 rec/s) | 10 15min, 245 hourly, 245 daily | Queue: 0
ERROR:cache_service:Error setting OHLC batch: Object of type datetime is not JSON serializable
INFO:root:💾 Saved 500 records in 1.80s (278 rec/s) | 11 15min, 245 hourly, 244 daily | Queue: 0
ERROR:cache_service:Error setting OHLC batch: Object of type datetime is not JSON serializable
INFO:root:💾 Saved 500 records in 1.88s (266 rec/s) | 9 15min, 245 hourly, 246 daily | Queue: 0
ERROR:cache_service:Error setting OHLC batch: Object of type datetime is not JSON serializable
INFO:root:💾 Saved 412 records in 0.90s (459 rec/s) | 8 15min, 202 hourly, 202 daily | Queue: 0
INFO:root:📊 STATUS: 16,766,360 received | 16,745,505 processed | 20855 buffered | 2179 active | ProcQ: 0 | DBQ: 0 | 1,737,675 saved | Failed: 0 | Vol: TEXINFRA:122,450, DPWIRES:6,036
INFO:root:📊 STATUS: 16,788,975 received | 16,745,505 processed | 43470 buffered | 2396 active | ProcQ: 0 | DBQ: 0 | 1,737,675 saved | Failed: 0 | Vol: TEXINFRA:122,450, DPWIRES:6,036
INFO:root:⏰ Interval update (60s): 09:20:08 UTC
INFO:root:📤 Queued 45744 ticks from 2421 instruments | Processing queue: 1
ERROR:cache_service:Error setting OHLC batch: Object of type datetime is not JSON serializable
INFO:root:💾 Saved 500 records in 10.02s (50 rec/s) | 21 15min, 240 hourly, 239 daily | Queue: 0
ERROR:cache_service:Error setting OHLC batch: Object of type datetime is not JSON serializable
INFO:root:💾 Saved 500 records in 8.75s (57 rec/s) | 13 15min, 243 hourly, 244 daily | Queue: 0
INFO:root:📊 STATUS: 16,811,716 received | 16,791,249 processed | 20467 buffered | 2198 active | ProcQ: 0 | DBQ: 0 | 1,738,675 saved | Failed: 0 | Vol: TEXINFRA:122,959, DPWIRES:6,047
INFO:root:📊 STATUS: 16,834,443 received | 16,791,249 processed | 43194 buffered | 2385 active | ProcQ: 0 | DBQ: 0 | 1,738,675 saved | Failed: 0 | Vol: TEXINFRA:122,959, DPWIRES:6,047
INFO:root:⏰ Interval update (60s): 09:21:08 UTC
INFO:root:📤 Queued 46997 ticks from 2419 instruments | Processing queue: 1
ERROR:cache_service:Error setting OHLC batch: Object of type datetime is not JSON serializable
INFO:root:💾 Saved 500 records in 61.13s (8 rec/s) | 17 15min, 242 hourly, 241 daily | Queue: 1
INFO:root:📊 STATUS: 16,859,610 received | 16,838,246 processed | 21364 buffered | 2201 active | ProcQ: 0 | DBQ: 1 | 1,739,175 saved | Failed: 0 | Vol: TEXINFRA:127,043, DPWIRES:6,053
INFO:root:📊 STATUS: 16,882,222 received | 16,838,246 processed | 43976 buffered | 2372 active | ProcQ: 0 | DBQ: 1 | 1,739,175 saved | Failed: 0 | Vol: TEXINFRA:127,043, DPWIRES:6,053
INFO:root:⏰ Interval update (60s): 09:22:09 UTC
INFO:root:📤 Queued 46279 ticks from 2397 instruments | Processing queue: 1
ERROR:cache_service:Error setting OHLC batch: Object of type datetime is not JSON serializable
INFO:root:💾 Saved 500 records in 62.77s (8 rec/s) | 15 15min, 242 hourly, 243 daily | Queue: 2
INFO:root:📊 STATUS: 16,905,221 received | 16,884,525 processed | 20696 buffered | 2266 active | ProcQ: 0 | DBQ: 2 | 1,739,675 saved | Failed: 0 | Vol: TEXINFRA:127,169, DPWIRES:6,053
ERROR:cache_service:Error setting OHLC batch: Object of type datetime is not JSON serializable
INFO:root:💾 Saved 500 records in 16.05s (31 rec/s) | 13 15min, 244 hourly, 243 daily | Queue: 2
ERROR:cache_service:Error setting OHLC batch: Object of type datetime is not JSON serializable
INFO:root:💾 Saved 500 records in 13.30s (38 rec/s) | 15 15min, 242 hourly, 243 daily | Queue: 2
INFO:root:📊 STATUS: 16,928,509 received | 16,884,525 processed | 43984 buffered | 2393 active | ProcQ: 0 | DBQ: 2 | 1,740,675 saved | Failed: 0 | Vol: TEXINFRA:127,169, DPWIRES:6,053
INFO:root:⏰ Interval update (60s): 09:23:09 UTC
INFO:root:📤 Queued 46147 ticks from 2413 instruments | Processing queue: 1
ERROR:cache_service:Error setting OHLC batch: Object of type datetime is not JSON serializable
INFO:root:💾 Saved 500 records in 24.44s (20 rec/s) | 10 15min, 245 hourly, 245 daily | Queue: 3
INFO:root:📊 STATUS: 16,951,711 received | 16,930,672 processed | 21039 buffered | 2211 active | ProcQ: 0 | DBQ: 3 | 1,741,175 saved | Failed: 0 | Vol: TEXINFRA:130,616, DPWIRES:6,053
ERROR:cache_service:Error setting OHLC batch: Object of type datetime is not JSON serializable
INFO:root:💾 Saved 500 records in 28.92s (17 rec/s) | 11 15min, 245 hourly, 244 daily | Queue: 3
INFO:root:📊 STATUS: 16,975,597 received | 16,930,672 processed | 44925 buffered | 2379 active | ProcQ: 0 | DBQ: 3 | 1,741,675 saved | Failed: 0 | Vol: TEXINFRA:130,616, DPWIRES:6,053
ERROR:cache_service:Error setting OHLC batch: Object of type datetime is not JSON serializable
INFO:root:💾 Saved 500 records in 14.45s (35 rec/s) | 9 15min, 245 hourly, 246 daily | Queue: 3
INFO:root:⏰ Interval update (60s): 09:24:09 UTC
INFO:root:📤 Queued 47708 ticks from 2398 instruments | Processing queue: 1
INFO:root:📊 STATUS: 17,000,933 received | 16,978,380 processed | 22553 buffered | 2154 active | ProcQ: 0 | DBQ: 4 | 1,742,175 saved | Failed: 0 | Vol: TEXINFRA:134,229, DPWIRES:6,148
ERROR:cache_service:Error setting OHLC batch: Object of type datetime is not JSON serializable
INFO:root:💾 Saved 474 records in 34.54s (14 rec/s) | 8 15min, 233 hourly, 233 daily | Queue: 4
INFO:root:📊 STATUS: 17,023,828 received | 16,978,380 processed | 45448 buffered | 2364 active | ProcQ: 0 | DBQ: 3 | 1,742,649 saved | Failed: 0 | Vol: TEXINFRA:134,229, DPWIRES:6,148
INFO:root:⏰ Interval update (60s): 09:25:09 UTC
INFO:root:📤 Queued 47149 ticks from 2382 instruments | Processing queue: 1
ERROR:cache_service:Error setting OHLC batch: Object of type datetime is not JSON serializable
INFO:root:💾 Saved 500 records in 31.13s (16 rec/s) | 21 15min, 240 hourly, 239 daily | Queue: 4
ERROR:cache_service:Error setting OHLC batch: Object of type datetime is not JSON serializable
INFO:root:💾 Saved 500 records in 17.51s (29 rec/s) | 13 15min, 243 hourly, 244 daily | Queue: 4
INFO:root:📊 STATUS: 17,047,036 received | 17,025,529 processed | 21507 buffered | 2211 active | ProcQ: 0 | DBQ: 4 | 1,743,649 saved | Failed: 0 | Vol: TEXINFRA:134,279, DPWIRES:7,566
ERROR:cache_service:Error setting OHLC batch: Object of type datetime is not JSON serializable
INFO:root:💾 Saved 500 records in 12.88s (39 rec/s) | 17 15min, 242 hourly, 241 daily | Queue: 4
ERROR:cache_service:Error setting OHLC batch: Object of type datetime is not JSON serializable
INFO:root:💾 Saved 500 records in 9.25s (54 rec/s) | 10 15min, 245 hourly, 245 daily | Queue: 4
ERROR:cache_service:Error setting OHLC batch: Object of type datetime is not JSON serializable
INFO:root:💾 Saved 500 records in 5.65s (88 rec/s) | 15 15min, 242 hourly, 243 daily | Queue: 4
ERROR:cache_service:Error setting OHLC batch: Object of type datetime is not JSON serializable
INFO:root:💾 Saved 500 records in 3.83s (131 rec/s) | 18 15min, 241 hourly, 241 daily | Queue: 4
ERROR:cache_service:Error setting OHLC batch: Object of type datetime is not JSON serializable
INFO:root:💾 Saved 500 records in 3.54s (141 rec/s) | 10 15min, 245 hourly, 245 daily | Queue: 4
INFO:root:📊 STATUS: 17,069,777 received | 17,025,529 processed | 44248 buffered | 2377 active | ProcQ: 0 | DBQ: 4 | 1,746,149 saved | Failed: 0 | Vol: TEXINFRA:134,279, DPWIRES:7,566
INFO:root:⏰ Interval update (60s): 09:26:09 UTC
INFO:root:📤 Queued 46366 ticks from 2383 instruments | Processing queue: 1
ERROR:cache_service:Error setting OHLC batch: Object of type datetime is not JSON serializable
INFO:root:💾 Saved 500 records in 3.56s (141 rec/s) | 11 15min, 245 hourly, 244 daily | Queue: 5
ERROR:cache_service:Error setting OHLC batch: Object of type datetime is not JSON serializable
INFO:root:💾 Saved 500 records in 3.36s (149 rec/s) | 9 15min, 245 hourly, 246 daily | Queue: 5
ERROR:cache_service:Error setting OHLC batch: Object of type datetime is not JSON serializable
INFO:root:💾 Saved 470 records in 3.23s (145 rec/s) | 8 15min, 231 hourly, 231 daily | Queue: 5
ERROR:cache_service:Error setting OHLC batch: Object of type datetime is not JSON serializable
INFO:root:💾 Saved 500 records in 6.30s (79 rec/s) | 21 15min, 240 hourly, 239 daily | Queue: 4
ERROR:cache_service:Error setting OHLC batch: Object of type datetime is not JSON serializable
INFO:root:💾 Saved 500 records in 5.93s (84 rec/s) | 13 15min, 243 hourly, 244 daily | Queue: 4
ERROR:cache_service:Error setting OHLC batch: Object of type datetime is not JSON serializable
INFO:root:💾 Saved 500 records in 5.12s (98 rec/s) | 17 15min, 242 hourly, 241 daily | Queue: 4
INFO:root:📊 STATUS: 17,093,506 received | 17,071,895 processed | 21611 buffered | 2204 active | ProcQ: 0 | DBQ: 4 | 1,749,119 saved | Failed: 0 | Vol: TEXINFRA:134,279, DPWIRES:7,628
ERROR:cache_service:Error setting OHLC batch: Object of type datetime is not JSON serializable
INFO:root:💾 Saved 500 records in 15.55s (32 rec/s) | 15 15min, 242 hourly, 243 daily | Queue: 4
INFO:root:📊 STATUS: 17,117,658 received | 17,071,895 processed | 45763 buffered | 2390 active | ProcQ: 0 | DBQ: 4 | 1,749,619 saved | Failed: 0 | Vol: TEXINFRA:134,279, DPWIRES:7,628
INFO:root:⏰ Interval update (60s): 09:27:09 UTC
INFO:root:📤 Queued 47480 ticks from 2390 instruments | Processing queue: 1
INFO:root:📊 STATUS: 17,142,375 received | 17,119,375 processed | 23000 buffered | 2216 active | ProcQ: 0 | DBQ: 5 | 1,749,619 saved | Failed: 0 | Vol: TEXINFRA:134,339, DPWIRES:7,628
ERROR:cache_service:Error setting OHLC batch: Object of type datetime is not JSON serializable
INFO:root:💾 Saved 500 records in 53.53s (9 rec/s) | 15 15min, 243 hourly, 242 daily | Queue: 5
ERROR:cache_service:Error setting OHLC batch: Object of type datetime is not JSON serializable
INFO:root:💾 Saved 500 records in 5.36s (93 rec/s) | 13 15min, 243 hourly, 244 daily | Queue: 5
ERROR:cache_service:Error setting OHLC batch: Object of type datetime is not JSON serializable
INFO:root:💾 Saved 500 records in 5.85s (85 rec/s) | 10 15min, 245 hourly, 245 daily | Queue: 5
ERROR:cache_service:Error setting OHLC batch: Object of type datetime is not JSON serializable
INFO:root:💾 Saved 500 records in 5.33s (94 rec/s) | 11 15min, 245 hourly, 244 daily | Queue: 5
ERROR:cache_service:Error setting OHLC batch: Object of type datetime is not JSON serializable
INFO:root:💾 Saved 500 records in 4.55s (110 rec/s) | 9 15min, 245 hourly, 246 daily | Queue: 5
INFO:root:📊 STATUS: 17,165,707 received | 17,119,375 processed | 46332 buffered | 2413 active | ProcQ: 0 | DBQ: 5 | 1,752,119 saved | Failed: 0 | Vol: TEXINFRA:134,339, DPWIRES:7,628
ERROR:cache_service:Error setting OHLC batch: Object of type datetime is not JSON serializable
INFO:root:💾 Saved 426 records in 3.86s (110 rec/s) | 8 15min, 209 hourly, 209 daily | Queue: 5
INFO:root:⏰ Interval update (60s): 09:28:09 UTC
INFO:root:📤 Queued 47427 ticks from 2419 instruments | Processing queue: 1
ERROR:cache_service:Error setting OHLC batch: Object of type datetime is not JSON serializable
INFO:root:💾 Saved 500 records in 3.87s (129 rec/s) | 21 15min, 240 hourly, 239 daily | Queue: 5
ERROR:cache_service:Error setting OHLC batch: Object of type datetime is not JSON serializable
INFO:root:💾 Saved 500 records in 3.62s (138 rec/s) | 13 15min, 243 hourly, 244 daily | Queue: 5
ERROR:cache_service:Error setting OHLC batch: Object of type datetime is not JSON serializable
INFO:root:💾 Saved 500 records in 3.42s (146 rec/s) | 17 15min, 242 hourly, 241 daily | Queue: 5
ERROR:cache_service:Error setting OHLC batch: Object of type datetime is not JSON serializable
INFO:root:💾 Saved 500 records in 3.21s (156 rec/s) | 15 15min, 242 hourly, 243 daily | Queue: 5
ERROR:cache_service:Error setting OHLC batch: Object of type datetime is not JSON serializable
INFO:root:💾 Saved 500 records in 2.79s (179 rec/s) | 15 15min, 243 hourly, 242 daily | Queue: 5
ERROR:cache_service:Error setting OHLC batch: Object of type datetime is not JSON serializable
INFO:root:💾 Saved 500 records in 2.81s (178 rec/s) | 13 15min, 243 hourly, 244 daily | Queue: 5
ERROR:cache_service:Error setting OHLC batch: Object of type datetime is not JSON serializable
INFO:root:💾 Saved 500 records in 4.18s (120 rec/s) | 10 15min, 245 hourly, 245 daily | Queue: 5
INFO:root:📊 STATUS: 17,189,021 received | 17,166,802 processed | 22219 buffered | 2233 active | ProcQ: 0 | DBQ: 5 | 1,756,045 saved | Failed: 0 | Vol: TEXINFRA:134,339, DPWIRES:7,629
ERROR:cache_service:Error setting OHLC batch: Object of type datetime is not JSON serializable
INFO:root:💾 Saved 500 records in 8.01s (62 rec/s) | 11 15min, 245 hourly, 244 daily | Queue: 5
ERROR:cache_service:Error setting OHLC batch: Object of type datetime is not JSON serializable
INFO:root:💾 Saved 500 records in 5.84s (86 rec/s) | 9 15min, 245 hourly, 246 daily | Queue: 5
ERROR:cache_service:Error setting OHLC batch: Object of type datetime is not JSON serializable
INFO:root:💾 Saved 458 records in 4.87s (94 rec/s) | 8 15min, 225 hourly, 225 daily | Queue: 5
ERROR:cache_service:Error setting OHLC batch: Object of type datetime is not JSON serializable
INFO:root:💾 Saved 500 records in 6.51s (77 rec/s) | 21 15min, 240 hourly, 239 daily | Queue: 4
ERROR:cache_service:Error setting OHLC batch: Object of type datetime is not JSON serializable
INFO:root:💾 Saved 500 records in 5.24s (96 rec/s) | 13 15min, 243 hourly, 244 daily | Queue: 4
ERROR:cache_service:Error setting OHLC batch: Object of type datetime is not JSON serializable
INFO:root:💾 Saved 500 records in 4.89s (102 rec/s) | 17 15min, 242 hourly, 241 daily | Queue: 4
INFO:root:📊 STATUS: 17,212,542 received | 17,166,802 processed | 45740 buffered | 2410 active | ProcQ: 0 | DBQ: 4 | 1,759,003 saved | Failed: 0 | Vol: TEXINFRA:134,339, DPWIRES:7,629
INFO:root:⏰ Interval update (60s): 09:29:09 UTC
INFO:root:📤 Queued 46662 ticks from 2424 instruments | Processing queue: 1
ERROR:cache_service:Error setting OHLC batch: Object of type datetime is not JSON serializable
INFO:root:💾 Saved 500 records in 4.33s (116 rec/s) | 15 15min, 242 hourly, 243 daily | Queue: 5
ERROR:cache_service:Error setting OHLC batch: Object of type datetime is not JSON serializable
INFO:root:💾 Saved 500 records in 3.25s (154 rec/s) | 14 15min, 243 hourly, 243 daily | Queue: 5
ERROR:cache_service:Error setting OHLC batch: Object of type datetime is not JSON serializable
INFO:root:💾 Saved 500 records in 3.14s (159 rec/s) | 14 15min, 243 hourly, 243 daily | Queue: 5
ERROR:cache_service:Error setting OHLC batch: Object of type datetime is not JSON serializable
INFO:root:💾 Saved 500 records in 3.00s (167 rec/s) | 10 15min, 245 hourly, 245 daily | Queue: 5
ERROR:cache_service:Error setting OHLC batch: Object of type datetime is not JSON serializable
INFO:root:💾 Saved 500 records in 4.32s (116 rec/s) | 11 15min, 245 hourly, 244 daily | Queue: 5
ERROR:cache_service:Error setting OHLC batch: Object of type datetime is not JSON serializable
INFO:root:💾 Saved 500 records in 3.02s (166 rec/s) | 9 15min, 245 hourly, 246 daily | Queue: 5
ERROR:cache_service:Error setting OHLC batch: Object of type datetime is not JSON serializable
INFO:root:💾 Saved 428 records in 1.50s (284 rec/s) | 8 15min, 210 hourly, 210 daily | Queue: 5
ERROR:cache_service:Error setting OHLC batch: Object of type datetime is not JSON serializable
INFO:root:💾 Saved 500 records in 1.90s (263 rec/s) | 21 15min, 240 hourly, 239 daily | Queue: 4
ERROR:cache_service:Error setting OHLC batch: Object of type datetime is not JSON serializable
INFO:root:💾 Saved 500 records in 1.88s (266 rec/s) | 13 15min, 243 hourly, 244 daily | Queue: 4
ERROR:cache_service:Error setting OHLC batch: Object of type datetime is not JSON serializable
INFO:root:💾 Saved 500 records in 1.64s (305 rec/s) | 17 15min, 242 hourly, 241 daily | Queue: 4
ERROR:cache_service:Error setting OHLC batch: Object of type datetime is not JSON serializable
INFO:root:💾 Saved 500 records in 1.22s (409 rec/s) | 15 15min, 242 hourly, 243 daily | Queue: 4
INFO:root:📊 STATUS: 17,235,479 received | 17,213,464 processed | 22015 buffered | 2239 active | ProcQ: 0 | DBQ: 4 | 1,764,431 saved | Failed: 0 | Vol: TEXINFRA:134,380, DPWIRES:7,629
ERROR:cache_service:Error setting OHLC batch: Object of type datetime is not JSON serializable
INFO:root:💾 Saved 500 records in 1.42s (353 rec/s) | 12 15min, 244 hourly, 244 daily | Queue: 4
ERROR:cache_service:Error setting OHLC batch: Object of type datetime is not JSON serializable
INFO:root:💾 Saved 500 records in 2.25s (222 rec/s) | 16 15min, 242 hourly, 242 daily | Queue: 4
ERROR:cache_service:Error setting OHLC batch: Object of type datetime is not JSON serializable
INFO:root:💾 Saved 500 records in 2.57s (195 rec/s) | 10 15min, 245 hourly, 245 daily | Queue: 4
ERROR:cache_service:Error setting OHLC batch: Object of type datetime is not JSON serializable
INFO:root:💾 Saved 500 records in 1.80s (278 rec/s) | 11 15min, 245 hourly, 244 daily | Queue: 4
ERROR:cache_service:Error setting OHLC batch: Object of type datetime is not JSON serializable
INFO:root:💾 Saved 500 records in 1.44s (348 rec/s) | 9 15min, 245 hourly, 246 daily | Queue: 4
ERROR:cache_service:Error setting OHLC batch: Object of type datetime is not JSON serializable
INFO:root:💾 Saved 396 records in 1.45s (273 rec/s) | 8 15min, 194 hourly, 194 daily | Queue: 4
ERROR:cache_service:Error setting OHLC batch: Object of type datetime is not JSON serializable
INFO:root:💾 Saved 500 records in 3.85s (130 rec/s) | 21 15min, 240 hourly, 239 daily | Queue: 3
ERROR:cache_service:Error setting OHLC batch: Object of type datetime is not JSON serializable
INFO:root:💾 Saved 500 records in 5.13s (97 rec/s) | 13 15min, 243 hourly, 244 daily | Queue: 3
ERROR:cache_service:Error setting OHLC batch: Object of type datetime is not JSON serializable
INFO:root:💾 Saved 500 records in 5.25s (95 rec/s) | 17 15min, 242 hourly, 241 daily | Queue: 3
ERROR:cache_service:Error setting OHLC batch: Object of type datetime is not JSON serializable
INFO:root:💾 Saved 500 records in 5.23s (96 rec/s) | 15 15min, 242 hourly, 243 daily | Queue: 3
INFO:root:📊 STATUS: 17,258,564 received | 17,213,464 processed | 45100 buffered | 2456 active | ProcQ: 0 | DBQ: 3 | 1,769,327 saved | Failed: 0 | Vol: TEXINFRA:134,380, DPWIRES:7,629
INFO:root:⏰ Interval update (60s): 09:30:09 UTC
INFO:root:📤 Queued 46755 ticks from 2468 instruments | Processing queue: 1
ERROR:cache_service:Error setting OHLC batch: Object of type datetime is not JSON serializable
INFO:root:💾 Saved 500 records in 3.00s (167 rec/s) | 15 15min, 243 hourly, 242 daily | Queue: 4
ERROR:cache_service:Error setting OHLC batch: Object of type datetime is not JSON serializable
INFO:root:💾 Saved 500 records in 2.17s (231 rec/s) | 13 15min, 243 hourly, 244 daily | Queue: 4
ERROR:cache_service:Error setting OHLC batch: Object of type datetime is not JSON serializable
INFO:root:💾 Saved 500 records in 1.98s (253 rec/s) | 10 15min, 245 hourly, 245 daily | Queue: 4
ERROR:cache_service:Error setting OHLC batch: Object of type datetime is not JSON serializable
INFO:root:💾 Saved 500 records in 1.79s (279 rec/s) | 11 15min, 245 hourly, 244 daily | Queue: 4
ERROR:cache_service:Error setting OHLC batch: Object of type datetime is not JSON serializable
INFO:root:💾 Saved 500 records in 1.83s (274 rec/s) | 9 15min, 245 hourly, 246 daily | Queue: 4
ERROR:cache_service:Error setting OHLC batch: Object of type datetime is not JSON serializable
INFO:root:💾 Saved 398 records in 1.54s (259 rec/s) | 8 15min, 195 hourly, 195 daily | Queue: 4
ERROR:cache_service:Error setting OHLC batch: Object of type datetime is not JSON serializable
INFO:root:💾 Saved 500 records in 2.01s (249 rec/s) | 21 15min, 240 hourly, 239 daily | Queue: 3
ERROR:cache_service:Error setting OHLC batch: Object of type datetime is not JSON serializable
INFO:root:💾 Saved 500 records in 2.28s (220 rec/s) | 13 15min, 243 hourly, 244 daily | Queue: 3
ERROR:cache_service:Error setting OHLC batch: Object of type datetime is not JSON serializable
INFO:root:💾 Saved 500 records in 2.05s (244 rec/s) | 17 15min, 242 hourly, 241 daily | Queue: 3
ERROR:cache_service:Error setting OHLC batch: Object of type datetime is not JSON serializable
INFO:root:💾 Saved 500 records in 1.61s (311 rec/s) | 15 15min, 242 hourly, 243 daily | Queue: 3
ERROR:cache_service:Error setting OHLC batch: Object of type datetime is not JSON serializable
INFO:root:💾 Saved 500 records in 0.55s (905 rec/s) | 15 15min, 243 hourly, 242 daily | Queue: 3
ERROR:cache_service:Error setting OHLC batch: Object of type datetime is not JSON serializable
INFO:root:💾 Saved 500 records in 0.54s (923 rec/s) | 13 15min, 243 hourly, 244 daily | Queue: 3
ERROR:cache_service:Error setting OHLC batch: Object of type datetime is not JSON serializable
INFO:root:💾 Saved 500 records in 0.43s (1161 rec/s) | 10 15min, 245 hourly, 245 daily | Queue: 3
ERROR:cache_service:Error setting OHLC batch: Object of type datetime is not JSON serializable
INFO:root:💾 Saved 500 records in 0.50s (1005 rec/s) | 11 15min, 245 hourly, 244 daily | Queue: 3
ERROR:cache_service:Error setting OHLC batch: Object of type datetime is not JSON serializable
INFO:root:💾 Saved 500 records in 0.28s (1788 rec/s) | 9 15min, 245 hourly, 246 daily | Queue: 3
ERROR:cache_service:Error setting OHLC batch: Object of type datetime is not JSON serializable
INFO:root:💾 Saved 412 records in 0.32s (1291 rec/s) | 8 15min, 202 hourly, 202 daily | Queue: 3
ERROR:cache_service:Error setting OHLC batch: Object of type datetime is not JSON serializable
INFO:root:💾 Saved 500 records in 0.28s (1801 rec/s) | 21 15min, 240 hourly, 239 daily | Queue: 2
ERROR:cache_service:Error setting OHLC batch: Object of type datetime is not JSON serializable
INFO:root:💾 Saved 500 records in 0.35s (1430 rec/s) | 13 15min, 243 hourly, 244 daily | Queue: 2
ERROR:cache_service:Error setting OHLC batch: Object of type datetime is not JSON serializable
INFO:root:💾 Saved 500 records in 0.32s (1554 rec/s) | 17 15min, 242 hourly, 241 daily | Queue: 2
ERROR:cache_service:Error setting OHLC batch: Object of type datetime is not JSON serializable
INFO:root:💾 Saved 500 records in 0.25s (2023 rec/s) | 15 15min, 242 hourly, 243 daily | Queue: 2
ERROR:cache_service:Error setting OHLC batch: Object of type datetime is not JSON serializable
INFO:root:💾 Saved 500 records in 0.25s (1999 rec/s) | 15 15min, 243 hourly, 242 daily | Queue: 2
ERROR:cache_service:Error setting OHLC batch: Object of type datetime is not JSON serializable
INFO:root:💾 Saved 500 records in 0.25s (2033 rec/s) | 13 15min, 243 hourly, 244 daily | Queue: 2
ERROR:cache_service:Error setting OHLC batch: Object of type datetime is not JSON serializable
INFO:root:💾 Saved 500 records in 0.18s (2725 rec/s) | 10 15min, 245 hourly, 245 daily | Queue: 2
ERROR:cache_service:Error setting OHLC batch: Object of type datetime is not JSON serializable
INFO:root:💾 Saved 500 records in 0.28s (1795 rec/s) | 11 15min, 245 hourly, 244 daily | Queue: 2
ERROR:cache_service:Error setting OHLC batch: Object of type datetime is not JSON serializable
INFO:root:💾 Saved 500 records in 0.29s (1743 rec/s) | 9 15min, 245 hourly, 246 daily | Queue: 2
ERROR:cache_service:Error setting OHLC batch: Object of type datetime is not JSON serializable
INFO:root:💾 Saved 470 records in 0.21s (2188 rec/s) | 8 15min, 231 hourly, 231 daily | Queue: 2
ERROR:cache_service:Error setting OHLC batch: Object of type datetime is not JSON serializable
INFO:root:💾 Saved 500 records in 0.29s (1747 rec/s) | 21 15min, 240 hourly, 239 daily | Queue: 1
ERROR:cache_service:Error setting OHLC batch: Object of type datetime is not JSON serializable
INFO:root:💾 Saved 500 records in 0.22s (2300 rec/s) | 13 15min, 243 hourly, 244 daily | Queue: 1
ERROR:cache_service:Error setting OHLC batch: Object of type datetime is not JSON serializable
INFO:root:💾 Saved 500 records in 0.22s (2285 rec/s) | 17 15min, 242 hourly, 241 daily | Queue: 1
ERROR:cache_service:Error setting OHLC batch: Object of type datetime is not JSON serializable
INFO:root:💾 Saved 500 records in 0.23s (2195 rec/s) | 15 15min, 242 hourly, 243 daily | Queue: 1
ERROR:cache_service:Error setting OHLC batch: Object of type datetime is not JSON serializable
INFO:root:💾 Saved 500 records in 0.20s (2496 rec/s) | 10 15min, 245 hourly, 245 daily | Queue: 1
ERROR:cache_service:Error setting OHLC batch: Object of type datetime is not JSON serializable
INFO:root:💾 Saved 500 records in 0.21s (2366 rec/s) | 18 15min, 241 hourly, 241 daily | Queue: 1
ERROR:cache_service:Error setting OHLC batch: Object of type datetime is not JSON serializable
INFO:root:💾 Saved 500 records in 0.16s (3139 rec/s) | 10 15min, 245 hourly, 245 daily | Queue: 1
ERROR:cache_service:Error setting OHLC batch: Object of type datetime is not JSON serializable
INFO:root:💾 Saved 500 records in 0.20s (2443 rec/s) | 11 15min, 245 hourly, 244 daily | Queue: 1
ERROR:cache_service:Error setting OHLC batch: Object of type datetime is not JSON serializable
INFO:root:💾 Saved 500 records in 0.21s (2359 rec/s) | 9 15min, 245 hourly, 246 daily | Queue: 1
ERROR:cache_service:Error setting OHLC batch: Object of type datetime is not JSON serializable
INFO:root:💾 Saved 480 records in 0.17s (2807 rec/s) | 8 15min, 236 hourly, 236 daily | Queue: 1
ERROR:cache_service:Error setting OHLC batch: Object of type datetime is not JSON serializable
INFO:root:💾 Saved 500 records in 0.20s (2468 rec/s) | 21 15min, 240 hourly, 239 daily | Queue: 0
ERROR:cache_service:Error setting OHLC batch: Object of type datetime is not JSON serializable
INFO:root:💾 Saved 500 records in 0.18s (2824 rec/s) | 13 15min, 243 hourly, 244 daily | Queue: 0
ERROR:cache_service:Error setting OHLC batch: Object of type datetime is not JSON serializable
INFO:root:💾 Saved 500 records in 0.19s (2694 rec/s) | 17 15min, 242 hourly, 241 daily | Queue: 0
ERROR:cache_service:Error setting OHLC batch: Object of type datetime is not JSON serializable
INFO:root:💾 Saved 500 records in 0.18s (2845 rec/s) | 9 15min, 245 hourly, 246 daily | Queue: 0
ERROR:cache_service:Error setting OHLC batch: Object of type datetime is not JSON serializable
INFO:root:💾 Saved 500 records in 0.16s (3140 rec/s) | 15 15min, 243 hourly, 242 daily | Queue: 0
ERROR:cache_service:Error setting OHLC batch: Object of type datetime is not JSON serializable
INFO:root:💾 Saved 500 records in 0.21s (2360 rec/s) | 18 15min, 241 hourly, 241 daily | Queue: 0
ERROR:cache_service:Error setting OHLC batch: Object of type datetime is not JSON serializable
INFO:root:💾 Saved 500 records in 0.13s (3941 rec/s) | 10 15min, 245 hourly, 245 daily | Queue: 0
ERROR:cache_service:Error setting OHLC batch: Object of type datetime is not JSON serializable
INFO:root:💾 Saved 500 records in 0.18s (2802 rec/s) | 9 15min, 245 hourly, 246 daily | Queue: 0
ERROR:cache_service:Error setting OHLC batch: Object of type datetime is not JSON serializable
INFO:root:💾 Saved 500 records in 0.23s (2151 rec/s) | 9 15min, 246 hourly, 245 daily | Queue: 0
ERROR:cache_service:Error setting OHLC batch: Object of type datetime is not JSON serializable
INFO:root:💾 Saved 500 records in 0.16s (3212 rec/s) | 11 15min, 244 hourly, 245 daily | Queue: 0
ERROR:cache_service:Error setting OHLC batch: Object of type datetime is not JSON serializable
INFO:root:💾 Saved 68 records in 0.03s (2362 rec/s) | 0 15min, 34 hourly, 34 daily | Queue: 0
INFO:root:📊 STATUS: 17,285,276 received | 17,260,219 processed | 25057 buffered | 2376 active | ProcQ: 0 | DBQ: 0 | 1,792,155 saved | Failed: 0 | Vol: TEXINFRA:134,519, DPWIRES:7,629
INFO:root:📊 STATUS: 17,309,740 received | 17,260,219 processed | 49521 buffered | 2502 active | ProcQ: 0 | DBQ: 0 | 1,792,155 saved | Failed: 0 | Vol: TEXINFRA:134,519, DPWIRES:7,629
INFO:root:⏰ Interval update (60s): 09:31:10 UTC
INFO:root:📤 Queued 50297 ticks from 2510 instruments | Processing queue: 1
ERROR:cache_service:Error setting OHLC batch: Object of type datetime is not JSON serializable
INFO:root:💾 Saved 500 records in 0.17s (2934 rec/s) | 21 15min, 240 hourly, 239 daily | Queue: 0
ERROR:cache_service:Error setting OHLC batch: Object of type datetime is not JSON serializable
INFO:root:💾 Saved 500 records in 0.14s (3653 rec/s) | 13 15min, 243 hourly, 244 daily | Queue: 0
ERROR:cache_service:Error setting OHLC batch: Object of type datetime is not JSON serializable
INFO:root:💾 Saved 500 records in 0.14s (3666 rec/s) | 14 15min, 243 hourly, 243 daily | Queue: 0
ERROR:cache_service:Error setting OHLC batch: Object of type datetime is not JSON serializable
INFO:root:💾 Saved 500 records in 0.13s (3966 rec/s) | 13 15min, 244 hourly, 243 daily | Queue: 0
ERROR:cache_service:Error setting OHLC batch: Object of type datetime is not JSON serializable
INFO:root:💾 Saved 500 records in 0.17s (2942 rec/s) | 15 15min, 242 hourly, 243 daily | Queue: 0
ERROR:cache_service:Error setting OHLC batch: Object of type datetime is not JSON serializable
INFO:root:💾 Saved 500 records in 0.10s (4967 rec/s) | 18 15min, 241 hourly, 241 daily | Queue: 0
ERROR:cache_service:Error setting OHLC batch: Object of type datetime is not JSON serializable
INFO:root:💾 Saved 500 records in 0.13s (3870 rec/s) | 7 15min, 247 hourly, 246 daily | Queue: 0
ERROR:cache_service:Error setting OHLC batch: Object of type datetime is not JSON serializable
INFO:root:💾 Saved 500 records in 0.13s (3744 rec/s) | 11 15min, 244 hourly, 245 daily | Queue: 0
ERROR:cache_service:Error setting OHLC batch: Object of type datetime is not JSON serializable
INFO:root:💾 Saved 500 records in 0.18s (2813 rec/s) | 9 15min, 246 hourly, 245 daily | Queue: 0
ERROR:cache_service:Error setting OHLC batch: Object of type datetime is not JSON serializable
INFO:root:💾 Saved 500 records in 0.20s (2519 rec/s) | 11 15min, 244 hourly, 245 daily | Queue: 0
ERROR:cache_service:Error setting OHLC batch: Object of type datetime is not JSON serializable
INFO:root:💾 Saved 152 records in 0.04s (3399 rec/s) | 0 15min, 76 hourly, 76 daily | Queue: 0
INFO:root:📊 STATUS: 17,333,768 received | 17,310,516 processed | 23252 buffered | 2272 active | ProcQ: 0 | DBQ: 0 | 1,797,307 saved | Failed: 0 | Vol: TEXINFRA:134,519, DPWIRES:7,629
INFO:root:📊 STATUS: 17,357,408 received | 17,310,516 processed | 46892 buffered | 2456 active | ProcQ: 0 | DBQ: 0 | 1,797,307 saved | Failed: 0 | Vol: TEXINFRA:134,519, DPWIRES:7,629
INFO:root:⏰ Interval update (60s): 09:32:10 UTC
INFO:root:📤 Queued 47340 ticks from 2461 instruments | Processing queue: 1
ERROR:cache_service:Error setting OHLC batch: Object of type datetime is not JSON serializable
INFO:root:💾 Saved 500 records in 0.49s (1011 rec/s) | 21 15min, 240 hourly, 239 daily | Queue: 0
ERROR:cache_service:Error setting OHLC batch: Object of type datetime is not JSON serializable
INFO:root:💾 Saved 500 records in 0.35s (1419 rec/s) | 13 15min, 243 hourly, 244 daily | Queue: 0
ERROR:cache_service:Error setting OHLC batch: Object of type datetime is not JSON serializable
INFO:root:💾 Saved 500 records in 0.25s (2027 rec/s) | 14 15min, 243 hourly, 243 daily | Queue: 0
ERROR:cache_service:Error setting OHLC batch: Object of type datetime is not JSON serializable
INFO:root:💾 Saved 500 records in 0.25s (2036 rec/s) | 12 15min, 244 hourly, 244 daily | Queue: 0
ERROR:cache_service:Error setting OHLC batch: Object of type datetime is not JSON serializable
INFO:root:💾 Saved 500 records in 0.16s (3093 rec/s) | 15 15min, 243 hourly, 242 daily | Queue: 0
ERROR:cache_service:Error setting OHLC batch: Object of type datetime is not JSON serializable
INFO:root:💾 Saved 500 records in 0.19s (2658 rec/s) | 18 15min, 241 hourly, 241 daily | Queue: 0
ERROR:cache_service:Error setting OHLC batch: Object of type datetime is not JSON serializable
INFO:root:💾 Saved 500 records in 0.17s (3012 rec/s) | 10 15min, 245 hourly, 245 daily | Queue: 0
ERROR:cache_service:Error setting OHLC batch: Object of type datetime is not JSON serializable
INFO:root:💾 Saved 500 records in 0.14s (3689 rec/s) | 9 15min, 245 hourly, 246 daily | Queue: 0
ERROR:cache_service:Error setting OHLC batch: Object of type datetime is not JSON serializable
INFO:root:💾 Saved 500 records in 0.17s (2935 rec/s) | 9 15min, 246 hourly, 245 daily | Queue: 0
ERROR:cache_service:Error setting OHLC batch: Object of type datetime is not JSON serializable
INFO:root:💾 Saved 500 records in 0.21s (2344 rec/s) | 11 15min, 244 hourly, 245 daily | Queue: 0
ERROR:cache_service:Error setting OHLC batch: Object of type datetime is not JSON serializable
INFO:root:💾 Saved 54 records in 0.02s (2295 rec/s) | 0 15min, 27 hourly, 27 daily | Queue: 0
INFO:root:📊 STATUS: 17,381,924 received | 17,357,856 processed | 24068 buffered | 2280 active | ProcQ: 0 | DBQ: 0 | 1,802,361 saved | Failed: 0 | Vol: TEXINFRA:134,519, DPWIRES:7,629
INFO:root:📊 STATUS: 17,407,846 received | 17,357,856 processed | 49990 buffered | 2434 active | ProcQ: 0 | DBQ: 0 | 1,802,361 saved | Failed: 0 | Vol: TEXINFRA:134,519, DPWIRES:7,629
INFO:root:⏰ Interval update (60s): 09:33:10 UTC
INFO:root:📤 Queued 50228 ticks from 2434 instruments | Processing queue: 1
ERROR:cache_service:Error setting OHLC batch: Object of type datetime is not JSON serializable
INFO:root:💾 Saved 500 records in 0.08s (6378 rec/s) | 21 15min, 240 hourly, 239 daily | Queue: 0
ERROR:cache_service:Error setting OHLC batch: Object of type datetime is not JSON serializable
INFO:root:💾 Saved 500 records in 0.05s (9590 rec/s) | 13 15min, 243 hourly, 244 daily | Queue: 0
ERROR:cache_service:Error setting OHLC batch: Object of type datetime is not JSON serializable
INFO:root:💾 Saved 500 records in 0.10s (5044 rec/s) | 17 15min, 242 hourly, 241 daily | Queue: 0
ERROR:cache_service:Error setting OHLC batch: Object of type datetime is not JSON serializable
INFO:root:💾 Saved 500 records in 0.09s (5355 rec/s) | 15 15min, 242 hourly, 243 daily | Queue: 0
ERROR:cache_service:Error setting OHLC batch: Object of type datetime is not JSON serializable
INFO:root:💾 Saved 500 records in 0.13s (3823 rec/s) | 10 15min, 245 hourly, 245 daily | Queue: 0
ERROR:cache_service:Error setting OHLC batch: Object of type datetime is not JSON serializable
INFO:root:💾 Saved 500 records in 0.10s (5153 rec/s) | 18 15min, 241 hourly, 241 daily | Queue: 0
ERROR:cache_service:Error setting OHLC batch: Object of type datetime is not JSON serializable
INFO:root:💾 Saved 500 records in 0.12s (4286 rec/s) | 10 15min, 245 hourly, 245 daily | Queue: 0
ERROR:cache_service:Error setting OHLC batch: Object of type datetime is not JSON serializable
INFO:root:💾 Saved 500 records in 0.10s (5020 rec/s) | 11 15min, 245 hourly, 244 daily | Queue: 0
ERROR:cache_service:Error setting OHLC batch: Object of type datetime is not JSON serializable
INFO:root:💾 Saved 500 records in 0.08s (5916 rec/s) | 7 15min, 246 hourly, 247 daily | Queue: 0
ERROR:cache_service:Error setting OHLC batch: Object of type datetime is not JSON serializable
INFO:root:💾 Saved 500 records in 0.11s (4546 rec/s) | 10 15min, 245 hourly, 245 daily | Queue: 0
INFO:root:📊 STATUS: 17,433,864 received | 17,408,084 processed | 25780 buffered | 2253 active | ProcQ: 0 | DBQ: 0 | 1,807,361 saved | Failed: 0 | Vol: TEXINFRA:134,519, DPWIRES:7,629
INFO:root:📊 STATUS: 17,458,539 received | 17,408,084 processed | 50455 buffered | 2425 active | ProcQ: 0 | DBQ: 0 | 1,807,361 saved | Failed: 0 | Vol: TEXINFRA:134,519, DPWIRES:7,629
INFO:root:⏰ Interval update (60s): 09:34:10 UTC
INFO:root:📤 Queued 50959 ticks from 2431 instruments | Processing queue: 1
ERROR:cache_service:Error setting OHLC batch: Object of type datetime is not JSON serializable
INFO:root:💾 Saved 500 records in 0.09s (5400 rec/s) | 21 15min, 240 hourly, 239 daily | Queue: 0
ERROR:cache_service:Error setting OHLC batch: Object of type datetime is not JSON serializable
INFO:root:💾 Saved 500 records in 0.10s (4988 rec/s) | 13 15min, 243 hourly, 244 daily | Queue: 0
ERROR:cache_service:Error setting OHLC batch: Object of type datetime is not JSON serializable
INFO:root:💾 Saved 500 records in 0.08s (6287 rec/s) | 17 15min, 242 hourly, 241 daily | Queue: 0
ERROR:cache_service:Error setting OHLC batch: Object of type datetime is not JSON serializable
INFO:root:💾 Saved 500 records in 0.08s (6289 rec/s) | 15 15min, 242 hourly, 243 daily | Queue: 0
ERROR:cache_service:Error setting OHLC batch: Object of type datetime is not JSON serializable
INFO:root:💾 Saved 500 records in 0.09s (5690 rec/s) | 10 15min, 245 hourly, 245 daily | Queue: 0
ERROR:cache_service:Error setting OHLC batch: Object of type datetime is not JSON serializable
INFO:root:💾 Saved 500 records in 0.06s (8350 rec/s) | 18 15min, 241 hourly, 241 daily | Queue: 0
ERROR:cache_service:Error setting OHLC batch: Object of type datetime is not JSON serializable
INFO:root:💾 Saved 500 records in 0.06s (7709 rec/s) | 10 15min, 245 hourly, 245 daily | Queue: 0
ERROR:cache_service:Error setting OHLC batch: Object of type datetime is not JSON serializable
INFO:root:💾 Saved 500 records in 0.08s (6289 rec/s) | 11 15min, 245 hourly, 244 daily | Queue: 0
ERROR:cache_service:Error setting OHLC batch: Object of type datetime is not JSON serializable
INFO:root:💾 Saved 500 records in 0.10s (4763 rec/s) | 7 15min, 246 hourly, 247 daily | Queue: 0
ERROR:cache_service:Error setting OHLC batch: Object of type datetime is not JSON serializable
INFO:root:💾 Saved 494 records in 0.08s (6410 rec/s) | 10 15min, 242 hourly, 242 daily | Queue: 0
INFO:root:📊 STATUS: 17,482,926 received | 17,459,043 processed | 23883 buffered | 2250 active | ProcQ: 0 | DBQ: 0 | 1,812,355 saved | Failed: 0 | Vol: TEXINFRA:134,519, DPWIRES:7,629
INFO:root:📊 STATUS: 17,507,591 received | 17,459,043 processed | 48548 buffered | 2442 active | ProcQ: 0 | DBQ: 0 | 1,812,355 saved | Failed: 0 | Vol: TEXINFRA:134,519, DPWIRES:7,629
INFO:root:⏰ Interval update (60s): 09:35:10 UTC
INFO:root:📤 Queued 48836 ticks from 2443 instruments | Processing queue: 1
ERROR:cache_service:Error setting OHLC batch: Object of type datetime is not JSON serializable
INFO:root:💾 Saved 500 records in 0.07s (6862 rec/s) | 21 15min, 240 hourly, 239 daily | Queue: 0
ERROR:cache_service:Error setting OHLC batch: Object of type datetime is not JSON serializable
INFO:root:💾 Saved 500 records in 0.07s (7606 rec/s) | 13 15min, 243 hourly, 244 daily | Queue: 0
ERROR:cache_service:Error setting OHLC batch: Object of type datetime is not JSON serializable
INFO:root:💾 Saved 500 records in 0.06s (8612 rec/s) | 17 15min, 242 hourly, 241 daily | Queue: 0
ERROR:cache_service:Error setting OHLC batch: Object of type datetime is not JSON serializable
INFO:root:💾 Saved 500 records in 0.08s (6506 rec/s) | 13 15min, 243 hourly, 244 daily | Queue: 0
ERROR:cache_service:Error setting OHLC batch: Object of type datetime is not JSON serializable
INFO:root:💾 Saved 500 records in 0.12s (4297 rec/s) | 11 15min, 245 hourly, 244 daily | Queue: 0
ERROR:cache_service:Error setting OHLC batch: Object of type datetime is not JSON serializable
INFO:root:💾 Saved 500 records in 0.07s (7465 rec/s) | 18 15min, 241 hourly, 241 daily | Queue: 0
ERROR:cache_service:Error setting OHLC batch: Object of type datetime is not JSON serializable
INFO:root:💾 Saved 500 records in 0.11s (4537 rec/s) | 10 15min, 245 hourly, 245 daily | Queue: 0
ERROR:cache_service:Error setting OHLC batch: Object of type datetime is not JSON serializable
INFO:root:💾 Saved 500 records in 0.08s (6196 rec/s) | 12 15min, 244 hourly, 244 daily | Queue: 0
ERROR:cache_service:Error setting OHLC batch: Object of type datetime is not JSON serializable
INFO:root:💾 Saved 500 records in 0.08s (6322 rec/s) | 6 15min, 247 hourly, 247 daily | Queue: 0
ERROR:cache_service:Error setting OHLC batch: Object of type datetime is not JSON serializable
INFO:root:💾 Saved 500 records in 0.07s (7005 rec/s) | 11 15min, 244 hourly, 245 daily | Queue: 0
ERROR:cache_service:Error setting OHLC batch: Object of type datetime is not JSON serializable
INFO:root:💾 Saved 18 records in 0.01s (1293 rec/s) | 0 15min, 9 hourly, 9 daily | Queue: 0
INFO:root:📊 STATUS: 17,532,447 received | 17,507,879 processed | 24568 buffered | 2279 active | ProcQ: 0 | DBQ: 0 | 1,817,373 saved | Failed: 0 | Vol: TEXINFRA:134,694, DPWIRES:7,629
INFO:root:📊 STATUS: 17,558,994 received | 17,507,879 processed | 51115 buffered | 2455 active | ProcQ: 0 | DBQ: 0 | 1,817,373 saved | Failed: 0 | Vol: TEXINFRA:134,694, DPWIRES:7,629
INFO:root:⏰ Interval update (60s): 09:36:10 UTC
INFO:root:📤 Queued 51256 ticks from 2456 instruments | Processing queue: 1
ERROR:cache_service:Error setting OHLC batch: Object of type datetime is not JSON serializable
INFO:root:💾 Saved 500 records in 0.08s (6396 rec/s) | 21 15min, 240 hourly, 239 daily | Queue: 0
ERROR:cache_service:Error setting OHLC batch: Object of type datetime is not JSON serializable
INFO:root:💾 Saved 500 records in 0.30s (1691 rec/s) | 13 15min, 243 hourly, 244 daily | Queue: 0
ERROR:cache_service:Error setting OHLC batch: Object of type datetime is not JSON serializable
INFO:root:💾 Saved 500 records in 0.05s (10222 rec/s) | 17 15min, 242 hourly, 241 daily | Queue: 0
ERROR:cache_service:Error setting OHLC batch: Object of type datetime is not JSON serializable
INFO:root:💾 Saved 500 records in 0.07s (7220 rec/s) | 10 15min, 245 hourly, 245 daily | Queue: 0
ERROR:cache_service:Error setting OHLC batch: Object of type datetime is not JSON serializable
INFO:root:💾 Saved 500 records in 0.07s (7533 rec/s) | 14 15min, 243 hourly, 243 daily | Queue: 0
ERROR:cache_service:Error setting OHLC batch: Object of type datetime is not JSON serializable
INFO:root:💾 Saved 500 records in 0.07s (6788 rec/s) | 18 15min, 241 hourly, 241 daily | Queue: 0
ERROR:cache_service:Error setting OHLC batch: Object of type datetime is not JSON serializable
INFO:root:💾 Saved 500 records in 0.06s (8950 rec/s) | 10 15min, 245 hourly, 245 daily | Queue: 0
ERROR:cache_service:Error setting OHLC batch: Object of type datetime is not JSON serializable
INFO:root:💾 Saved 500 records in 0.05s (9683 rec/s) | 9 15min, 245 hourly, 246 daily | Queue: 0
ERROR:cache_service:Error setting OHLC batch: Object of type datetime is not JSON serializable
INFO:root:💾 Saved 500 records in 0.05s (10513 rec/s) | 9 15min, 246 hourly, 245 daily | Queue: 0
ERROR:cache_service:Error setting OHLC batch: Object of type datetime is not JSON serializable
INFO:root:💾 Saved 500 records in 0.07s (7542 rec/s) | 11 15min, 244 hourly, 245 daily | Queue: 0
ERROR:cache_service:Error setting OHLC batch: Object of type datetime is not JSON serializable
INFO:root:💾 Saved 44 records in 0.01s (4327 rec/s) | 0 15min, 22 hourly, 22 daily | Queue: 0
INFO:root:📊 STATUS: 17,585,121 received | 17,559,135 processed | 25986 buffered | 2353 active | ProcQ: 0 | DBQ: 0 | 1,822,417 saved | Failed: 0 | Vol: TEXINFRA:136,427, DPWIRES:7,630
INFO:root:📊 STATUS: 17,610,140 received | 17,559,135 processed | 51005 buffered | 2494 active | ProcQ: 0 | DBQ: 0 | 1,822,417 saved | Failed: 0 | Vol: TEXINFRA:136,427, DPWIRES:7,630
INFO:root:⏰ Interval update (60s): 09:37:10 UTC
INFO:root:📤 Queued 51005 ticks from 2494 instruments | Processing queue: 1
ERROR:cache_service:Error setting OHLC batch: Object of type datetime is not JSON serializable
INFO:root:💾 Saved 500 records in 0.13s (3812 rec/s) | 21 15min, 240 hourly, 239 daily | Queue: 0
ERROR:cache_service:Error setting OHLC batch: Object of type datetime is not JSON serializable
INFO:root:💾 Saved 500 records in 0.13s (3840 rec/s) | 13 15min, 243 hourly, 244 daily | Queue: 0
ERROR:cache_service:Error setting OHLC batch: Object of type datetime is not JSON serializable
INFO:root:💾 Saved 500 records in 0.13s (3986 rec/s) | 17 15min, 242 hourly, 241 daily | Queue: 0
ERROR:cache_service:Error setting OHLC batch: Object of type datetime is not JSON serializable
INFO:root:💾 Saved 500 records in 0.16s (3104 rec/s) | 10 15min, 245 hourly, 245 daily | Queue: 0
ERROR:cache_service:Error setting OHLC batch: Object of type datetime is not JSON serializable
INFO:root:💾 Saved 500 records in 0.15s (3249 rec/s) | 15 15min, 242 hourly, 243 daily | Queue: 0
ERROR:cache_service:Error setting OHLC batch: Object of type datetime is not JSON serializable
INFO:root:💾 Saved 500 records in 0.13s (3863 rec/s) | 18 15min, 241 hourly, 241 daily | Queue: 0
ERROR:cache_service:Error setting OHLC batch: Object of type datetime is not JSON serializable
INFO:root:💾 Saved 500 records in 0.15s (3374 rec/s) | 7 15min, 247 hourly, 246 daily | Queue: 0
ERROR:cache_service:Error setting OHLC batch: Object of type datetime is not JSON serializable
INFO:root:💾 Saved 500 records in 0.12s (4051 rec/s) | 11 15min, 244 hourly, 245 daily | Queue: 0
ERROR:cache_service:Error setting OHLC batch: Object of type datetime is not JSON serializable
INFO:root:💾 Saved 500 records in 0.14s (3594 rec/s) | 9 15min, 246 hourly, 245 daily | Queue: 0
ERROR:cache_service:Error setting OHLC batch: Object of type datetime is not JSON serializable
INFO:root:💾 Saved 500 records in 0.35s (1414 rec/s) | 11 15min, 244 hourly, 245 daily | Queue: 0
ERROR:cache_service:Error setting OHLC batch: Object of type datetime is not JSON serializable
INFO:root:💾 Saved 120 records in 0.03s (3524 rec/s) | 0 15min, 60 hourly, 60 daily | Queue: 0
INFO:root:📊 STATUS: 17,635,149 received | 17,610,140 processed | 25009 buffered | 2284 active | ProcQ: 0 | DBQ: 0 | 1,827,537 saved | Failed: 0 | Vol: TEXINFRA:141,688, DPWIRES:7,630
INFO:root:⏰ Interval update (60s): 09:38:10 UTC
INFO:root:📤 Queued 49581 ticks from 2478 instruments | Processing queue: 1
INFO:root:📊 STATUS: 17,659,805 received | 17,659,721 processed | 84 buffered | 84 active | ProcQ: 0 | DBQ: 0 | 1,827,537 saved | Failed: 0 | Vol: TEXINFRA:141,738, DPWIRES:7,672
ERROR:cache_service:Error setting OHLC batch: Object of type datetime is not JSON serializable
INFO:root:💾 Saved 500 records in 0.07s (7371 rec/s) | 21 15min, 240 hourly, 239 daily | Queue: 0
ERROR:cache_service:Error setting OHLC batch: Object of type datetime is not JSON serializable
INFO:root:💾 Saved 500 records in 0.08s (6624 rec/s) | 13 15min, 243 hourly, 244 daily | Queue: 0
ERROR:cache_service:Error setting OHLC batch: Object of type datetime is not JSON serializable
INFO:root:💾 Saved 500 records in 0.08s (6590 rec/s) | 17 15min, 242 hourly, 241 daily | Queue: 0
ERROR:cache_service:Error setting OHLC batch: Object of type datetime is not JSON serializable
INFO:root:💾 Saved 500 records in 0.06s (8112 rec/s) | 10 15min, 245 hourly, 245 daily | Queue: 0
ERROR:cache_service:Error setting OHLC batch: Object of type datetime is not JSON serializable
INFO:root:💾 Saved 500 records in 0.08s (5903 rec/s) | 15 15min, 242 hourly, 243 daily | Queue: 0
ERROR:cache_service:Error setting OHLC batch: Object of type datetime is not JSON serializable
INFO:root:💾 Saved 500 records in 0.07s (7148 rec/s) | 18 15min, 241 hourly, 241 daily | Queue: 0
ERROR:cache_service:Error setting OHLC batch: Object of type datetime is not JSON serializable
INFO:root:💾 Saved 500 records in 0.09s (5767 rec/s) | 7 15min, 247 hourly, 246 daily | Queue: 0
ERROR:cache_service:Error setting OHLC batch: Object of type datetime is not JSON serializable
INFO:root:💾 Saved 500 records in 0.07s (7044 rec/s) | 11 15min, 244 hourly, 245 daily | Queue: 0
ERROR:cache_service:Error setting OHLC batch: Object of type datetime is not JSON serializable
INFO:root:💾 Saved 500 records in 0.06s (7863 rec/s) | 9 15min, 246 hourly, 245 daily | Queue: 0
ERROR:cache_service:Error setting OHLC batch: Object of type datetime is not JSON serializable
INFO:root:💾 Saved 500 records in 0.06s (8150 rec/s) | 11 15min, 244 hourly, 245 daily | Queue: 0
ERROR:cache_service:Error setting OHLC batch: Object of type datetime is not JSON serializable
INFO:root:💾 Saved 88 records in 0.02s (4431 rec/s) | 0 15min, 44 hourly, 44 daily | Queue: 0
INFO:root:📊 STATUS: 17,684,480 received | 17,659,721 processed | 24759 buffered | 2292 active | ProcQ: 0 | DBQ: 0 | 1,832,625 saved | Failed: 0 | Vol: TEXINFRA:141,738, DPWIRES:7,672
INFO:root:⏰ Interval update (60s): 09:39:11 UTC
INFO:root:📤 Queued 50696 ticks from 2497 instruments | Processing queue: 1
ERROR:cache_service:Error setting OHLC batch: Object of type datetime is not JSON serializable
INFO:root:💾 Saved 500 records in 0.05s (9283 rec/s) | 21 15min, 240 hourly, 239 daily | Queue: 0
INFO:root:📊 STATUS: 17,710,631 received | 17,710,417 processed | 214 buffered | 214 active | ProcQ: 0 | DBQ: 0 | 1,833,125 saved | Failed: 0 | Vol: TEXINFRA:141,738, DPWIRES:7,777
ERROR:cache_service:Error setting OHLC batch: Object of type datetime is not JSON serializable
INFO:root:💾 Saved 500 records in 0.06s (7893 rec/s) | 13 15min, 243 hourly, 244 daily | Queue: 0
ERROR:cache_service:Error setting OHLC batch: Object of type datetime is not JSON serializable
INFO:root:💾 Saved 500 records in 0.06s (8805 rec/s) | 14 15min, 243 hourly, 243 daily | Queue: 0
ERROR:cache_service:Error setting OHLC batch: Object of type datetime is not JSON serializable
INFO:root:💾 Saved 500 records in 0.05s (9178 rec/s) | 13 15min, 244 hourly, 243 daily | Queue: 0
ERROR:cache_service:Error setting OHLC batch: Object of type datetime is not JSON serializable
INFO:root:💾 Saved 500 records in 0.09s (5873 rec/s) | 15 15min, 242 hourly, 243 daily | Queue: 0
ERROR:cache_service:Error setting OHLC batch: Object of type datetime is not JSON serializable
INFO:root:💾 Saved 500 records in 0.07s (6712 rec/s) | 17 15min, 242 hourly, 241 daily | Queue: 0
ERROR:cache_service:Error setting OHLC batch: Object of type datetime is not JSON serializable
INFO:root:💾 Saved 500 records in 0.06s (8140 rec/s) | 8 15min, 246 hourly, 246 daily | Queue: 0
ERROR:cache_service:Error setting OHLC batch: Object of type datetime is not JSON serializable
INFO:root:💾 Saved 500 records in 0.07s (7636 rec/s) | 11 15min, 244 hourly, 245 daily | Queue: 0
ERROR:cache_service:Error setting OHLC batch: Object of type datetime is not JSON serializable
INFO:root:💾 Saved 500 records in 0.05s (9625 rec/s) | 9 15min, 246 hourly, 245 daily | Queue: 0
ERROR:cache_service:Error setting OHLC batch: Object of type datetime is not JSON serializable
INFO:root:💾 Saved 500 records in 0.09s (5855 rec/s) | 11 15min, 244 hourly, 245 daily | Queue: 0
ERROR:cache_service:Error setting OHLC batch: Object of type datetime is not JSON serializable
INFO:root:💾 Saved 126 records in 0.02s (6189 rec/s) | 0 15min, 63 hourly, 63 daily | Queue: 0
INFO:root:📊 STATUS: 17,736,819 received | 17,710,417 processed | 26402 buffered | 2316 active | ProcQ: 0 | DBQ: 0 | 1,837,751 saved | Failed: 0 | Vol: TEXINFRA:141,738, DPWIRES:7,777
INFO:root:⏰ Interval update (60s): 09:40:11 UTC
INFO:root:📤 Queued 49813 ticks from 2548 instruments | Processing queue: 1
ERROR:cache_service:Error setting OHLC batch: Object of type datetime is not JSON serializable
INFO:root:💾 Saved 500 records in 0.08s (6470 rec/s) | 21 15min, 240 hourly, 239 daily | Queue: 0
INFO:root:📊 STATUS: 17,760,619 received | 17,760,230 processed | 389 buffered | 332 active | ProcQ: 0 | DBQ: 0 | 1,838,251 saved | Failed: 0 | Vol: TEXINFRA:141,739, DPWIRES:7,787
ERROR:cache_service:Error setting OHLC batch: Object of type datetime is not JSON serializable
INFO:root:💾 Saved 500 records in 0.10s (4831 rec/s) | 13 15min, 243 hourly, 244 daily | Queue: 0
ERROR:cache_service:Error setting OHLC batch: Object of type datetime is not JSON serializable
INFO:root:💾 Saved 500 records in 0.06s (7848 rec/s) | 14 15min, 243 hourly, 243 daily | Queue: 0
ERROR:cache_service:Error setting OHLC batch: Object of type datetime is not JSON serializable
INFO:root:💾 Saved 500 records in 0.05s (10387 rec/s) | 12 15min, 244 hourly, 244 daily | Queue: 0
ERROR:cache_service:Error setting OHLC batch: Object of type datetime is not JSON serializable
INFO:root:💾 Saved 500 records in 0.08s (6510 rec/s) | 15 15min, 243 hourly, 242 daily | Queue: 0
ERROR:cache_service:Error setting OHLC batch: Object of type datetime is not JSON serializable
INFO:root:💾 Saved 500 records in 0.05s (10476 rec/s) | 13 15min, 243 hourly, 244 daily | Queue: 0
ERROR:cache_service:Error setting OHLC batch: Object of type datetime is not JSON serializable
INFO:root:💾 Saved 500 records in 0.06s (8261 rec/s) | 12 15min, 244 hourly, 244 daily | Queue: 0
ERROR:cache_service:Error setting OHLC batch: Object of type datetime is not JSON serializable
INFO:root:💾 Saved 500 records in 0.06s (7749 rec/s) | 10 15min, 245 hourly, 245 daily | Queue: 0
ERROR:cache_service:Error setting OHLC batch: Object of type datetime is not JSON serializable
INFO:root:💾 Saved 500 records in 0.06s (8197 rec/s) | 8 15min, 246 hourly, 246 daily | Queue: 0
ERROR:cache_service:Error setting OHLC batch: Object of type datetime is not JSON serializable
INFO:root:💾 Saved 500 records in 0.06s (7930 rec/s) | 10 15min, 245 hourly, 245 daily | Queue: 0
ERROR:cache_service:Error setting OHLC batch: Object of type datetime is not JSON serializable
INFO:root:💾 Saved 228 records in 0.03s (7402 rec/s) | 4 15min, 112 hourly, 112 daily | Queue: 0
INFO:root:📊 STATUS: 17,785,113 received | 17,760,230 processed | 24883 buffered | 2461 active | ProcQ: 0 | DBQ: 0 | 1,842,979 saved | Failed: 0 | Vol: TEXINFRA:141,739, DPWIRES:7,787
INFO:root:⏰ Interval update (60s): 09:41:11 UTC
INFO:root:📤 Queued 48025 ticks from 2571 instruments | Processing queue: 1
ERROR:cache_service:Error setting OHLC batch: Object of type datetime is not JSON serializable
INFO:root:💾 Saved 500 records in 0.07s (7677 rec/s) | 21 15min, 240 hourly, 239 daily | Queue: 0
ERROR:cache_service:Error setting OHLC batch: Object of type datetime is not JSON serializable
INFO:root:💾 Saved 500 records in 0.08s (6064 rec/s) | 13 15min, 243 hourly, 244 daily | Queue: 0
ERROR:cache_service:Error setting OHLC batch: Object of type datetime is not JSON serializable
INFO:root:💾 Saved 500 records in 0.05s (9216 rec/s) | 14 15min, 243 hourly, 243 daily | Queue: 0
ERROR:cache_service:Error setting OHLC batch: Object of type datetime is not JSON serializable
INFO:root:💾 Saved 500 records in 0.04s (12732 rec/s) | 13 15min, 244 hourly, 243 daily | Queue: 0
ERROR:cache_service:Error setting OHLC batch: Object of type datetime is not JSON serializable
INFO:root:💾 Saved 500 records in 0.04s (11181 rec/s) | 15 15min, 242 hourly, 243 daily | Queue: 0
ERROR:cache_service:Error setting OHLC batch: Object of type datetime is not JSON serializable
INFO:root:💾 Saved 500 records in 0.05s (10760 rec/s) | 13 15min, 244 hourly, 243 daily | Queue: 0
ERROR:cache_service:Error setting OHLC batch: Object of type datetime is not JSON serializable
INFO:root:💾 Saved 500 records in 0.06s (8728 rec/s) | 12 15min, 244 hourly, 244 daily | Queue: 0
ERROR:cache_service:Error setting OHLC batch: Object of type datetime is not JSON serializable
INFO:root:💾 Saved 500 records in 0.05s (9552 rec/s) | 9 15min, 245 hourly, 246 daily | Queue: 0
ERROR:cache_service:Error setting OHLC batch: Object of type datetime is not JSON serializable
INFO:root:💾 Saved 500 records in 0.05s (10972 rec/s) | 8 15min, 246 hourly, 246 daily | Queue: 0
ERROR:cache_service:Error setting OHLC batch: Object of type datetime is not JSON serializable
INFO:root:💾 Saved 500 records in 0.05s (9156 rec/s) | 10 15min, 245 hourly, 245 daily | Queue: 0
ERROR:cache_service:Error setting OHLC batch: Object of type datetime is not JSON serializable
INFO:root:💾 Saved 274 records in 0.03s (10206 rec/s) | 4 15min, 135 hourly, 135 daily | Queue: 0
INFO:root:📊 STATUS: 17,809,567 received | 17,808,255 processed | 1312 buffered | 736 active | ProcQ: 0 | DBQ: 0 | 1,848,253 saved | Failed: 0 | Vol: TEXINFRA:141,984, DPWIRES:7,969
INFO:root:📊 STATUS: 17,834,137 received | 17,808,255 processed | 25882 buffered | 2411 active | ProcQ: 0 | DBQ: 0 | 1,848,253 saved | Failed: 0 | Vol: TEXINFRA:141,984, DPWIRES:7,969
INFO:root:⏰ Interval update (60s): 09:42:11 UTC
INFO:root:📤 Queued 50656 ticks from 2554 instruments | Processing queue: 1
ERROR:cache_service:Error setting OHLC batch: Object of type datetime is not JSON serializable
INFO:root:💾 Saved 500 records in 0.13s (3871 rec/s) | 21 15min, 240 hourly, 239 daily | Queue: 0
ERROR:cache_service:Error setting OHLC batch: Object of type datetime is not JSON serializable
INFO:root:💾 Saved 500 records in 0.13s (3982 rec/s) | 13 15min, 243 hourly, 244 daily | Queue: 0
ERROR:cache_service:Error setting OHLC batch: Object of type datetime is not JSON serializable
INFO:root:💾 Saved 500 records in 0.13s (3811 rec/s) | 14 15min, 243 hourly, 243 daily | Queue: 0
ERROR:cache_service:Error setting OHLC batch: Object of type datetime is not JSON serializable
INFO:root:💾 Saved 500 records in 0.15s (3309 rec/s) | 13 15min, 244 hourly, 243 daily | Queue: 0
ERROR:cache_service:Error setting OHLC batch: Object of type datetime is not JSON serializable
INFO:root:💾 Saved 500 records in 0.14s (3461 rec/s) | 15 15min, 242 hourly, 243 daily | Queue: 0
ERROR:cache_service:Error setting OHLC batch: Object of type datetime is not JSON serializable
INFO:root:💾 Saved 500 records in 0.13s (3809 rec/s) | 13 15min, 244 hourly, 243 daily | Queue: 0
ERROR:cache_service:Error setting OHLC batch: Object of type datetime is not JSON serializable
INFO:root:💾 Saved 500 records in 0.13s (3803 rec/s) | 12 15min, 244 hourly, 244 daily | Queue: 0
ERROR:cache_service:Error setting OHLC batch: Object of type datetime is not JSON serializable
INFO:root:💾 Saved 500 records in 0.12s (4330 rec/s) | 9 15min, 245 hourly, 246 daily | Queue: 0
INFO:root:📊 STATUS: 17,860,902 received | 17,858,911 processed | 1991 buffered | 1014 active | ProcQ: 0 | DBQ: 0 | 1,852,253 saved | Failed: 0 | Vol: TEXINFRA:141,984, DPWIRES:7,969
ERROR:cache_service:Error setting OHLC batch: Object of type datetime is not JSON serializable
INFO:root:💾 Saved 500 records in 0.11s (4442 rec/s) | 8 15min, 246 hourly, 246 daily | Queue: 0
ERROR:cache_service:Error setting OHLC batch: Object of type datetime is not JSON serializable
INFO:root:💾 Saved 500 records in 0.13s (3905 rec/s) | 10 15min, 245 hourly, 245 daily | Queue: 0
ERROR:cache_service:Error setting OHLC batch: Object of type datetime is not JSON serializable
INFO:root:💾 Saved 240 records in 0.06s (4098 rec/s) | 4 15min, 118 hourly, 118 daily | Queue: 0
INFO:root:📊 STATUS: 17,887,322 received | 17,858,911 processed | 28411 buffered | 2428 active | ProcQ: 0 | DBQ: 0 | 1,853,493 saved | Failed: 0 | Vol: TEXINFRA:141,984, DPWIRES:7,969
INFO:root:⏰ Interval update (60s): 09:43:11 UTC
INFO:root:📤 Queued 52141 ticks from 2521 instruments | Processing queue: 1
ERROR:cache_service:Error setting OHLC batch: Object of type datetime is not JSON serializable
INFO:root:💾 Saved 500 records in 0.08s (6630 rec/s) | 21 15min, 240 hourly, 239 daily | Queue: 0
ERROR:cache_service:Error setting OHLC batch: Object of type datetime is not JSON serializable
INFO:root:💾 Saved 500 records in 0.09s (5644 rec/s) | 13 15min, 243 hourly, 244 daily | Queue: 0
ERROR:cache_service:Error setting OHLC batch: Object of type datetime is not JSON serializable
INFO:root:💾 Saved 500 records in 0.07s (7312 rec/s) | 14 15min, 243 hourly, 243 daily | Queue: 0
ERROR:cache_service:Error setting OHLC batch: Object of type datetime is not JSON serializable
INFO:root:💾 Saved 500 records in 0.10s (5231 rec/s) | 13 15min, 244 hourly, 243 daily | Queue: 0
ERROR:cache_service:Error setting OHLC batch: Object of type datetime is not JSON serializable
INFO:root:💾 Saved 500 records in 0.06s (7929 rec/s) | 15 15min, 242 hourly, 243 daily | Queue: 0
ERROR:cache_service:Error setting OHLC batch: Object of type datetime is not JSON serializable
INFO:root:💾 Saved 500 records in 0.06s (8764 rec/s) | 14 15min, 243 hourly, 243 daily | Queue: 0
ERROR:cache_service:Error setting OHLC batch: Object of type datetime is not JSON serializable
INFO:root:💾 Saved 500 records in 0.06s (8321 rec/s) | 11 15min, 245 hourly, 244 daily | Queue: 0
ERROR:cache_service:Error setting OHLC batch: Object of type datetime is not JSON serializable
INFO:root:💾 Saved 500 records in 0.08s (6597 rec/s) | 9 15min, 245 hourly, 246 daily | Queue: 0
ERROR:cache_service:Error setting OHLC batch: Object of type datetime is not JSON serializable
INFO:root:💾 Saved 500 records in 0.05s (9109 rec/s) | 10 15min, 245 hourly, 245 daily | Queue: 0
ERROR:cache_service:Error setting OHLC batch: Object of type datetime is not JSON serializable
INFO:root:💾 Saved 500 records in 0.05s (10065 rec/s) | 9 15min, 246 hourly, 245 daily | Queue: 0
ERROR:cache_service:Error setting OHLC batch: Object of type datetime is not JSON serializable
INFO:root:💾 Saved 174 records in 0.03s (5270 rec/s) | 3 15min, 85 hourly, 86 daily | Queue: 0
INFO:root:📊 STATUS: 17,912,565 received | 17,911,052 processed | 1513 buffered | 746 active | ProcQ: 0 | DBQ: 0 | 1,858,667 saved | Failed: 0 | Vol: TEXINFRA:142,004, DPWIRES:7,969
INFO:root:📊 STATUS: 17,938,080 received | 17,911,052 processed | 27028 buffered | 2446 active | ProcQ: 0 | DBQ: 0 | 1,858,667 saved | Failed: 0 | Vol: TEXINFRA:142,004, DPWIRES:7,969
INFO:root:⏰ Interval update (60s): 09:44:11 UTC
INFO:root:📤 Queued 51040 ticks from 2549 instruments | Processing queue: 1
ERROR:cache_service:Error setting OHLC batch: Object of type datetime is not JSON serializable
INFO:root:💾 Saved 500 records in 0.06s (8265 rec/s) | 21 15min, 240 hourly, 239 daily | Queue: 0
ERROR:cache_service:Error setting OHLC batch: Object of type datetime is not JSON serializable
INFO:root:💾 Saved 500 records in 0.06s (8649 rec/s) | 13 15min, 243 hourly, 244 daily | Queue: 0
ERROR:cache_service:Error setting OHLC batch: Object of type datetime is not JSON serializable
INFO:root:💾 Saved 500 records in 0.05s (10204 rec/s) | 14 15min, 243 hourly, 243 daily | Queue: 0
ERROR:cache_service:Error setting OHLC batch: Object of type datetime is not JSON serializable
INFO:root:💾 Saved 500 records in 0.05s (10741 rec/s) | 13 15min, 244 hourly, 243 daily | Queue: 0
ERROR:cache_service:Error setting OHLC batch: Object of type datetime is not JSON serializable
INFO:root:💾 Saved 500 records in 0.07s (6910 rec/s) | 15 15min, 242 hourly, 243 daily | Queue: 0
ERROR:cache_service:Error setting OHLC batch: Object of type datetime is not JSON serializable
INFO:root:💾 Saved 500 records in 0.06s (8192 rec/s) | 13 15min, 244 hourly, 243 daily | Queue: 0
ERROR:cache_service:Error setting OHLC batch: Object of type datetime is not JSON serializable
INFO:root:💾 Saved 500 records in 0.07s (7498 rec/s) | 12 15min, 244 hourly, 244 daily | Queue: 0
ERROR:cache_service:Error setting OHLC batch: Object of type datetime is not JSON serializable
INFO:root:💾 Saved 500 records in 0.05s (10298 rec/s) | 9 15min, 245 hourly, 246 daily | Queue: 0
ERROR:cache_service:Error setting OHLC batch: Object of type datetime is not JSON serializable
INFO:root:💾 Saved 500 records in 0.14s (3481 rec/s) | 8 15min, 246 hourly, 246 daily | Queue: 0
ERROR:cache_service:Error setting OHLC batch: Object of type datetime is not JSON serializable
INFO:root:💾 Saved 500 records in 0.08s (6068 rec/s) | 10 15min, 245 hourly, 245 daily | Queue: 0
ERROR:cache_service:Error setting OHLC batch: Object of type datetime is not JSON serializable
INFO:root:💾 Saved 230 records in 0.05s (4824 rec/s) | 4 15min, 113 hourly, 113 daily | Queue: 0
INFO:root:📊 STATUS: 17,963,841 received | 17,962,092 processed | 1749 buffered | 1005 active | ProcQ: 0 | DBQ: 0 | 1,863,897 saved | Failed: 0 | Vol: TEXINFRA:142,197, DPWIRES:7,969
INFO:root:📊 STATUS: 17,989,504 received | 17,962,092 processed | 27412 buffered | 2331 active | ProcQ: 0 | DBQ: 0 | 1,863,897 saved | Failed: 0 | Vol: TEXINFRA:142,197, DPWIRES:7,969
INFO:root:⏰ Interval update (60s): 09:45:11 UTC
INFO:root:📤 Queued 52252 ticks from 2606 instruments | Processing queue: 1
ERROR:cache_service:Error setting OHLC batch: Object of type datetime is not JSON serializable
INFO:root:💾 Saved 500 records in 0.07s (7348 rec/s) | 21 15min, 240 hourly, 239 daily | Queue: 0
ERROR:cache_service:Error setting OHLC batch: Object of type datetime is not JSON serializable
INFO:root:💾 Saved 500 records in 0.06s (8640 rec/s) | 13 15min, 243 hourly, 244 daily | Queue: 0
ERROR:cache_service:Error setting OHLC batch: Object of type datetime is not JSON serializable
INFO:root:💾 Saved 500 records in 0.06s (8538 rec/s) | 14 15min, 243 hourly, 243 daily | Queue: 0
ERROR:cache_service:Error setting OHLC batch: Object of type datetime is not JSON serializable
INFO:root:💾 Saved 500 records in 0.12s (4303 rec/s) | 13 15min, 244 hourly, 243 daily | Queue: 0
ERROR:cache_service:Error setting OHLC batch: Object of type datetime is not JSON serializable
INFO:root:💾 Saved 500 records in 0.06s (8939 rec/s) | 10 15min, 245 hourly, 245 daily | Queue: 0
ERROR:cache_service:Error setting OHLC batch: Object of type datetime is not JSON serializable
INFO:root:💾 Saved 500 records in 0.04s (11516 rec/s) | 18 15min, 241 hourly, 241 daily | Queue: 0
ERROR:cache_service:Error setting OHLC batch: Object of type datetime is not JSON serializable
INFO:root:💾 Saved 500 records in 0.05s (10624 rec/s) | 12 15min, 244 hourly, 244 daily | Queue: 0
ERROR:cache_service:Error setting OHLC batch: Object of type datetime is not JSON serializable
INFO:root:💾 Saved 500 records in 0.06s (9041 rec/s) | 6 15min, 247 hourly, 247 daily | Queue: 0
ERROR:cache_service:Error setting OHLC batch: Object of type datetime is not JSON serializable
INFO:root:💾 Saved 500 records in 0.06s (8538 rec/s) | 11 15min, 244 hourly, 245 daily | Queue: 0
ERROR:cache_service:Error setting OHLC batch: Object of type datetime is not JSON serializable
INFO:root:💾 Saved 500 records in 0.08s (6567 rec/s) | 6 15min, 247 hourly, 247 daily | Queue: 0
ERROR:cache_service:Error setting OHLC batch: Object of type datetime is not JSON serializable
INFO:root:💾 Saved 344 records in 0.04s (9718 rec/s) | 8 15min, 168 hourly, 168 daily | Queue: 0
INFO:root:📊 STATUS: 18,016,617 received | 18,014,344 processed | 2273 buffered | 896 active | ProcQ: 0 | DBQ: 0 | 1,869,241 saved | Failed: 0 | Vol: TEXINFRA:142,482, DPWIRES:7,969
INFO:root:📊 STATUS: 18,043,940 received | 18,014,344 processed | 29596 buffered | 2528 active | ProcQ: 0 | DBQ: 0 | 1,869,241 saved | Failed: 0 | Vol: TEXINFRA:142,482, DPWIRES:7,969
INFO:root:⏰ Interval update (60s): 09:46:12 UTC
INFO:root:📤 Queued 53341 ticks from 2598 instruments | Processing queue: 1
ERROR:cache_service:Error setting OHLC batch: Object of type datetime is not JSON serializable
INFO:root:💾 Saved 500 records in 0.88s (570 rec/s) | 21 15min, 240 hourly, 239 daily | Queue: 0
ERROR:cache_service:Error setting OHLC batch: Object of type datetime is not JSON serializable
INFO:root:💾 Saved 500 records in 0.50s (1005 rec/s) | 13 15min, 243 hourly, 244 daily | Queue: 0
INFO:root:📊 STATUS: 18,069,695 received | 18,067,685 processed | 2010 buffered | 1056 active | ProcQ: 0 | DBQ: 0 | 1,870,241 saved | Failed: 0 | Vol: TEXINFRA:145,321, DPWIRES:7,969
ERROR:cache_service:Error setting OHLC batch: Object of type datetime is not JSON serializable
INFO:root:💾 Saved 500 records in 0.53s (948 rec/s) | 14 15min, 243 hourly, 243 daily | Queue: 0
ERROR:cache_service:Error setting OHLC batch: Object of type datetime is not JSON serializable
INFO:root:💾 Saved 500 records in 0.46s (1094 rec/s) | 13 15min, 244 hourly, 243 daily | Queue: 0
ERROR:cache_service:Error setting OHLC batch: Object of type datetime is not JSON serializable
INFO:root:💾 Saved 500 records in 0.65s (774 rec/s) | 10 15min, 245 hourly, 245 daily | Queue: 0
ERROR:cache_service:Error setting OHLC batch: Object of type datetime is not JSON serializable
INFO:root:💾 Saved 500 records in 0.43s (1161 rec/s) | 18 15min, 241 hourly, 241 daily | Queue: 0
ERROR:cache_service:Error setting OHLC batch: Object of type datetime is not JSON serializable
INFO:root:💾 Saved 500 records in 0.30s (1686 rec/s) | 12 15min, 244 hourly, 244 daily | Queue: 0
ERROR:cache_service:Error setting OHLC batch: Object of type datetime is not JSON serializable
INFO:root:💾 Saved 500 records in 0.43s (1163 rec/s) | 6 15min, 247 hourly, 247 daily | Queue: 0
ERROR:cache_service:Error setting OHLC batch: Object of type datetime is not JSON serializable
INFO:root:💾 Saved 500 records in 0.53s (946 rec/s) | 11 15min, 244 hourly, 245 daily | Queue: 0
ERROR:cache_service:Error setting OHLC batch: Object of type datetime is not JSON serializable
INFO:root:💾 Saved 500 records in 0.24s (2090 rec/s) | 10 15min, 245 hourly, 245 daily | Queue: 0
ERROR:cache_service:Error setting OHLC batch: Object of type datetime is not JSON serializable
INFO:root:💾 Saved 328 records in 0.19s (1762 rec/s) | 4 15min, 162 hourly, 162 daily | Queue: 0
INFO:root:📊 STATUS: 18,094,854 received | 18,067,685 processed | 27169 buffered | 2474 active | ProcQ: 0 | DBQ: 0 | 1,874,569 saved | Failed: 0 | Vol: TEXINFRA:145,321, DPWIRES:7,969
INFO:root:⏰ Interval update (60s): 09:47:12 UTC
INFO:root:📤 Queued 50155 ticks from 2585 instruments | Processing queue: 1
ERROR:cache_service:Error setting OHLC batch: Object of type datetime is not JSON serializable
INFO:root:💾 Saved 500 records in 1.71s (293 rec/s) | 21 15min, 240 hourly, 239 daily | Queue: 0
INFO:root:📊 STATUS: 18,119,738 received | 18,117,840 processed | 1898 buffered | 1013 active | ProcQ: 0 | DBQ: 0 | 1,875,069 saved | Failed: 0 | Vol: TEXINFRA:145,321, DPWIRES:7,995
ERROR:cache_service:Error setting OHLC batch: Object of type datetime is not JSON serializable
INFO:root:💾 Saved 500 records in 1.57s (318 rec/s) | 13 15min, 243 hourly, 244 daily | Queue: 0
ERROR:cache_service:Error setting OHLC batch: Object of type datetime is not JSON serializable
INFO:root:💾 Saved 500 records in 1.21s (412 rec/s) | 14 15min, 243 hourly, 243 daily | Queue: 0
ERROR:cache_service:Error setting OHLC batch: Object of type datetime is not JSON serializable
INFO:root:💾 Saved 500 records in 1.20s (418 rec/s) | 13 15min, 244 hourly, 243 daily | Queue: 0
ERROR:cache_service:Error setting OHLC batch: Object of type datetime is not JSON serializable
INFO:root:💾 Saved 500 records in 1.03s (485 rec/s) | 15 15min, 242 hourly, 243 daily | Queue: 0
ERROR:cache_service:Error setting OHLC batch: Object of type datetime is not JSON serializable
INFO:root:💾 Saved 500 records in 1.06s (471 rec/s) | 13 15min, 244 hourly, 243 daily | Queue: 0
ERROR:cache_service:Error setting OHLC batch: Object of type datetime is not JSON serializable
INFO:root:💾 Saved 500 records in 1.23s (407 rec/s) | 12 15min, 244 hourly, 244 daily | Queue: 0
ERROR:cache_service:Error setting OHLC batch: Object of type datetime is not JSON serializable
INFO:root:💾 Saved 500 records in 1.20s (417 rec/s) | 9 15min, 245 hourly, 246 daily | Queue: 0
ERROR:cache_service:Error setting OHLC batch: Object of type datetime is not JSON serializable
INFO:root:💾 Saved 500 records in 1.07s (466 rec/s) | 8 15min, 246 hourly, 246 daily | Queue: 0
ERROR:cache_service:Error setting OHLC batch: Object of type datetime is not JSON serializable
INFO:root:💾 Saved 500 records in 1.38s (362 rec/s) | 10 15min, 245 hourly, 245 daily | Queue: 0
ERROR:cache_service:Error setting OHLC batch: Object of type datetime is not JSON serializable
INFO:root:💾 Saved 302 records in 1.79s (169 rec/s) | 4 15min, 149 hourly, 149 daily | Queue: 0
INFO:root:📊 STATUS: 18,145,101 received | 18,117,840 processed | 27261 buffered | 2443 active | ProcQ: 0 | DBQ: 0 | 1,879,871 saved | Failed: 0 | Vol: TEXINFRA:145,321, DPWIRES:7,995
INFO:root:⏰ Interval update (60s): 09:48:12 UTC
INFO:root:📤 Queued 51645 ticks from 2542 instruments | Processing queue: 1
INFO:root:📊 STATUS: 18,172,560 received | 18,169,485 processed | 3075 buffered | 1159 active | ProcQ: 0 | DBQ: 0 | 1,879,871 saved | Failed: 0 | Vol: TEXINFRA:145,593, DPWIRES:8,015
ERROR:cache_service:Error setting OHLC batch: Object of type datetime is not JSON serializable
INFO:root:💾 Saved 500 records in 5.03s (99 rec/s) | 21 15min, 240 hourly, 239 daily | Queue: 0
ERROR:cache_service:Error setting OHLC batch: Object of type datetime is not JSON serializable
INFO:root:💾 Saved 500 records in 2.85s (175 rec/s) | 13 15min, 243 hourly, 244 daily | Queue: 0
ERROR:cache_service:Error setting OHLC batch: Object of type datetime is not JSON serializable
INFO:root:💾 Saved 500 records in 3.31s (151 rec/s) | 14 15min, 243 hourly, 243 daily | Queue: 0
ERROR:cache_service:Error setting OHLC batch: Object of type datetime is not JSON serializable
INFO:root:💾 Saved 500 records in 3.81s (131 rec/s) | 13 15min, 244 hourly, 243 daily | Queue: 0
ERROR:cache_service:Error setting OHLC batch: Object of type datetime is not JSON serializable
INFO:root:💾 Saved 500 records in 4.35s (115 rec/s) | 15 15min, 242 hourly, 243 daily | Queue: 0
ERROR:cache_service:Error setting OHLC batch: Object of type datetime is not JSON serializable
INFO:root:💾 Saved 500 records in 1.41s (354 rec/s) | 13 15min, 244 hourly, 243 daily | Queue: 0
ERROR:cache_service:Error setting OHLC batch: Object of type datetime is not JSON serializable
INFO:root:💾 Saved 500 records in 0.98s (510 rec/s) | 12 15min, 244 hourly, 244 daily | Queue: 0
ERROR:cache_service:Error setting OHLC batch: Object of type datetime is not JSON serializable
INFO:root:💾 Saved 500 records in 1.01s (496 rec/s) | 9 15min, 245 hourly, 246 daily | Queue: 0
ERROR:cache_service:Error setting OHLC batch: Object of type datetime is not JSON serializable
INFO:root:💾 Saved 500 records in 0.87s (575 rec/s) | 8 15min, 246 hourly, 246 daily | Queue: 0
ERROR:cache_service:Error setting OHLC batch: Object of type datetime is not JSON serializable
INFO:root:💾 Saved 500 records in 1.09s (459 rec/s) | 10 15min, 245 hourly, 245 daily | Queue: 0
ERROR:cache_service:Error setting OHLC batch: Object of type datetime is not JSON serializable
INFO:root:💾 Saved 216 records in 0.49s (438 rec/s) | 4 15min, 106 hourly, 106 daily | Queue: 0
INFO:root:📊 STATUS: 18,199,822 received | 18,169,485 processed | 30337 buffered | 2429 active | ProcQ: 0 | DBQ: 0 | 1,885,087 saved | Failed: 0 | Vol: TEXINFRA:145,593, DPWIRES:8,015
INFO:root:⏰ Interval update (60s): 09:49:12 UTC
INFO:root:📤 Queued 53667 ticks from 2541 instruments | Processing queue: 1
INFO:root:📊 STATUS: 18,225,635 received | 18,223,152 processed | 2483 buffered | 1002 active | ProcQ: 0 | DBQ: 0 | 1,885,087 saved | Failed: 0 | Vol: TEXINFRA:145,593, DPWIRES:8,015
ERROR:cache_service:Error setting OHLC batch: Object of type datetime is not JSON serializable
INFO:root:💾 Saved 500 records in 3.69s (135 rec/s) | 21 15min, 240 hourly, 239 daily | Queue: 0
ERROR:cache_service:Error setting OHLC batch: Object of type datetime is not JSON serializable
INFO:root:💾 Saved 500 records in 6.61s (76 rec/s) | 13 15min, 243 hourly, 244 daily | Queue: 0
ERROR:cache_service:Error setting OHLC batch: Object of type datetime is not JSON serializable
INFO:root:💾 Saved 500 records in 7.60s (66 rec/s) | 14 15min, 243 hourly, 243 daily | Queue: 0
ERROR:cache_service:Error setting OHLC batch: Object of type datetime is not JSON serializable
INFO:root:💾 Saved 500 records in 6.78s (74 rec/s) | 13 15min, 244 hourly, 243 daily | Queue: 0
ERROR:cache_service:Error setting OHLC batch: Object of type datetime is not JSON serializable
INFO:root:💾 Saved 500 records in 6.15s (81 rec/s) | 15 15min, 242 hourly, 243 daily | Queue: 0
INFO:root:📊 STATUS: 18,251,037 received | 18,223,152 processed | 27885 buffered | 2431 active | ProcQ: 0 | DBQ: 0 | 1,887,587 saved | Failed: 0 | Vol: TEXINFRA:145,593, DPWIRES:8,015
ERROR:cache_service:Error setting OHLC batch: Object of type datetime is not JSON serializable
INFO:root:💾 Saved 500 records in 6.49s (77 rec/s) | 13 15min, 244 hourly, 243 daily | Queue: 0
ERROR:cache_service:Error setting OHLC batch: Object of type datetime is not JSON serializable
INFO:root:💾 Saved 500 records in 7.46s (67 rec/s) | 12 15min, 244 hourly, 244 daily | Queue: 0
INFO:root:⏰ Interval update (60s): 09:50:12 UTC
INFO:root:📤 Queued 50814 ticks from 2578 instruments | Processing queue: 1
ERROR:cache_service:Error setting OHLC batch: Object of type datetime is not JSON serializable
INFO:root:💾 Saved 500 records in 17.86s (28 rec/s) | 9 15min, 245 hourly, 246 daily | Queue: 1
INFO:root:📊 STATUS: 18,277,100 received | 18,273,966 processed | 3134 buffered | 1418 active | ProcQ: 0 | DBQ: 1 | 1,889,087 saved | Failed: 0 | Vol: TEXINFRA:145,601, DPWIRES:8,205
ERROR:cache_service:Error setting OHLC batch: Object of type datetime is not JSON serializable
INFO:root:💾 Saved 500 records in 12.70s (39 rec/s) | 8 15min, 246 hourly, 246 daily | Queue: 1
ERROR:cache_service:Error setting OHLC batch: Object of type datetime is not JSON serializable
INFO:root:💾 Saved 500 records in 6.38s (78 rec/s) | 10 15min, 245 hourly, 245 daily | Queue: 1
ERROR:cache_service:Error setting OHLC batch: Object of type datetime is not JSON serializable
INFO:root:💾 Saved 214 records in 3.51s (61 rec/s) | 4 15min, 105 hourly, 105 daily | Queue: 1
ERROR:cache_service:Error setting OHLC batch: Object of type datetime is not JSON serializable
INFO:root:💾 Saved 500 records in 6.22s (80 rec/s) | 21 15min, 240 hourly, 239 daily | Queue: 0
INFO:root:📊 STATUS: 18,302,996 received | 18,273,966 processed | 29030 buffered | 2527 active | ProcQ: 0 | DBQ: 0 | 1,890,801 saved | Failed: 0 | Vol: TEXINFRA:145,601, DPWIRES:8,205
INFO:root:⏰ Interval update (60s): 09:51:12 UTC
INFO:root:📤 Queued 52719 ticks from 2615 instruments | Processing queue: 1
INFO:root:📊 STATUS: 18,330,389 received | 18,326,685 processed | 3704 buffered | 1185 active | ProcQ: 0 | DBQ: 1 | 1,890,801 saved | Failed: 0 | Vol: TEXINFRA:146,229, DPWIRES:8,255
ERROR:cache_service:Error setting OHLC batch: Object of type datetime is not JSON serializable
INFO:root:💾 Saved 500 records in 42.88s (12 rec/s) | 13 15min, 243 hourly, 244 daily | Queue: 1
ERROR:cache_service:Error setting OHLC batch: Object of type datetime is not JSON serializable
INFO:root:💾 Saved 500 records in 10.31s (48 rec/s) | 15 15min, 243 hourly, 242 daily | Queue: 1
INFO:root:📊 STATUS: 18,356,963 received | 18,326,685 processed | 30278 buffered | 2512 active | ProcQ: 0 | DBQ: 1 | 1,891,801 saved | Failed: 0 | Vol: TEXINFRA:146,229, DPWIRES:8,255
ERROR:cache_service:Error setting OHLC batch: Object of type datetime is not JSON serializable
INFO:root:💾 Saved 500 records in 15.85s (32 rec/s) | 13 15min, 243 hourly, 244 daily | Queue: 1
INFO:root:⏰ Interval update (60s): 09:52:12 UTC
INFO:root:📤 Queued 53105 ticks from 2630 instruments | Processing queue: 1
INFO:root:📊 STATUS: 18,383,138 received | 18,379,790 processed | 3348 buffered | 1526 active | ProcQ: 0 | DBQ: 2 | 1,892,301 saved | Failed: 0 | Vol: TEXINFRA:146,277, DPWIRES:8,255
ERROR:cache_service:Error setting OHLC batch: Object of type datetime is not JSON serializable
INFO:root:💾 Saved 500 records in 31.37s (16 rec/s) | 15 15min, 243 hourly, 242 daily | Queue: 2
INFO:root:📊 STATUS: 18,408,898 received | 18,379,790 processed | 29108 buffered | 2439 active | ProcQ: 0 | DBQ: 2 | 1,892,801 saved | Failed: 0 | Vol: TEXINFRA:146,277, DPWIRES:8,255
INFO:root:⏰ Interval update (60s): 09:53:12 UTC
INFO:root:📤 Queued 51259 ticks from 2569 instruments | Processing queue: 1
INFO:root:📊 STATUS: 18,434,475 received | 18,431,049 processed | 3426 buffered | 1417 active | ProcQ: 0 | DBQ: 3 | 1,892,801 saved | Failed: 0 | Vol: TEXINFRA:147,097, DPWIRES:8,310
ERROR:cache_service:Error setting OHLC batch: Object of type datetime is not JSON serializable
INFO:root:💾 Saved 500 records in 76.75s (7 rec/s) | 12 15min, 244 hourly, 244 daily | Queue: 3
INFO:root:📊 STATUS: 18,460,331 received | 18,431,049 processed | 29282 buffered | 2420 active | ProcQ: 0 | DBQ: 3 | 1,893,301 saved | Failed: 0 | Vol: TEXINFRA:147,097, DPWIRES:8,310
ERROR:cache_service:Error setting OHLC batch: Object of type datetime is not JSON serializable
INFO:root:💾 Saved 500 records in 16.13s (31 rec/s) | 12 15min, 244 hourly, 244 daily | Queue: 3
ERROR:cache_service:Error setting OHLC batch: Object of type datetime is not JSON serializable
INFO:root:💾 Saved 500 records in 9.12s (55 rec/s) | 9 15min, 245 hourly, 246 daily | Queue: 3
INFO:root:⏰ Interval update (60s): 09:54:13 UTC
INFO:root:📤 Queued 52606 ticks from 2542 instruments | Processing queue: 1
INFO:root:📊 STATUS: 18,487,726 received | 18,483,655 processed | 4071 buffered | 1640 active | ProcQ: 0 | DBQ: 4 | 1,894,301 saved | Failed: 0 | Vol: TEXINFRA:149,592, DPWIRES:8,310
ERROR:cache_service:Error setting OHLC batch: Object of type datetime is not JSON serializable
INFO:root:💾 Saved 500 records in 11.81s (42 rec/s) | 8 15min, 246 hourly, 246 daily | Queue: 4
ERROR:cache_service:Error setting OHLC batch: Object of type datetime is not JSON serializable
INFO:root:💾 Saved 500 records in 28.10s (18 rec/s) | 10 15min, 245 hourly, 245 daily | Queue: 4
INFO:root:📊 STATUS: 18,514,895 received | 18,483,655 processed | 31240 buffered | 2474 active | ProcQ: 0 | DBQ: 4 | 1,895,301 saved | Failed: 0 | Vol: TEXINFRA:149,592, DPWIRES:8,310
ERROR:cache_service:Error setting OHLC batch: Object of type datetime is not JSON serializable
INFO:root:💾 Saved 288 records in 10.40s (28 rec/s) | 4 15min, 142 hourly, 142 daily | Queue: 4
ERROR:cache_service:Error setting OHLC batch: Object of type datetime is not JSON serializable
INFO:root:💾 Saved 500 records in 5.09s (98 rec/s) | 21 15min, 240 hourly, 239 daily | Queue: 3
ERROR:cache_service:Error setting OHLC batch: Object of type datetime is not JSON serializable
INFO:root:💾 Saved 500 records in 5.47s (91 rec/s) | 13 15min, 243 hourly, 244 daily | Queue: 3
ERROR:cache_service:Error setting OHLC batch: Object of type datetime is not JSON serializable
INFO:root:💾 Saved 500 records in 4.32s (116 rec/s) | 14 15min, 243 hourly, 243 daily | Queue: 3
INFO:root:⏰ Interval update (60s): 09:55:13 UTC
INFO:root:📤 Queued 52747 ticks from 2587 instruments | Processing queue: 1
ERROR:cache_service:Error setting OHLC batch: Object of type datetime is not JSON serializable
INFO:root:💾 Saved 500 records in 3.81s (131 rec/s) | 13 15min, 244 hourly, 243 daily | Queue: 4
INFO:root:📊 STATUS: 18,539,657 received | 18,536,402 processed | 3255 buffered | 1491 active | ProcQ: 0 | DBQ: 4 | 1,897,589 saved | Failed: 0 | Vol: TEXINFRA:149,601, DPWIRES:8,351
ERROR:cache_service:Error setting OHLC batch: Object of type datetime is not JSON serializable
INFO:root:💾 Saved 500 records in 3.77s (132 rec/s) | 11 15min, 244 hourly, 245 daily | Queue: 4
ERROR:cache_service:Error setting OHLC batch: Object of type datetime is not JSON serializable
INFO:root:💾 Saved 500 records in 8.32s (60 rec/s) | 17 15min, 242 hourly, 241 daily | Queue: 4
ERROR:cache_service:Error setting OHLC batch: Object of type datetime is not JSON serializable
INFO:root:💾 Saved 500 records in 7.64s (65 rec/s) | 12 15min, 244 hourly, 244 daily | Queue: 4
ERROR:cache_service:Error setting OHLC batch: Object of type datetime is not JSON serializable
INFO:root:💾 Saved 500 records in 5.33s (94 rec/s) | 6 15min, 247 hourly, 247 daily | Queue: 4
ERROR:cache_service:Error setting OHLC batch: Object of type datetime is not JSON serializable
INFO:root:💾 Saved 500 records in 4.01s (125 rec/s) | 11 15min, 244 hourly, 245 daily | Queue: 4
INFO:root:📊 STATUS: 18,564,380 received | 18,536,402 processed | 27978 buffered | 2446 active | ProcQ: 0 | DBQ: 4 | 1,900,089 saved | Failed: 0 | Vol: TEXINFRA:149,601, DPWIRES:8,351
ERROR:cache_service:Error setting OHLC batch: Object of type datetime is not JSON serializable
INFO:root:💾 Saved 500 records in 5.30s (94 rec/s) | 6 15min, 247 hourly, 247 daily | Queue: 4
ERROR:cache_service:Error setting OHLC batch: Object of type datetime is not JSON serializable
INFO:root:💾 Saved 362 records in 4.60s (79 rec/s) | 8 15min, 177 hourly, 177 daily | Queue: 4
ERROR:cache_service:Error setting OHLC batch: Object of type datetime is not JSON serializable
INFO:root:💾 Saved 500 records in 3.30s (152 rec/s) | 21 15min, 240 hourly, 239 daily | Queue: 3
ERROR:cache_service:Error setting OHLC batch: Object of type datetime is not JSON serializable
INFO:root:💾 Saved 500 records in 2.59s (193 rec/s) | 13 15min, 243 hourly, 244 daily | Queue: 3
ERROR:cache_service:Error setting OHLC batch: Object of type datetime is not JSON serializable
INFO:root:💾 Saved 500 records in 2.08s (241 rec/s) | 14 15min, 243 hourly, 243 daily | Queue: 3
ERROR:cache_service:Error setting OHLC batch: Object of type datetime is not JSON serializable
INFO:root:💾 Saved 500 records in 2.05s (244 rec/s) | 13 15min, 244 hourly, 243 daily | Queue: 3
ERROR:cache_service:Error setting OHLC batch: Object of type datetime is not JSON serializable
INFO:root:💾 Saved 500 records in 1.94s (258 rec/s) | 10 15min, 245 hourly, 245 daily | Queue: 3
ERROR:cache_service:Error setting OHLC batch: Object of type datetime is not JSON serializable
INFO:root:💾 Saved 500 records in 2.30s (217 rec/s) | 17 15min, 241 hourly, 242 daily | Queue: 3
ERROR:cache_service:Error setting OHLC batch: Object of type datetime is not JSON serializable
INFO:root:💾 Saved 500 records in 2.29s (218 rec/s) | 10 15min, 245 hourly, 245 daily | Queue: 3
INFO:root:⏰ Interval update (60s): 09:56:13 UTC
INFO:root:📤 Queued 49745 ticks from 2590 instruments | Processing queue: 1
ERROR:cache_service:Error setting OHLC batch: Object of type datetime is not JSON serializable
INFO:root:💾 Saved 500 records in 2.29s (219 rec/s) | 9 15min, 246 hourly, 245 daily | Queue: 3
ERROR:cache_service:Error setting OHLC batch: Object of type datetime is not JSON serializable
INFO:root:💾 Saved 500 records in 2.38s (210 rec/s) | 11 15min, 244 hourly, 245 daily | Queue: 4
INFO:root:📊 STATUS: 18,589,291 received | 18,586,147 processed | 3144 buffered | 1412 active | ProcQ: 0 | DBQ: 4 | 1,905,451 saved | Failed: 0 | Vol: TEXINFRA:149,660, DPWIRES:8,353
ERROR:cache_service:Error setting OHLC batch: Object of type datetime is not JSON serializable
INFO:root:💾 Saved 500 records in 2.58s (194 rec/s) | 6 15min, 247 hourly, 247 daily | Queue: 4
ERROR:cache_service:Error setting OHLC batch: Object of type datetime is not JSON serializable
INFO:root:💾 Saved 392 records in 2.23s (176 rec/s) | 8 15min, 192 hourly, 192 daily | Queue: 4
ERROR:cache_service:Error setting OHLC batch: Object of type datetime is not JSON serializable
INFO:root:💾 Saved 500 records in 1.89s (264 rec/s) | 21 15min, 240 hourly, 239 daily | Queue: 3
ERROR:cache_service:Error setting OHLC batch: Object of type datetime is not JSON serializable
INFO:root:💾 Saved 500 records in 1.86s (269 rec/s) | 13 15min, 243 hourly, 244 daily | Queue: 3
ERROR:cache_service:Error setting OHLC batch: Object of type datetime is not JSON serializable
INFO:root:💾 Saved 500 records in 1.55s (322 rec/s) | 14 15min, 243 hourly, 243 daily | Queue: 3
ERROR:cache_service:Error setting OHLC batch: Object of type datetime is not JSON serializable
INFO:root:💾 Saved 500 records in 1.76s (285 rec/s) | 13 15min, 244 hourly, 243 daily | Queue: 3
ERROR:cache_service:Error setting OHLC batch: Object of type datetime is not JSON serializable
INFO:root:💾 Saved 500 records in 1.58s (316 rec/s) | 15 15min, 242 hourly, 243 daily | Queue: 3
ERROR:cache_service:Error setting OHLC batch: Object of type datetime is not JSON serializable
INFO:root:💾 Saved 500 records in 1.32s (379 rec/s) | 13 15min, 244 hourly, 243 daily | Queue: 3
ERROR:cache_service:Error setting OHLC batch: Object of type datetime is not JSON serializable
INFO:root:💾 Saved 500 records in 0.81s (619 rec/s) | 12 15min, 244 hourly, 244 daily | Queue: 3
ERROR:cache_service:Error setting OHLC batch: Object of type datetime is not JSON serializable
INFO:root:💾 Saved 500 records in 0.84s (598 rec/s) | 9 15min, 245 hourly, 246 daily | Queue: 3
ERROR:cache_service:Error setting OHLC batch: Object of type datetime is not JSON serializable
INFO:root:💾 Saved 500 records in 0.63s (788 rec/s) | 8 15min, 246 hourly, 246 daily | Queue: 3
ERROR:cache_service:Error setting OHLC batch: Object of type datetime is not JSON serializable
INFO:root:💾 Saved 500 records in 0.79s (629 rec/s) | 10 15min, 245 hourly, 245 daily | Queue: 3
ERROR:cache_service:Error setting OHLC batch: Object of type datetime is not JSON serializable
INFO:root:💾 Saved 270 records in 0.18s (1482 rec/s) | 4 15min, 133 hourly, 133 daily | Queue: 3
ERROR:cache_service:Error setting OHLC batch: Object of type datetime is not JSON serializable
INFO:root:💾 Saved 500 records in 0.38s (1311 rec/s) | 21 15min, 240 hourly, 239 daily | Queue: 2
ERROR:cache_service:Error setting OHLC batch: Object of type datetime is not JSON serializable
INFO:root:💾 Saved 500 records in 0.36s (1392 rec/s) | 13 15min, 243 hourly, 244 daily | Queue: 2
ERROR:cache_service:Error setting OHLC batch: Object of type datetime is not JSON serializable
INFO:root:💾 Saved 500 records in 0.66s (763 rec/s) | 14 15min, 243 hourly, 243 daily | Queue: 2
ERROR:cache_service:Error setting OHLC batch: Object of type datetime is not JSON serializable
INFO:root:💾 Saved 500 records in 0.27s (1876 rec/s) | 12 15min, 244 hourly, 244 daily | Queue: 2
ERROR:cache_service:Error setting OHLC batch: Object of type datetime is not JSON serializable
INFO:root:💾 Saved 500 records in 0.29s (1722 rec/s) | 15 15min, 243 hourly, 242 daily | Queue: 2
ERROR:cache_service:Error setting OHLC batch: Object of type datetime is not JSON serializable
INFO:root:💾 Saved 500 records in 0.19s (2576 rec/s) | 13 15min, 243 hourly, 244 daily | Queue: 2
ERROR:cache_service:Error setting OHLC batch: Object of type datetime is not JSON serializable
INFO:root:💾 Saved 500 records in 0.33s (1500 rec/s) | 12 15min, 244 hourly, 244 daily | Queue: 2
ERROR:cache_service:Error setting OHLC batch: Object of type datetime is not JSON serializable
INFO:root:💾 Saved 500 records in 0.18s (2797 rec/s) | 10 15min, 245 hourly, 245 daily | Queue: 2
ERROR:cache_service:Error setting OHLC batch: Object of type datetime is not JSON serializable
INFO:root:💾 Saved 500 records in 0.29s (1742 rec/s) | 8 15min, 246 hourly, 246 daily | Queue: 2
ERROR:cache_service:Error setting OHLC batch: Object of type datetime is not JSON serializable
INFO:root:💾 Saved 500 records in 0.18s (2799 rec/s) | 10 15min, 245 hourly, 245 daily | Queue: 2
ERROR:cache_service:Error setting OHLC batch: Object of type datetime is not JSON serializable
INFO:root:💾 Saved 216 records in 0.10s (2185 rec/s) | 4 15min, 106 hourly, 106 daily | Queue: 2
ERROR:cache_service:Error setting OHLC batch: Object of type datetime is not JSON serializable
INFO:root:💾 Saved 500 records in 0.20s (2520 rec/s) | 21 15min, 240 hourly, 239 daily | Queue: 1
ERROR:cache_service:Error setting OHLC batch: Object of type datetime is not JSON serializable
INFO:root:💾 Saved 500 records in 0.28s (1786 rec/s) | 13 15min, 243 hourly, 244 daily | Queue: 1
ERROR:cache_service:Error setting OHLC batch: Object of type datetime is not JSON serializable
INFO:root:💾 Saved 500 records in 0.27s (1834 rec/s) | 14 15min, 243 hourly, 243 daily | Queue: 1
ERROR:cache_service:Error setting OHLC batch: Object of type datetime is not JSON serializable
INFO:root:💾 Saved 500 records in 0.17s (2946 rec/s) | 13 15min, 244 hourly, 243 daily | Queue: 1
ERROR:cache_service:Error setting OHLC batch: Object of type datetime is not JSON serializable
INFO:root:💾 Saved 500 records in 0.21s (2336 rec/s) | 15 15min, 242 hourly, 243 daily | Queue: 1
ERROR:cache_service:Error setting OHLC batch: Object of type datetime is not JSON serializable
INFO:root:💾 Saved 500 records in 0.32s (1566 rec/s) | 13 15min, 244 hourly, 243 daily | Queue: 1
ERROR:cache_service:Error setting OHLC batch: Object of type datetime is not JSON serializable
INFO:root:💾 Saved 500 records in 0.19s (2665 rec/s) | 12 15min, 244 hourly, 244 daily | Queue: 1
ERROR:cache_service:Error setting OHLC batch: Object of type datetime is not JSON serializable
INFO:root:💾 Saved 500 records in 0.24s (2110 rec/s) | 9 15min, 245 hourly, 246 daily | Queue: 1
ERROR:cache_service:Error setting OHLC batch: Object of type datetime is not JSON serializable
INFO:root:💾 Saved 500 records in 0.30s (1681 rec/s) | 8 15min, 246 hourly, 246 daily | Queue: 1
ERROR:cache_service:Error setting OHLC batch: Object of type datetime is not JSON serializable
INFO:root:💾 Saved 500 records in 0.30s (1645 rec/s) | 10 15min, 245 hourly, 245 daily | Queue: 1
ERROR:cache_service:Error setting OHLC batch: Object of type datetime is not JSON serializable
INFO:root:💾 Saved 306 records in 0.18s (1675 rec/s) | 4 15min, 151 hourly, 151 daily | Queue: 1
ERROR:cache_service:Error setting OHLC batch: Object of type datetime is not JSON serializable
INFO:root:💾 Saved 500 records in 0.12s (4133 rec/s) | 21 15min, 240 hourly, 239 daily | Queue: 0
ERROR:cache_service:Error setting OHLC batch: Object of type datetime is not JSON serializable
INFO:root:💾 Saved 500 records in 0.21s (2363 rec/s) | 13 15min, 243 hourly, 244 daily | Queue: 0
ERROR:cache_service:Error setting OHLC batch: Object of type datetime is not JSON serializable
INFO:root:💾 Saved 500 records in 0.26s (1959 rec/s) | 14 15min, 243 hourly, 243 daily | Queue: 0
ERROR:cache_service:Error setting OHLC batch: Object of type datetime is not JSON serializable
INFO:root:💾 Saved 500 records in 0.15s (3392 rec/s) | 13 15min, 244 hourly, 243 daily | Queue: 0
ERROR:cache_service:Error setting OHLC batch: Object of type datetime is not JSON serializable
INFO:root:💾 Saved 500 records in 0.10s (4850 rec/s) | 12 15min, 244 hourly, 244 daily | Queue: 0
ERROR:cache_service:Error setting OHLC batch: Object of type datetime is not JSON serializable
INFO:root:💾 Saved 500 records in 0.14s (3622 rec/s) | 16 15min, 242 hourly, 242 daily | Queue: 0
ERROR:cache_service:Error setting OHLC batch: Object of type datetime is not JSON serializable
INFO:root:💾 Saved 500 records in 0.20s (2469 rec/s) | 12 15min, 244 hourly, 244 daily | Queue: 0
ERROR:cache_service:Error setting OHLC batch: Object of type datetime is not JSON serializable
INFO:root:💾 Saved 500 records in 0.13s (3768 rec/s) | 6 15min, 247 hourly, 247 daily | Queue: 0
ERROR:cache_service:Error setting OHLC batch: Object of type datetime is not JSON serializable
INFO:root:💾 Saved 500 records in 0.19s (2646 rec/s) | 11 15min, 244 hourly, 245 daily | Queue: 0
ERROR:cache_service:Error setting OHLC batch: Object of type datetime is not JSON serializable
INFO:root:💾 Saved 500 records in 0.23s (2190 rec/s) | 10 15min, 245 hourly, 245 daily | Queue: 0
ERROR:cache_service:Error setting OHLC batch: Object of type datetime is not JSON serializable
INFO:root:💾 Saved 312 records in 0.24s (1278 rec/s) | 4 15min, 154 hourly, 154 daily | Queue: 0
INFO:root:📊 STATUS: 18,614,831 received | 18,586,147 processed | 28684 buffered | 2482 active | ProcQ: 0 | DBQ: 0 | 1,927,447 saved | Failed: 0 | Vol: TEXINFRA:149,660, DPWIRES:8,353
INFO:root:⏰ Interval update (60s): 09:57:13 UTC
INFO:root:📤 Queued 51902 ticks from 2595 instruments | Processing queue: 1
ERROR:cache_service:Error setting OHLC batch: Object of type datetime is not JSON serializable
INFO:root:💾 Saved 500 records in 1.46s (342 rec/s) | 21 15min, 240 hourly, 239 daily | Queue: 0
ERROR:cache_service:Error setting OHLC batch: Object of type datetime is not JSON serializable
INFO:root:💾 Saved 500 records in 1.13s (444 rec/s) | 13 15min, 243 hourly, 244 daily | Queue: 0
INFO:root:📊 STATUS: 18,642,173 received | 18,638,049 processed | 4124 buffered | 1483 active | ProcQ: 0 | DBQ: 0 | 1,928,447 saved | Failed: 0 | Vol: TEXINFRA:149,660, DPWIRES:8,354
ERROR:cache_service:Error setting OHLC batch: Object of type datetime is not JSON serializable
INFO:root:💾 Saved 500 records in 1.78s (281 rec/s) | 14 15min, 243 hourly, 243 daily | Queue: 0
ERROR:cache_service:Error setting OHLC batch: Object of type datetime is not JSON serializable
INFO:root:💾 Saved 500 records in 2.99s (167 rec/s) | 13 15min, 244 hourly, 243 daily | Queue: 0
ERROR:cache_service:Error setting OHLC batch: Object of type datetime is not JSON serializable
INFO:root:💾 Saved 500 records in 3.10s (161 rec/s) | 10 15min, 245 hourly, 245 daily | Queue: 0
ERROR:cache_service:Error setting OHLC batch: Object of type datetime is not JSON serializable
INFO:root:💾 Saved 500 records in 3.86s (130 rec/s) | 18 15min, 241 hourly, 241 daily | Queue: 0
ERROR:cache_service:Error setting OHLC batch: Object of type datetime is not JSON serializable
INFO:root:💾 Saved 500 records in 1.91s (262 rec/s) | 12 15min, 244 hourly, 244 daily | Queue: 0
ERROR:cache_service:Error setting OHLC batch: Object of type datetime is not JSON serializable
INFO:root:💾 Saved 500 records in 1.79s (280 rec/s) | 6 15min, 247 hourly, 247 daily | Queue: 0
ERROR:cache_service:Error setting OHLC batch: Object of type datetime is not JSON serializable
INFO:root:💾 Saved 500 records in 1.67s (300 rec/s) | 11 15min, 244 hourly, 245 daily | Queue: 0
ERROR:cache_service:Error setting OHLC batch: Object of type datetime is not JSON serializable
INFO:root:💾 Saved 500 records in 1.73s (288 rec/s) | 10 15min, 245 hourly, 245 daily | Queue: 0
ERROR:cache_service:Error setting OHLC batch: Object of type datetime is not JSON serializable
INFO:root:💾 Saved 322 records in 0.95s (341 rec/s) | 4 15min, 159 hourly, 159 daily | Queue: 0
INFO:root:📊 STATUS: 18,669,390 received | 18,638,049 processed | 31341 buffered | 2550 active | ProcQ: 0 | DBQ: 0 | 1,932,769 saved | Failed: 0 | Vol: TEXINFRA:149,660, DPWIRES:8,354
INFO:root:⏰ Interval update (60s): 09:58:13 UTC
INFO:root:📤 Queued 53875 ticks from 2658 instruments | Processing queue: 1
ERROR:cache_service:Error setting OHLC batch: Object of type datetime is not JSON serializable
INFO:root:💾 Saved 500 records in 1.04s (479 rec/s) | 21 15min, 240 hourly, 239 daily | Queue: 0
ERROR:cache_service:Error setting OHLC batch: Object of type datetime is not JSON serializable
INFO:root:💾 Saved 500 records in 1.07s (469 rec/s) | 8 15min, 246 hourly, 246 daily | Queue: 0
ERROR:cache_service:Error setting OHLC batch: Object of type datetime is not JSON serializable
INFO:root:💾 Saved 500 records in 1.06s (472 rec/s) | 20 15min, 240 hourly, 240 daily | Queue: 0
INFO:root:📊 STATUS: 18,695,371 received | 18,691,924 processed | 3447 buffered | 1508 active | ProcQ: 0 | DBQ: 0 | 1,934,269 saved | Failed: 0 | Vol: TEXINFRA:150,079, DPWIRES:8,495
ERROR:cache_service:Error setting OHLC batch: Object of type datetime is not JSON serializable
INFO:root:💾 Saved 500 records in 0.84s (596 rec/s) | 13 15min, 243 hourly, 244 daily | Queue: 0
ERROR:cache_service:Error setting OHLC batch: Object of type datetime is not JSON serializable
INFO:root:💾 Saved 500 records in 0.50s (995 rec/s) | 10 15min, 245 hourly, 245 daily | Queue: 0
ERROR:cache_service:Error setting OHLC batch: Object of type datetime is not JSON serializable
INFO:root:💾 Saved 500 records in 0.29s (1717 rec/s) | 13 15min, 244 hourly, 243 daily | Queue: 0
ERROR:cache_service:Error setting OHLC batch: Object of type datetime is not JSON serializable
INFO:root:💾 Saved 500 records in 0.30s (1688 rec/s) | 13 15min, 243 hourly, 244 daily | Queue: 0
ERROR:cache_service:Error setting OHLC batch: Object of type datetime is not JSON serializable
INFO:root:💾 Saved 500 records in 0.24s (2097 rec/s) | 9 15min, 246 hourly, 245 daily | Queue: 0
ERROR:cache_service:Error setting OHLC batch: Object of type datetime is not JSON serializable
INFO:root:💾 Saved 500 records in 0.28s (1797 rec/s) | 8 15min, 246 hourly, 246 daily | Queue: 0
ERROR:cache_service:Error setting OHLC batch: Object of type datetime is not JSON serializable
INFO:root:💾 Saved 500 records in 0.25s (1982 rec/s) | 9 15min, 245 hourly, 246 daily | Queue: 0
ERROR:cache_service:Error setting OHLC batch: Object of type datetime is not JSON serializable
INFO:root:💾 Saved 448 records in 0.23s (1913 rec/s) | 8 15min, 220 hourly, 220 daily | Queue: 0
INFO:root:📊 STATUS: 18,721,734 received | 18,691,924 processed | 29810 buffered | 2514 active | ProcQ: 0 | DBQ: 0 | 1,938,217 saved | Failed: 0 | Vol: TEXINFRA:150,079, DPWIRES:8,495
INFO:root:⏰ Interval update (60s): 09:59:13 UTC
INFO:root:📤 Queued 52191 ticks from 2635 instruments | Processing queue: 1
ERROR:cache_service:Error setting OHLC batch: Object of type datetime is not JSON serializable
INFO:root:💾 Saved 500 records in 0.16s (3065 rec/s) | 21 15min, 240 hourly, 239 daily | Queue: 0
ERROR:cache_service:Error setting OHLC batch: Object of type datetime is not JSON serializable
INFO:root:💾 Saved 500 records in 0.13s (3790 rec/s) | 13 15min, 243 hourly, 244 daily | Queue: 0
ERROR:cache_service:Error setting OHLC batch: Object of type datetime is not JSON serializable
INFO:root:💾 Saved 500 records in 0.14s (3617 rec/s) | 14 15min, 243 hourly, 243 daily | Queue: 0
ERROR:cache_service:Error setting OHLC batch: Object of type datetime is not JSON serializable
INFO:root:💾 Saved 500 records in 0.17s (2994 rec/s) | 13 15min, 244 hourly, 243 daily | Queue: 0
ERROR:cache_service:Error setting OHLC batch: Object of type datetime is not JSON serializable
INFO:root:💾 Saved 500 records in 0.12s (4135 rec/s) | 10 15min, 245 hourly, 245 daily | Queue: 0
ERROR:cache_service:Error setting OHLC batch: Object of type datetime is not JSON serializable
INFO:root:💾 Saved 500 records in 0.12s (4049 rec/s) | 18 15min, 241 hourly, 241 daily | Queue: 0
ERROR:cache_service:Error setting OHLC batch: Object of type datetime is not JSON serializable
INFO:root:💾 Saved 500 records in 0.12s (4004 rec/s) | 9 15min, 245 hourly, 246 daily | Queue: 0
ERROR:cache_service:Error setting OHLC batch: Object of type datetime is not JSON serializable
INFO:root:💾 Saved 500 records in 0.10s (5181 rec/s) | 9 15min, 246 hourly, 245 daily | Queue: 0
ERROR:cache_service:Error setting OHLC batch: Object of type datetime is not JSON serializable
INFO:root:💾 Saved 500 records in 0.11s (4479 rec/s) | 11 15min, 244 hourly, 245 daily | Queue: 0
ERROR:cache_service:Error setting OHLC batch: Object of type datetime is not JSON serializable
INFO:root:💾 Saved 500 records in 0.14s (3482 rec/s) | 6 15min, 247 hourly, 247 daily | Queue: 0
ERROR:cache_service:Error setting OHLC batch: Object of type datetime is not JSON serializable
INFO:root:💾 Saved 402 records in 0.13s (3076 rec/s) | 8 15min, 197 hourly, 197 daily | Queue: 0
INFO:root:📊 STATUS: 18,747,473 received | 18,744,115 processed | 3358 buffered | 1400 active | ProcQ: 0 | DBQ: 0 | 1,943,619 saved | Failed: 0 | Vol: TEXINFRA:150,381, DPWIRES:8,520
INFO:root:📊 STATUS: 18,771,680 received | 18,744,115 processed | 27565 buffered | 2525 active | ProcQ: 0 | DBQ: 0 | 1,943,619 saved | Failed: 0 | Vol: TEXINFRA:150,381, DPWIRES:8,520
INFO:root:🕐 New hour detected (UTC): 2026-04-28 10:00:00+00:00
INFO:root:📤 Queued 36584 ticks from 2560 instruments | Processing queue: 1
ERROR:cache_service:Error setting OHLC batch: Object of type datetime is not JSON serializable
INFO:root:💾 Saved 500 records in 0.36s (1400 rec/s) | 21 15min, 240 hourly, 239 daily | Queue: 0
ERROR:cache_service:Error setting OHLC batch: Object of type datetime is not JSON serializable
INFO:root:💾 Saved 500 records in 0.26s (1909 rec/s) | 13 15min, 243 hourly, 244 daily | Queue: 0
ERROR:cache_service:Error setting OHLC batch: Object of type datetime is not JSON serializable
INFO:root:💾 Saved 500 records in 0.18s (2721 rec/s) | 14 15min, 243 hourly, 243 daily | Queue: 0
ERROR:cache_service:Error setting OHLC batch: Object of type datetime is not JSON serializable
INFO:root:💾 Saved 500 records in 0.19s (2695 rec/s) | 13 15min, 244 hourly, 243 daily | Queue: 0
ERROR:cache_service:Error setting OHLC batch: Object of type datetime is not JSON serializable
INFO:root:💾 Saved 500 records in 0.17s (2868 rec/s) | 15 15min, 242 hourly, 243 daily | Queue: 0
ERROR:cache_service:Error setting OHLC batch: Object of type datetime is not JSON serializable
INFO:root:💾 Saved 500 records in 0.25s (2024 rec/s) | 13 15min, 244 hourly, 243 daily | Queue: 0
ERROR:cache_service:Error setting OHLC batch: Object of type datetime is not JSON serializable
INFO:root:💾 Saved 500 records in 0.19s (2681 rec/s) | 12 15min, 244 hourly, 244 daily | Queue: 0
ERROR:cache_service:Error setting OHLC batch: Object of type datetime is not JSON serializable
INFO:root:💾 Saved 500 records in 0.16s (3131 rec/s) | 9 15min, 245 hourly, 246 daily | Queue: 0
ERROR:cache_service:Error setting OHLC batch: Object of type datetime is not JSON serializable
INFO:root:💾 Saved 500 records in 0.20s (2481 rec/s) | 8 15min, 246 hourly, 246 daily | Queue: 0
ERROR:cache_service:Error setting OHLC batch: Object of type datetime is not JSON serializable
INFO:root:💾 Saved 500 records in 0.24s (2093 rec/s) | 10 15min, 245 hourly, 245 daily | Queue: 0
ERROR:cache_service:Error setting OHLC batch: Object of type datetime is not JSON serializable
INFO:root:💾 Saved 252 records in 0.09s (2790 rec/s) | 4 15min, 124 hourly, 124 daily | Queue: 0
INFO:root:⏰ Interval update (60s): 10:00:14 UTC
INFO:root:📤 Queued 8395 ticks from 2008 instruments | Processing queue: 1
ERROR:cache_service:Error setting OHLC batch: Object of type datetime is not JSON serializable
INFO:root:💾 Saved 500 records in 0.11s (4421 rec/s) | 24 15min, 238 hourly, 238 daily | Queue: 0
ERROR:cache_service:Error setting OHLC batch: Object of type datetime is not JSON serializable
INFO:root:💾 Saved 500 records in 0.12s (4258 rec/s) | 15 15min, 243 hourly, 242 daily | Queue: 0
ERROR:cache_service:Error setting OHLC batch: Object of type datetime is not JSON serializable
INFO:root:💾 Saved 500 records in 0.11s (4744 rec/s) | 19 15min, 240 hourly, 241 daily | Queue: 0
ERROR:cache_service:Error setting OHLC batch: Object of type datetime is not JSON serializable
INFO:root:💾 Saved 500 records in 0.13s (3726 rec/s) | 18 15min, 241 hourly, 241 daily | Queue: 0
ERROR:cache_service:Error setting OHLC batch: Object of type datetime is not JSON serializable
INFO:root:💾 Saved 500 records in 0.11s (4635 rec/s) | 18 15min, 241 hourly, 241 daily | Queue: 0
ERROR:cache_service:Error setting OHLC batch: Object of type datetime is not JSON serializable
INFO:root:💾 Saved 500 records in 0.09s (5719 rec/s) | 12 15min, 244 hourly, 244 daily | Queue: 0
ERROR:cache_service:Error setting OHLC batch: Object of type datetime is not JSON serializable
INFO:root:💾 Saved 500 records in 0.08s (6142 rec/s) | 11 15min, 245 hourly, 244 daily | Queue: 0
ERROR:cache_service:Error setting OHLC batch: Object of type datetime is not JSON serializable
INFO:root:💾 Saved 500 records in 0.11s (4424 rec/s) | 11 15min, 244 hourly, 245 daily | Queue: 0
ERROR:cache_service:Error setting OHLC batch: Object of type datetime is not JSON serializable
INFO:root:💾 Saved 147 records in 0.04s (3739 rec/s) | 3 15min, 72 hourly, 72 daily | Queue: 0
INFO:root:📊 STATUS: 18,791,234 received | 18,789,094 processed | 2140 buffered | 411 active | ProcQ: 0 | DBQ: 0 | 1,953,018 saved | Failed: 0 | Vol: TEXINFRA:154,476, DPWIRES:8,562
INFO:root:📊 STATUS: 18,803,064 received | 18,789,094 processed | 13970 buffered | 530 active | ProcQ: 0 | DBQ: 0 | 1,953,018 saved | Failed: 0 | Vol: TEXINFRA:154,476, DPWIRES:8,562
INFO:root:⏰ Interval update (60s): 10:01:14 UTC
INFO:root:📤 Queued 22802 ticks from 546 instruments | Processing queue: 1
ERROR:cache_service:Error setting OHLC batch: Object of type datetime is not JSON serializable
INFO:root:💾 Saved 500 records in 1.16s (433 rec/s) | 57 15min, 222 hourly, 221 daily | Queue: 0
ERROR:cache_service:Error setting OHLC batch: Object of type datetime is not JSON serializable
INFO:root:💾 Saved 500 records in 0.89s (562 rec/s) | 53 15min, 223 hourly, 224 daily | Queue: 0
ERROR:cache_service:Error setting OHLC batch: Object of type datetime is not JSON serializable
INFO:root:💾 Saved 223 records in 0.37s (608 rec/s) | 21 15min, 101 hourly, 101 daily | Queue: 0
INFO:root:📊 STATUS: 18,813,264 received | 18,811,896 processed | 1368 buffered | 171 active | ProcQ: 0 | DBQ: 0 | 1,954,241 saved | Failed: 0 | Vol: TEXINFRA:154,476, DPWIRES:8,562
INFO:root:📊 STATUS: 18,825,901 received | 18,811,896 processed | 14005 buffered | 2553 active | ProcQ: 0 | DBQ: 0 | 1,954,241 saved | Failed: 0 | Vol: TEXINFRA:154,476, DPWIRES:8,562
